0	0	0	0	0	0	0	0	0	0	0	0	0	0	0	0	0	0	0	0	0	0	0	0	0	0	0	0	0	
11.2312	13.2546	15.7726	18.9415	22.9796	28.1972	35.0446	44.1903	56.6525	74.028	98.9068	135.654	191.957	282.003	429.895	282.003	191.957	135.654	98.9068	74.028	56.6525	44.1903	35.0446	28.1972	22.9796	18.9415	15.7726	13.2546	11.2312	
13.8463	16.3408	19.445	23.3518	28.3301	34.7625	43.2042	54.4794	69.8432	91.2643	121.936	167.239	236.652	347.663	529.987	347.663	236.652	167.239	121.936	91.2643	69.8432	54.4794	43.2042	34.7625	28.3301	23.3518	19.445	16.3408	13.8463	
16.7328	19.7473	23.4987	28.2199	34.236	42.0095	52.211	65.8367	84.4034	110.29	147.356	202.103	285.987	420.141	640.47	420.141	285.987	202.103	147.356	110.29	84.4034	65.8367	52.211	42.0095	34.236	28.2199	23.4987	19.7473	16.7328	
19.961	23.5571	28.0323	33.6643	40.8411	50.1143	62.284	78.5384	100.687	131.568	175.785	241.095	341.161	501.198	764.03	501.198	341.161	241.095	175.785	131.568	100.687	78.5384	62.284	50.1143	40.8411	33.6643	28.0323	23.5571	19.961	
23.5843	27.8331	33.1206	39.775	48.2545	59.2108	73.5895	92.7944	118.963	155.45	207.693	284.857	403.088	592.173	902.708	592.173	403.088	284.857	207.693	155.45	118.963	92.7944	73.5895	59.2108	48.2545	39.775	33.1206	27.8331	23.5843	
27.6529	32.6347	38.8343	46.6366	56.579	69.4254	86.2847	108.803	139.486	182.267	243.522	333.999	472.626	694.33	1058.43	694.33	472.626	333.999	243.522	182.267	139.486	108.803	86.2847	69.4254	56.579	46.6366	38.8343	32.6347	27.6529	
32.218	38.0223	45.2454	54.3358	65.9195	80.8867	100.529	126.765	162.514	212.357	283.725	389.138	550.65	808.956	1233.15	808.956	550.65	389.138	283.725	212.357	162.514	126.765	100.529	80.8867	65.9195	54.3358	45.2454	38.0223	32.218	
37.3335	44.0594	52.4294	62.9631	76.386	93.7297	116.491	146.892	188.317	246.075	328.774	450.924	638.081	937.4	1428.94	937.4	638.081	450.924	328.774	246.075	188.317	146.892	116.491	93.7297	76.386	62.9631	52.4294	44.0594	37.3335	
43.0566	50.8135	60.4666	72.6151	88.0957	108.098	134.349	169.41	217.186	283.797	379.174	520.049	735.897	1081.1	1647.98	1081.1	735.897	520.049	379.174	283.797	217.186	169.41	134.349	108.098	88.0957	72.6151	60.4666	50.8135	43.0566	
49.4486	58.3571	69.4432	83.3952	101.174	124.146	154.293	194.56	249.428	325.928	435.464	597.253	845.144	1241.59	1892.61	1241.59	845.144	597.253	435.464	325.928	249.428	194.56	154.293	124.146	101.174	83.3952	69.4432	58.3571	49.4486	
56.5752	66.7676	79.4515	95.4143	115.755	142.038	176.531	222.6	285.376	372.902	498.224	683.331	966.949	1420.54	2165.35	1420.54	966.949	683.331	498.224	372.902	285.376	222.6	176.531	142.038	115.755	95.4143	79.4515	66.7676	56.5752	
64.5074	76.1288	90.591	108.792	131.985	161.953	201.281	253.81	325.387	425.185	568.078	779.138	1102.52	1619.7	2468.92	1619.7	1102.52	779.138	568.078	425.185	325.387	253.81	201.281	161.953	131.985	108.792	90.591	76.1288	64.5074	
73.3211	86.5304	102.969	123.656	150.018	184.08	228.782	288.488	369.845	483.278	645.695	885.592	1253.16	1841.01	2806.21	1841.01	1253.16	885.592	645.695	483.278	369.845	288.488	228.782	184.08	150.018	123.656	102.969	86.5304	73.3211	
83.0983	98.069	116.699	140.146	170.023	208.627	259.29	326.958	419.163	547.722	731.797	1003.68	1420.27	2086.5	3180.36	2086.5	1420.27	1003.68	731.797	547.722	419.163	326.958	259.29	208.627	170.023	140.146	116.699	98.069	83.0983	
93.927	110.849	131.907	158.408	192.179	235.814	293.079	369.564	473.786	619.097	827.159	1134.48	1605.34	2358.4	3594.72	2358.4	1605.34	1134.48	827.159	619.097	473.786	369.564	293.079	235.814	192.179	158.408	131.907	110.849	93.927	
105.902	124.981	148.723	178.604	216.68	265.878	330.444	416.68	534.189	698.027	932.614	1279.11	1810.01	2659.07	4052.91	2659.07	1810.01	1279.11	932.614	698.027	534.189	416.68	330.444	265.878	216.68	178.604	148.723	124.981	105.902	
119.124	140.586	167.293	200.904	243.734	299.075	371.702	468.706	600.886	785.18	1049.06	1438.82	2036	2991.07	4558.76	2991.07	2036	1438.82	1049.06	785.18	600.886	468.706	371.702	299.075	243.734	200.904	167.293	140.586	119.124	
133.704	157.792	187.768	225.493	273.565	335.679	417.195	526.072	674.43	881.28	1177.45	1614.92	2285.19	3357.16	5116.36	3357.16	2285.19	1614.92	1177.45	881.28	674.43	526.072	417.195	335.679	273.565	225.493	187.768	157.792	133.704	
149.759	176.739	210.314	252.569	306.413	375.986	467.29	589.24	755.412	987.1	1318.84	1808.83	2559.59	3760.27	5729.99	3760.27	2559.59	1808.83	1318.84	987.1	755.412	589.24	467.29	375.986	306.413	252.569	210.314	176.739	149.759	
167.404	197.563	235.094	282.328	342.517	420.286	522.348	658.667	844.418	1103.4	1474.23	2021.95	2861.17	4203.32	6406.14	4203.32	2861.17	2021.95	1474.23	1103.4	844.418	658.667	522.348	420.286	342.517	282.328	235.094	197.563	167.404	
186.784	220.434	262.31	315.012	382.168	468.941	582.818	734.918	942.173	1231.14	1644.89	2256.03	3192.4	4689.92	7148.14	4689.92	3192.4	2256.03	1644.89	1231.14	942.173	734.918	582.818	468.941	382.168	315.012	262.31	220.434	186.784	
208.039	245.519	292.16	350.859	425.657	522.304	649.14	818.548	1049.39	1371.24	1832.08	2512.75	3555.68	5223.61	7961.83	5223.61	3555.68	2512.75	1832.08	1371.24	1049.39	818.548	649.14	522.304	425.657	350.859	292.16	245.519	208.039	
231.322	272.997	324.858	390.126	473.296	580.759	721.791	910.159	1166.83	1524.71	2037.12	2793.98	3953.62	5808.23	8853.12	5808.23	3953.62	2793.98	2037.12	1524.71	1166.83	910.159	721.791	580.759	473.296	390.126	324.858	272.997	231.322	
256.798	303.061	360.634	433.09	525.419	644.717	801.281	1010.39	1295.33	1692.62	2261.46	3101.67	4389.03	6447.88	9828.28	6447.88	4389.03	3101.67	2261.46	1692.62	1295.33	1010.39	801.281	644.717	525.419	433.09	360.634	303.061	256.798	
284.639	335.918	399.733	480.044	582.384	714.616	888.153	1119.94	1435.77	1876.13	2506.64	3437.95	4864.87	7146.94	10894	7146.94	4864.87	3437.95	2506.64	1876.13	1435.77	1119.94	888.153	714.616	582.384	480.044	399.733	335.918	284.639	
315.032	371.787	442.416	531.303	644.57	790.921	982.989	1239.52	1589.08	2076.46	2774.3	3805.05	5384.34	7910.08	12057.4	7910.08	5384.34	3805.05	2774.3	2076.46	1589.08	1239.52	982.989	790.921	644.57	531.303	442.416	371.787	315.032	
348.176	410.902	488.962	587.2	712.384	874.133	1086.41	1369.93	1756.27	2294.92	3066.18	4205.37	5950.81	8742.29	13326.1	8742.29	5950.81	4205.37	3066.18	2294.92	1756.27	1369.93	1086.41	874.133	712.384	587.2	488.962	410.902	348.176	
384.282	453.513	539.667	648.093	786.257	964.78	1199.07	1511.99	1938.39	2532.9	3384.14	4641.46	6567.91	9648.86	14708.2	9648.86	6567.91	4641.46	3384.14	2532.9	1938.39	1511.99	1199.07	964.78	786.257	648.093	539.667	453.513	384.282	
423.574	499.884	594.847	714.359	866.651	1063.43	1321.67	1666.59	2136.59	2791.89	3730.16	5116.04	7239.47	10635.4	16212.2	10635.4	7239.47	5116.04	3730.16	2791.89	2136.59	1666.59	1321.67	1063.43	866.651	714.359	594.847	499.884	423.574	
466.292	550.298	654.838	786.403	954.055	1170.68	1454.96	1834.67	2352.07	3073.45	4106.36	5632.01	7969.58	11708	17847.4	11708	7969.58	5632.01	4106.36	3073.45	2352.07	1834.67	1454.96	1170.68	954.055	786.403	654.838	550.298	466.292	
512.691	605.055	719.998	864.654	1048.99	1287.16	1599.74	2017.23	2586.11	3379.28	4514.96	6192.42	8762.59	12873	19623.4	12873	8762.59	6192.42	4514.96	3379.28	2586.11	2017.23	1599.74	1287.16	1048.99	864.654	719.998	605.055	512.691	
563.039	664.474	790.705	949.567	1152	1413.57	1756.84	2215.33	2840.07	3711.14	4958.35	6800.54	9623.12	14137.2	21550.7	14137.2	9623.12	6800.54	4958.35	3711.14	2840.07	2215.33	1756.84	1413.57	1152	949.567	790.705	664.474	563.039	
617.625	728.894	867.362	1041.63	1263.69	1550.61	1927.16	2430.1	3115.41	4070.92	5439.05	7459.84	10556.1	15507.8	23640.2	15507.8	10556.1	7459.84	5439.05	4070.92	3115.41	2430.1	1927.16	1550.61	1263.69	1041.63	867.362	728.894	617.625	
676.751	798.673	950.397	1141.34	1384.66	1699.06	2111.65	2662.74	3413.66	4460.64	5959.74	8173.99	11566.6	16992.4	25903.5	16992.4	11566.6	8173.99	5959.74	4460.64	3413.66	2662.74	2111.65	1699.06	1384.66	1141.34	950.397	798.673	676.751	
740.742	874.192	1040.26	1249.26	1515.59	1859.71	2311.32	2914.52	3736.44	4882.42	6523.27	8946.89	12660.3	18599.1	28352.9	18599.1	12660.3	8946.89	6523.27	4882.42	3736.44	2914.52	2311.32	1859.71	1515.59	1249.26	1040.26	874.192	740.742	
809.939	955.855	1137.44	1365.96	1657.17	2033.44	2527.24	3186.78	4085.48	5338.51	7132.64	9782.66	13843	20336.6	31001.7	20336.6	13843	9782.66	7132.64	5338.51	4085.48	3186.78	2527.24	2033.44	1657.17	1365.96	1137.44	955.855	809.939	
884.703	1044.09	1242.43	1492.06	1810.14	2221.14	2760.52	3480.94	4462.61	5831.31	7791.05	10685.7	15120.8	22213.8	33863.6	22213.8	15120.8	10685.7	7791.05	5831.31	4462.61	3480.94	2760.52	2221.14	1810.14	1492.06	1242.43	1044.09	884.703	
965.42	1139.35	1355.79	1628.18	1975.29	2423.79	3012.38	3798.53	4869.76	6363.33	8501.87	11660.6	16500.4	24240.5	36953.4	24240.5	16500.4	11660.6	8501.87	6363.33	4869.76	3798.53	3012.38	2423.79	1975.29	1628.18	1355.79	1139.35	965.42	
1052.49	1242.11	1478.07	1775.03	2153.45	2642.4	3284.07	4141.13	5308.97	6937.26	9268.68	12712.3	17988.6	26426.9	40286.5	26426.9	17988.6	12712.3	9268.68	6937.26	5308.97	4141.13	3284.07	2642.4	2153.45	1775.03	1478.07	1242.11	1052.49	
1146.35	1352.88	1609.88	1933.33	2345.49	2878.04	3576.94	4510.43	5782.42	7555.91	10095.2	13846	19592.8	28783.6	43879.3	28783.6	19592.8	13846	10095.2	7555.91	5782.42	4510.43	3576.94	2878.04	2345.49	1933.33	1609.88	1352.88	1146.35	
1247.45	1472.19	1751.86	2103.83	2552.34	3131.86	3892.4	4908.21	6292.38	8222.28	10985.6	15067.1	21320.7	31322	47749.3	31322	21320.7	15067.1	10985.6	8222.28	6292.38	4908.21	3892.4	3131.86	2552.34	2103.83	1751.86	1472.19	1247.45	
1356.27	1600.61	1904.68	2287.35	2774.99	3405.06	4231.94	5336.36	6841.28	8939.52	11943.9	16381.4	23180.5	34054.3	51914.8	34054.3	23180.5	16381.4	11943.9	8939.52	6841.28	5336.36	4231.94	3405.06	2774.99	2287.35	1904.68	1600.61	1356.27	
0	1746.62	2078.43	2496.01	3028.13	3715.68	4617.99	5823.16	7465.36	9755.02	13033.4	17875.8	25295.1	37160.9	56650.9	37160.9	25295.1	17875.8	13033.4	9755.02	7465.36	5823.16	4617.99	3715.68	3028.13	2496.01	2078.43	1746.62	1479.99	
0	1895.76	2255.9	2709.13	3286.69	4032.94	5012.3	6320.37	8102.79	10587.9	14146.3	19402.1	27454.9	40333.8	61488.2	40333.8	27454.9	19402.1	14146.3	10587.9	8102.79	6320.37	5012.3	4032.94	3286.69	2709.13	2255.9	1895.76	1606.36	
0	2055.94	2446.51	2938.05	3564.4	4373.71	5435.82	6854.42	8787.44	11482.6	15341.6	21041.5	29774.8	43741.9	66684	43741.9	29774.8	21041.5	15341.6	11482.6	8787.44	6854.42	5435.82	4373.71	3564.4	2938.05	2446.51	2055.94	1742.09	
0	2227.88	2651.11	3183.75	3862.48	4739.47	5890.41	7427.65	9522.32	12442.9	16624.6	22801.1	32264.8	47400	72260.9	47400	32264.8	22801.1	16624.6	12442.9	9522.32	7427.65	5890.41	4739.47	3862.48	3183.75	2651.11	2227.88	1887.78	
0	2412.31	2870.57	3447.31	4182.23	5131.82	6378.03	8042.52	10310.6	13472.9	18000.8	24688.7	34935.7	51323.8	78243	51323.8	34935.7	24688.7	18000.8	13472.9	10310.6	8042.52	6378.03	5131.82	4182.23	3447.31	2870.57	2412.31	2044.06	
0	2610.01	3105.83	3729.83	4524.98	5552.4	6900.74	8701.65	11155.6	14577.1	19476	26712	37798.9	55530.1	84655.7	55530.1	37798.9	26712	19476	14577.1	11155.6	8701.65	6900.74	5552.4	4524.98	3729.83	3105.83	2610.01	2211.58	
0	2821.8	3357.86	4032.5	4892.17	6002.96	7460.71	9407.76	12060.8	15760	21056.5	28879.6	40866.2	60036.2	91525.6	60036.2	40866.2	28879.6	21056.5	15760	12060.8	9407.76	7460.71	6002.96	4892.17	4032.5	3357.86	2821.8	2391.04	
0	3048.55	3627.69	4356.54	5285.29	6485.34	8060.24	10163.7	13030	17026.4	22748.5	31200.3	44150.1	64860.5	98880.6	64860.5	44150.1	31200.3	22748.5	17026.4	13030	10163.7	8060.24	6485.34	5285.29	4356.54	3627.69	3048.55	2583.18	
0	3291.17	3916.4	4703.25	5705.92	7001.47	8701.71	10972.6	14067	18381.4	24558.9	33683.4	47663.7	70022.4	106750	70022.4	47663.7	33683.4	24558.9	18381.4	14067	10972.6	8701.71	7001.47	5705.92	4703.25	3916.4	3291.17	2788.76	
0	3550.61	4225.12	5074	6155.71	7553.39	9387.65	11837.6	15175.9	19830.4	26494.9	36338.6	51421	75542.2	115166	75542.2	51421	36338.6	26494.9	19830.4	15175.9	11837.6	9387.65	7553.39	6155.71	5074	4225.12	3550.61	3008.59	
0	3827.87	4555.06	5470.22	6636.41	8143.22	10120.7	12762	16361	21378.9	28563.8	39176.3	55436.4	81441.2	124159	81441.2	55436.4	39176.3	28563.8	21378.9	16361	12762	10120.7	8143.22	6636.41	5470.22	4555.06	3827.87	3243.53	
0	4124.02	4907.46	5893.43	7149.83	8773.22	10903.7	13749.3	17626.7	23032.9	30773.7	42207.1	59725.2	87741.8	133765	87741.8	59725.2	42207.1	30773.7	23032.9	17626.7	13749.3	10903.7	8773.22	7149.83	5893.43	4907.46	4124.02	3494.46	
0	4440.14	5283.64	6345.19	7697.9	9445.73	11739.5	14803.2	18977.9	24798.5	33132.6	45442.5	64303.5	94467.7	144019	94467.7	64303.5	45442.5	33132.6	24798.5	18977.9	14803.2	11739.5	9445.73	7697.9	6345.19	5283.64	4440.14	3762.33	
0	4777.42	5684.98	6827.17	8282.63	10163.2	12631.3	15927.7	20419.5	26682.2	35649.4	48894.3	69188	101643	154959	101643	69188	48894.3	35649.4	26682.2	20419.5	15927.7	12631.3	10163.2	8282.63	6827.17	5684.98	4777.42	4048.12	
0	5137.05	6112.94	7341.1	8906.13	10928.3	13582.1	17126.7	21956.6	28690.8	38333	52575	74396.3	109295	166625	109295	74396.3	52575	38333	28690.8	21956.6	17126.7	13582.1	10928.3	8906.13	7341.1	6112.94	5137.05	4352.85	
0	5520.33	6569.03	7888.82	9570.62	11743.7	14595.5	18404.5	23594.8	30831.4	41193	56497.6	79947	117449	179057	117449	79947	56497.6	41193	30831.4	23594.8	18404.5	14595.5	11743.7	9570.62	7888.82	6569.03	5520.33	4677.62	
0	5928.58	7054.83	8472.24	10278.4	12612.2	15674.9	19765.6	25339.7	33111.5	44239.4	60675.8	85859.4	126135	192299	126135	85859.4	60675.8	44239.4	33111.5	25339.7	19765.6	15674.9	12612.2	10278.4	8472.24	7054.83	5928.58	5023.55	
0	6363.21	7572.03	9093.35	11031.9	13536.8	16824	21214.7	27197.4	35539	47482.7	65124.1	92153.9	135383	206398	135383	92153.9	65124.1	47482.7	35539	27197.4	21214.7	16824	13536.8	11031.9	9093.35	7572.03	6363.21	5391.84	
0	6825.69	8122.37	9754.25	11833.7	14520.6	18046.8	22756.5	29174.1	38122	50933.7	69857.3	98851.7	145222	221399	145222	98851.7	69857.3	50933.7	38122	29174.1	22756.5	18046.8	14520.6	11833.7	9754.25	8122.37	6825.69	5783.71	
0	7317.55	8707.67	10457.1	12686.5	15567	19347.3	24396.4	31276.4	40869	54604	74891.2	105975	155687	237354	155687	105975	74891.2	54604	40869	31276.4	24396.4	19347.3	15567	12686.5	10457.1	8707.67	7317.55	6200.49	
0	7840.4	9329.85	11204.3	13593	16679.3	20729.7	26139.6	33511.2	43789.2	58505.6	80242.4	113547	166811	254314	166811	113547	80242.4	58505.6	43789.2	33511.2	26139.6	20729.7	16679.3	13593	11204.3	9329.85	7840.4	6643.53	
0	8395.93	9990.91	11998.2	14556.1	17861.1	22198.5	27991.6	35885.6	46891.9	62650.9	85927.9	121592	178630	272333	178630	121592	85927.9	62650.9	46891.9	35885.6	27991.6	22198.5	17861.1	14556.1	11998.2	9990.91	8395.93	7114.25	
0	8985.88	10692.9	12841.3	15578.9	19116.1	23758.3	29958.5	38407.2	50186.8	67053.2	91965.7	130136	191182	291470	191182	130136	91965.7	67053.2	50186.8	38407.2	29958.5	23758.3	19116.1	15578.9	12841.3	10692.9	8985.88	7614.15	
0	9612.11	11438.1	13736.2	16664.6	20448.3	25414	32046.3	41083.7	53684.3	71726.1	98374.8	139205	204506	311783	204506	139205	98374.8	71726.1	53684.3	41083.7	32046.3	25414	20448.3	16664.6	13736.2	11438.1	9612.11	8144.77	
0	10276.5	12228.8	14685.7	17816.5	21861.7	27170.6	34261.4	43923.5	57395.1	76684	105175	148828	218641	333335	218641	148828	105175	76684	57395.1	43923.5	34261.4	27170.6	21861.7	17816.5	14685.7	12228.8	10276.5	8707.76	
0	10981.1	13067.2	15692.6	19038	23360.7	29033.6	36610.5	46935.1	61330.3	81941.7	112386	159032	233632	356190	233632	159032	112386	81941.7	61330.3	46935.1	36610.5	29033.6	23360.7	19038	15692.6	13067.2	10981.1	9304.8	
0	11728	13956	16759.9	20332.9	24949.6	31008.3	39100.6	50127.4	65501.7	87515.1	120030	169848	249523	380417	249523	169848	120030	87515.1	65501.7	50127.4	39100.6	31008.3	24949.6	20332.9	16759.9	13956	11728	9937.67	
0	12519.4	14897.7	17890.8	21704.9	26633	33100.6	41739	53509.8	69921.5	93420.2	128129	181309	266360	406087	266360	181309	128129	93420.2	69921.5	53509.8	41739	33100.6	26633	21704.9	17890.8	14897.7	12519.4	10608.2	
0	13357.5	15895	19088.5	23157.9	28416	35316.5	44533.2	57092	74602.3	99674.2	136706	193447	284191	433273	284191	193447	136706	99674.2	74602.3	57092	44533.2	35316.5	28416	23157.9	19088.5	15895	13357.5	11318.4	
0	14244.7	16950.8	20356.4	24696.1	30303.4	37662.3	47491.1	60884.2	79557.6	106295	145787	206296	303067	462052	303067	206296	145787	106295	79557.6	60884.2	47491.1	37662.3	30303.4	24696.1	20356.4	16950.8	14244.7	12070.2	
0	15183.5	18067.9	21698	26323.7	32300.6	40144.5	50621.1	64896.9	84801	113300	155395	219892	323042	492506	323042	219892	155395	113300	84801	64896.9	50621.1	40144.5	32300.6	26323.7	21698	18067.9	15183.5	12865.7	
0	16176.5	19249.6	23117.1	28045.3	34413.1	42770	53931.8	69141.2	90347	120710	165558	234273	344169	524717	344169	234273	165558	120710	90347	69141.2	53931.8	42770	34413.1	28045.3	23117.1	19249.6	16176.5	13707.1	
0	17226.4	20498.9	24617.4	29865.5	36646.6	45545.9	57432.1	73628.6	96210.7	128545	176303	249478	366506	558773	366506	249478	176303	128545	96210.7	73628.6	57432.1	45545.9	36646.6	29865.5	24617.4	20498.9	17226.4	14596.7	
0	18336	21819.3	26203	31789.2	39007	48479.5	61131.3	78371	102408	136824	187659	265547	390113	594765	390113	265547	187659	136824	102408	78371	61131.3	48479.5	39007	31789.2	26203	21819.3	18336	15536.9	
0	19508.1	23214.1	27878.1	33821.4	41500.6	51578.6	65039.2	83381	108954	145571	199655	282523	415052	632787	415052	282523	199655	145571	108954	83381	65039.2	51578.6	41500.6	33821.4	27878.1	23214.1	19508.1	16530.1	
0	20745.9	24687	29647	35967.3	44133.8	54851.3	69165.9	88671.5	115867	154807	212323	300449	441386	672938	441386	300449	212323	154807	115867	88671.5	69165.9	54851.3	44133.8	35967.3	29647	24687	20745.9	17578.9	
0	22052.5	26241.8	31514.1	38232.5	46913.3	58305.8	73522	94256	123165	164557	225695	319371	469185	715321	469185	319371	225695	164557	123165	94256	73522	58305.8	46913.3	38232.5	31514.1	26241.8	22052.5	18686.1	
0	23431.1	27882.4	33484.3	40622.7	49846.2	61950.8	78118.3	100149	130865	174845	239805	339337	498517	760041	498517	339337	239805	174845	130865	100149	78118.3	61950.8	49846.2	40622.7	33484.3	27882.4	23431.1	19854.3	
0	24885.3	29612.7	35562.3	43143.7	52939.6	65795.5	82966.3	106364	138986	185695	254687	360396	529455	807210	529455	360396	254687	185695	138986	106364	82966.3	65795.5	52939.6	43143.7	35562.3	29612.7	24885.3	21086.4	
0	26418.4	31437.2	37753.3	45801.8	56201.2	69849.1	88077.9	112917	147549	197136	270379	382600	562074	856944	562074	382600	270379	197136	147549	112917	88077.9	69849.1	56201.2	45801.8	37753.3	31437.2	26418.4	22385.5	
0	28034.3	33360	40062.5	48603.3	59638.8	74121.5	93465.2	119823	156574	209194	286917	406002	596454	909361	596454	406002	286917	209194	156574	119823	93465.2	74121.5	59638.8	48603.3	40062.5	33360	28034.3	23754.8	
0	29736.8	35385.9	42495.4	51554.9	63260.6	78622.8	99141.2	127100	166082	221898	304340	430657	632675	964585	632675	430657	304340	221898	166082	127100	99141.2	78622.8	63260.6	51554.9	42495.4	35385.9	29736.8	25197.3	
0	31529.8	37519.6	45057.7	54663.4	67074.9	83363.4	105119	134764	176096	235277	322691	456624	670823	1.02275e+06	670823	456624	322691	235277	176096	134764	105119	83363.4	67074.9	54663.4	45057.7	37519.6	31529.8	26716.6	
0	33417.5	39765.8	47755.3	57936.1	71090.7	88354.4	111412	142832	186639	249363	342010	483962	710985	1.08398e+06	710985	483962	342010	249363	186639	142832	111412	88354.4	71090.7	57936.1	47755.3	39765.8	33417.5	28316.2	
0	35404.2	42129.9	50594.3	61380.4	75317	93607	118036	151323	197735	264188	362343	512734	753253	1.14842e+06	753253	512734	362343	264188	197735	151323	118036	93607	75317	61380.4	50594.3	42129.9	35404.2	29999.5	
0	37494.2	44617	53581.1	65003.9	79763.3	99133	125004	160257	209408	279784	383733	543003	797721	1.21622e+06	797721	543003	383733	279784	209408	160257	125004	99133	79763.3	65003.9	53581.1	44617	37494.2	31770.5	
0	39692.3	47232.7	56722.3	68814.8	84439.4	104945	132332	169652	221684	296186	406230	574836	844487	1.28753e+06	844487	574836	406230	296186	221684	169652	132332	104945	84439.4	68814.8	56722.3	47232.7	39692.3	33633.1	
0	42003.2	49982.6	60024.7	72821.2	89355.6	111055	140037	179529	234591	313431	429881	608303	893654	1.36249e+06	893654	608303	429881	313431	234591	179529	140037	111055	89355.6	72821.2	60024.7	49982.6	42003.2	35591.2	
0	44431.9	52872.7	63495.5	77031.9	94522.2	117476	148134	189910	248156	331554	454737	643477	945326	1.44127e+06	945326	643477	454737	331554	248156	189910	148134	117476	94522.2	77031.9	63495.5	52872.7	44431.9	37649.2	
0	46983.6	55909.1	67141.9	81455.7	99950.4	124222	156641	200816	262407	350594	480852	680430	999614	1.52404e+06	999614	680430	480852	350594	262407	200816	156641	124222	99950.4	81455.7	67141.9	55909.1	46983.6	39811.3	
0	49663.4	59098	70971.6	86101.8	105651	131308	165576	212270	277374	370592	508279	719241	1.05663e+06	1.61097e+06	1.05663e+06	719241	508279	370592	277374	212270	165576	131308	105651	86101.8	70971.6	59098	49663.4	42082.1	
0	52477.1	62446.2	74992.4	90979.8	111637	138747	174956	224296	293088	391587	537075	759989	1.11649e+06	1.70224e+06	1.11649e+06	759989	537075	391587	293088	224296	174956	138747	111637	90979.8	74992.4	62446.2	52477.1	44466.2	
0	55430.2	65960.4	79212.6	96099.7	117919	146555	184802	236918	309582	413624	567299	802757	1.17932e+06	1.79804e+06	1.17932e+06	802757	567299	413624	309582	236918	184802	146555	117919	96099.7	79212.6	65960.4	55430.2	46968.5	
0	58528.8	69647.5	83640.6	101472	124511	154747	195132	250162	326887	436745	599011	847631	1.24525e+06	1.89855e+06	1.24525e+06	847631	599011	436745	326887	250162	195132	154747	124511	101472	83640.6	69647.5	58528.8	49594.1	
0	61778.8	73515	88285.1	107106	131425	163340	205968	264053	345039	460997	632274	894700	1.3144e+06	2.00398e+06	1.3144e+06	894700	632274	460997	345039	264053	205968	163340	131425	107106	88285.1	73515	61778.8	52348	
0	65186.8	77570.4	93155.2	113015	138675	172351	217330	278619	364073	486428	667152	944054	1.3869e+06	2.11453e+06	1.3869e+06	944054	667152	486428	364073	278619	217330	172351	138675	113015	93155.2	77570.4	65186.8	55235.7	
0	68759.1	81821.3	98260.3	119208	146275	181796	229240	293888	384025	513085	703713	995790	1.46291e+06	2.23041e+06	1.46291e+06	995790	703713	513085	384025	293888	229240	181796	146275	119208	98260.3	81821.3	68759.1	58262.7	
0	72502.7	86276	103610	125698	154238	191694	241721	309888	404932	541019	742026	1.05001e+06	1.54255e+06	2.35185e+06	1.54255e+06	1.05001e+06	742026	541019	404932	309888	241721	191694	154238	125698	103610	86276	72502.7	61434.8	
0	76424.4	90942.8	109214	132497	162581	202063	254795	326651	426836	570283	782163	1.1068e+06	1.62599e+06	2.47906e+06	1.62599e+06	1.1068e+06	782163	570283	426836	326651	254795	202063	162581	132497	109214	90942.8	76424.4	64757.8	
0	80531.6	95830.2	115084	139618	171319	212922	268489	344205	449775	600931	824198	1.16628e+06	1.71338e+06	2.6123e+06	1.71338e+06	1.16628e+06	824198	600931	449775	344205	268489	212922	171319	139618	115084	95830.2	80531.6	68238	
0	84831.7	100947	121229	147073	180467	224291	282825	362585	473791	633019	868207	1.22856e+06	1.80486e+06	2.75179e+06	1.80486e+06	1.22856e+06	868207	633019	473791	362585	282825	224291	180467	147073	121229	100947	84831.7	71881.7	
0	89332.4	106303	127661	154876	190041	236191	297830	381822	498928	666604	914270	1.29374e+06	1.90062e+06	2.89778e+06	1.90062e+06	1.29374e+06	914270	666604	498928	381822	297830	236191	190041	154876	127661	106303	89332.4	75695.4	
0	94041.8	111907	134390	163041	200060	248642	313531	401950	525230	701746	962468	1.36194e+06	2.00082e+06	3.05055e+06	2.00082e+06	1.36194e+06	962468	701746	525230	401950	313531	248642	200060	163041	134390	111907	94041.8	79685.9	
0	98968	117769	141430	171581	210540	261667	329955	423006	552743	738505	1.01289e+06	1.43328e+06	2.10563e+06	3.21035e+06	2.10563e+06	1.43328e+06	1.01289e+06	738505	552743	423006	329955	261667	210540	171581	141430	117769	98968	83860.1	
0	104120	123899	148792	180513	221499	275288	347130	445025	581516	776947	1.06561e+06	1.50789e+06	2.21523e+06	3.37747e+06	2.21523e+06	1.50789e+06	1.06561e+06	776947	581516	445025	347130	275288	221499	180513	148792	123899	104120	88225.3	
0	109505	130308	156489	189850	232956	289527	365086	468045	611596	817136	1.12073e+06	1.58589e+06	2.32982e+06	3.55218e+06	2.32982e+06	1.58589e+06	1.12073e+06	817136	611596	468045	365086	289527	232956	189850	156489	130308	109505	92788.9	
0	115134	137007	164533	199609	244931	304410	383853	492104	643034	859141	1.17834e+06	1.66741e+06	2.44958e+06	3.73478e+06	2.44958e+06	1.66741e+06	1.17834e+06	859141	643034	492104	383853	304410	244931	199609	164533	137007	115134	97558.7	
0	121016	144006	172938	209806	257443	319961	403462	517243	675883	903029	1.23854e+06	1.75259e+06	2.57472e+06	3.92557e+06	2.57472e+06	1.75259e+06	1.23854e+06	903029	675883	517243	403462	319961	257443	209806	172938	144006	121016	102542	
0	127160	151316	181718	220458	270513	336205	423945	543502	710197	948875	1.30141e+06	1.84157e+06	2.70543e+06	4.12487e+06	2.70543e+06	1.84157e+06	1.30141e+06	948875	710197	543502	423945	336205	270513	220458	181718	151316	127160	107748	
0	133576	158951	190887	231581	284162	353168	445336	570925	746030	996751	1.36708e+06	1.93448e+06	2.84194e+06	4.333e+06	2.84194e+06	1.93448e+06	1.36708e+06	996751	746030	570925	445336	353168	284162	231581	190887	158951	133576	113185	
0	140274	166922	200459	243194	298412	370878	467667	599555	783441	1.04673e+06	1.43563e+06	2.03149e+06	2.98445e+06	4.55028e+06	2.98445e+06	2.03149e+06	1.43563e+06	1.04673e+06	783441	599555	467667	370878	298412	243194	200459	166922	140274	118861	
0	147265	175241	210450	255315	313285	389363	490976	629436	822487	1.0989e+06	1.50718e+06	2.13274e+06	3.13319e+06	4.77707e+06	3.13319e+06	2.13274e+06	1.50718e+06	1.0989e+06	822487	629436	490976	389363	313285	255315	210450	175241	147265	124785	
0	154560	183922	220874	267962	328804	408650	515297	660617	863230	1.15334e+06	1.58184e+06	2.23839e+06	3.2884e+06	5.01372e+06	3.2884e+06	2.23839e+06	1.58184e+06	1.15334e+06	863230	660617	515297	408650	328804	267962	220874	183922	154560	130966	
0	162170	192978	231750	281156	344993	428771	540669	693143	905733	1.21012e+06	1.65973e+06	2.3486e+06	3.45031e+06	5.26058e+06	3.45031e+06	2.3486e+06	1.65973e+06	1.21012e+06	905733	693143	540669	428771	344993	281156	231750	192978	162170	137414	
0	170107	202422	243091	294915	361877	449755	567129	727065	950059	1.26935e+06	1.74095e+06	2.46354e+06	3.61917e+06	5.51804e+06	3.61917e+06	2.46354e+06	1.74095e+06	1.26935e+06	950059	727065	567129	449755	361877	294915	243091	202422	170107	144139	
0	178382	212269	254917	309262	379481	471634	594717	762434	996275	1.3311e+06	1.82564e+06	2.58338e+06	3.79522e+06	5.78647e+06	3.79522e+06	2.58338e+06	1.82564e+06	1.3311e+06	996275	762434	594717	471634	379481	309262	254917	212269	178382	151151	
0	187007	222533	267243	324216	397830	494439	623474	799301	1.04445e+06	1.39546e+06	1.91392e+06	2.7083e+06	3.97874e+06	6.06628e+06	3.97874e+06	2.7083e+06	1.91392e+06	1.39546e+06	1.04445e+06	799301	623474	494439	397830	324216	267243	222533	187007	158460	
0	195996	233230	280088	339800	416952	518205	653443	837721	1.09465e+06	1.46254e+06	2.00592e+06	2.83848e+06	4.16998e+06	6.35787e+06	4.16998e+06	2.83848e+06	2.00592e+06	1.46254e+06	1.09465e+06	837721	653443	518205	416952	339800	280088	233230	195996	166076	
0	205361	244374	293471	356036	436875	542966	684665	877748	1.14696e+06	1.53242e+06	2.10176e+06	2.9741e+06	4.36923e+06	6.66166e+06	4.36923e+06	2.9741e+06	2.10176e+06	1.53242e+06	1.14696e+06	877748	684665	542966	436875	356036	293471	244374	205361	174012	
0	215116	255981	307411	372947	457626	568756	717185	919440	1.20144e+06	1.60521e+06	2.20159e+06	3.11537e+06	4.57676e+06	6.97809e+06	4.57676e+06	3.11537e+06	2.20159e+06	1.60521e+06	1.20144e+06	919440	717185	568756	457626	372947	307411	255981	215116	182277	
0	225273	268068	321927	390557	479234	595612	751050	962855	1.25817e+06	1.681e+06	2.30555e+06	3.26247e+06	4.79287e+06	7.30759e+06	4.79287e+06	3.26247e+06	2.30555e+06	1.681e+06	1.25817e+06	962855	751050	595612	479234	390557	321927	268068	225273	190884	
0	235848	280652	337038	408891	501730	623571	786306	1.00805e+06	1.31723e+06	1.75991e+06	2.41378e+06	3.41562e+06	5.01786e+06	7.65063e+06	5.01786e+06	3.41562e+06	2.41378e+06	1.75991e+06	1.31723e+06	1.00805e+06	786306	623571	501730	408891	337038	280652	235848	199844	
0	246854	293749	352767	427972	525145	652671	823000	1.0551e+06	1.3787e+06	1.84204e+06	2.52642e+06	3.57502e+06	5.25203e+06	8.00767e+06	5.25203e+06	3.57502e+06	2.52642e+06	1.84204e+06	1.3787e+06	1.0551e+06	823000	652671	525145	427972	352767	293749	246854	209171	
0	258307	307378	369134	447828	549509	682952	861184	1.10405e+06	1.44266e+06	1.9275e+06	2.64364e+06	3.74088e+06	5.4957e+06	8.3792e+06	5.4957e+06	3.74088e+06	2.64364e+06	1.9275e+06	1.44266e+06	1.10405e+06	861184	682952	549509	447828	369134	307378	258307	218875	
0	270222	321556	386161	468485	574856	714454	900907	1.15497e+06	1.50921e+06	2.01641e+06	2.76558e+06	3.91343e+06	5.74919e+06	8.76571e+06	5.74919e+06	3.91343e+06	2.76558e+06	2.01641e+06	1.50921e+06	1.15497e+06	900907	714454	574856	468485	386161	321556	270222	228971	
0	282614	336302	403870	489969	601219	747219	942222	1.20794e+06	1.57842e+06	2.10888e+06	2.8924e+06	4.0929e+06	6.01285e+06	9.16771e+06	6.01285e+06	4.0929e+06	2.8924e+06	2.10888e+06	1.57842e+06	1.20794e+06	942222	747219	601219	489969	403870	336302	282614	239472	
0	295500	351636	422284	512310	628631	781288	985183	1.26302e+06	1.65039e+06	2.20504e+06	3.02428e+06	4.27952e+06	6.287e+06	9.58572e+06	6.287e+06	4.27952e+06	3.02428e+06	2.20504e+06	1.65039e+06	1.26302e+06	985183	781288	628631	512310	422284	351636	295500	250390	
0	308896	367577	441428	535535	657129	816707	1.02985e+06	1.32027e+06	1.72521e+06	2.305e+06	3.16139e+06	4.47352e+06	6.57202e+06	1.00203e+07	6.57202e+06	4.47352e+06	3.16139e+06	2.305e+06	1.72521e+06	1.32027e+06	1.02985e+06	816707	657129	535535	441428	367577	308896	261741	
0	322819	384145	461325	559673	686749	853519	1.07626e+06	1.37978e+06	1.80297e+06	2.4089e+06	3.30388e+06	4.67516e+06	6.86824e+06	1.04719e+07	6.86824e+06	4.67516e+06	3.30388e+06	2.4089e+06	1.80297e+06	1.37978e+06	1.07626e+06	853519	686749	559673	461325	384145	322819	273539	
0	337287	401362	482000	584756	717527	891771	1.1245e+06	1.44162e+06	1.88377e+06	2.51686e+06	3.45195e+06	4.88469e+06	7.17606e+06	1.09413e+07	7.17606e+06	4.88469e+06	3.45195e+06	2.51686e+06	1.88377e+06	1.44162e+06	1.1245e+06	891771	717527	584756	482000	401362	337287	285798	
0	352317	419247	503479	610814	749502	931511	1.17461e+06	1.50586e+06	1.96772e+06	2.62901e+06	3.60578e+06	5.10236e+06	7.49584e+06	1.14289e+07	7.49584e+06	5.10236e+06	3.60578e+06	2.62901e+06	1.96772e+06	1.50586e+06	1.17461e+06	931511	749502	610814	503479	419247	352317	298534	
0	367928	437824	525788	637879	782712	972786	1.22666e+06	1.57259e+06	2.05491e+06	2.7455e+06	3.76555e+06	5.32845e+06	7.82798e+06	1.19353e+07	7.82798e+06	5.32845e+06	3.76555e+06	2.7455e+06	2.05491e+06	1.57259e+06	1.22666e+06	972786	782712	637879	525788	437824	367928	311762	
0	384139	457114	548954	665984	817198	1.01565e+06	1.2807e+06	1.64188e+06	2.14544e+06	2.86647e+06	3.93146e+06	5.56322e+06	8.17288e+06	1.24611e+07	8.17288e+06	5.56322e+06	3.93146e+06	2.86647e+06	2.14544e+06	1.64188e+06	1.2807e+06	1.01565e+06	817198	665984	548954	457114	384139	325499	
0	400969	477141	573005	695162	853001	1.06014e+06	1.33681e+06	1.71381e+06	2.23944e+06	2.99206e+06	4.1037e+06	5.80695e+06	8.53095e+06	1.30071e+07	8.53095e+06	5.80695e+06	4.1037e+06	2.99206e+06	2.23944e+06	1.71381e+06	1.33681e+06	1.06014e+06	853001	695162	573005	477141	400969	339759	
0	418438	497929	597969	725448	890163	1.10633e+06	1.39505e+06	1.78847e+06	2.337e+06	3.12241e+06	4.28249e+06	6.05994e+06	8.90261e+06	1.35738e+07	8.90261e+06	6.05994e+06	4.28249e+06	3.12241e+06	2.337e+06	1.78847e+06	1.39505e+06	1.10633e+06	890163	725448	597969	497929	418438	354561	
0	436566	519500	623874	756876	928727	1.15426e+06	1.45549e+06	1.86595e+06	2.43825e+06	3.25768e+06	4.46802e+06	6.32247e+06	9.28829e+06	1.41618e+07	9.28829e+06	6.32247e+06	4.46802e+06	3.25768e+06	2.43825e+06	1.86595e+06	1.45549e+06	1.15426e+06	928727	756876	623874	519500	436566	369922	
0	455373	541881	650751	789483	968738	1.20399e+06	1.51819e+06	1.94634e+06	2.54329e+06	3.39802e+06	4.6605e+06	6.59485e+06	9.68844e+06	1.4772e+07	9.68844e+06	6.59485e+06	4.6605e+06	3.39802e+06	2.54329e+06	1.94634e+06	1.51819e+06	1.20399e+06	968738	789483	650751	541881	455373	385858	
0	474882	565096	678631	823306	1.01024e+06	1.25557e+06	1.58324e+06	2.02973e+06	2.65225e+06	3.5436e+06	4.86017e+06	6.87739e+06	1.01035e+07	1.54048e+07	1.01035e+07	6.87739e+06	4.86017e+06	3.5436e+06	2.65225e+06	2.02973e+06	1.58324e+06	1.25557e+06	1.01024e+06	823306	678631	565096	474882	402389	
0	495114	589171	707543	858382	1.05328e+06	1.30906e+06	1.65069e+06	2.1162e+06	2.76525e+06	3.69457e+06	5.06723e+06	7.17039e+06	1.0534e+07	1.60612e+07	1.0534e+07	7.17039e+06	5.06723e+06	3.69457e+06	2.76525e+06	2.1162e+06	1.65069e+06	1.30906e+06	1.05328e+06	858382	707543	589171	495114	419533	
0	516092	614134	737521	894751	1.09791e+06	1.36452e+06	1.72063e+06	2.20586e+06	2.88241e+06	3.85111e+06	5.28192e+06	7.4742e+06	1.09803e+07	1.67417e+07	1.09803e+07	7.4742e+06	5.28192e+06	3.85111e+06	2.88241e+06	2.20586e+06	1.72063e+06	1.36452e+06	1.09791e+06	894751	737521	614134	516092	437308	
0	537838	640011	768597	932452	1.14417e+06	1.42202e+06	1.79313e+06	2.29881e+06	3.00386e+06	4.01338e+06	5.50448e+06	7.78913e+06	1.14429e+07	1.74471e+07	1.14429e+07	7.78913e+06	5.50448e+06	4.01338e+06	3.00386e+06	2.29881e+06	1.79313e+06	1.42202e+06	1.14417e+06	932452	768597	640011	537838	455734	
0	560376	666831	800805	971526	1.19211e+06	1.48161e+06	1.86827e+06	2.39514e+06	3.12974e+06	4.18156e+06	5.73515e+06	8.11553e+06	1.19225e+07	1.81782e+07	1.19225e+07	8.11553e+06	5.73515e+06	4.18156e+06	3.12974e+06	2.39514e+06	1.86827e+06	1.48161e+06	1.19211e+06	971526	800805	666831	560376	474832	
0	583729	694621	834179	1.01201e+06	1.2418e+06	1.54335e+06	1.94613e+06	2.49496e+06	3.26017e+06	4.35582e+06	5.97416e+06	8.45374e+06	1.24193e+07	1.89358e+07	1.24193e+07	8.45374e+06	5.97416e+06	4.35582e+06	3.26017e+06	2.49496e+06	1.94613e+06	1.54335e+06	1.2418e+06	1.01201e+06	834179	694621	583729	494620	
0	607924	723411	868753	1.05396e+06	1.29327e+06	1.60732e+06	2.02679e+06	2.59837e+06	3.3953e+06	4.53636e+06	6.22177e+06	8.80413e+06	1.29341e+07	1.97207e+07	1.29341e+07	8.80413e+06	6.22177e+06	4.53636e+06	3.3953e+06	2.59837e+06	2.02679e+06	1.60732e+06	1.29327e+06	1.05396e+06	868753	723411	607924	515121	
0	632984	753232	904565	1.09741e+06	1.34658e+06	1.67358e+06	2.11034e+06	2.70548e+06	3.53526e+06	4.72336e+06	6.47825e+06	9.16706e+06	1.34672e+07	2.05336e+07	1.34672e+07	9.16706e+06	6.47825e+06	4.72336e+06	3.53526e+06	2.70548e+06	2.11034e+06	1.67358e+06	1.34658e+06	1.09741e+06	904565	753232	632984	536356	
0	658935	784113	941651	1.1424e+06	1.40178e+06	1.74219e+06	2.19686e+06	2.8164e+06	3.6802e+06	4.91701e+06	6.74385e+06	9.54289e+06	1.40194e+07	2.13755e+07	1.40194e+07	9.54289e+06	6.74385e+06	4.91701e+06	3.6802e+06	2.8164e+06	2.19686e+06	1.74219e+06	1.40178e+06	1.1424e+06	941651	784113	658935	558345	
0	685804	816087	980048	1.18898e+06	1.45894e+06	1.81323e+06	2.28644e+06	2.93124e+06	3.83026e+06	5.11751e+06	7.01884e+06	9.93202e+06	1.4591e+07	2.22471e+07	1.4591e+07	9.93202e+06	7.01884e+06	5.11751e+06	3.83026e+06	2.93124e+06	2.28644e+06	1.81323e+06	1.45894e+06	1.18898e+06	980048	816087	685804	581113	
0	713618	849184	1.0198e+06	1.2372e+06	1.51811e+06	1.88677e+06	2.37917e+06	3.05012e+06	3.98561e+06	5.32506e+06	7.3035e+06	1.03348e+07	1.51828e+07	2.31494e+07	1.51828e+07	1.03348e+07	7.3035e+06	5.32506e+06	3.98561e+06	3.05012e+06	2.37917e+06	1.88677e+06	1.51811e+06	1.2372e+06	1.0198e+06	849184	713618	604681	
0	742404	883439	1.06093e+06	1.28711e+06	1.57935e+06	1.96288e+06	2.47514e+06	3.17316e+06	4.14638e+06	5.53986e+06	7.59811e+06	1.07517e+07	1.57953e+07	2.40832e+07	1.57953e+07	1.07517e+07	7.59811e+06	5.53986e+06	4.14638e+06	3.17316e+06	2.47514e+06	1.96288e+06	1.57935e+06	1.28711e+06	1.06093e+06	883439	742404	629072	
0	772190	918884	1.1035e+06	1.33875e+06	1.64272e+06	2.04164e+06	2.57445e+06	3.30047e+06	4.31274e+06	5.76213e+06	7.90296e+06	1.11831e+07	1.6429e+07	2.50495e+07	1.6429e+07	1.11831e+07	7.90296e+06	5.76213e+06	4.31274e+06	3.30047e+06	2.57445e+06	2.04164e+06	1.64272e+06	1.33875e+06	1.1035e+06	918884	772190	654312	
0	803006	955554	1.14754e+06	1.39218e+06	1.70827e+06	2.12311e+06	2.67719e+06	3.43218e+06	4.48485e+06	5.99208e+06	8.21834e+06	1.16294e+07	1.70846e+07	2.60492e+07	1.70846e+07	1.16294e+07	8.21834e+06	5.99208e+06	4.48485e+06	3.43218e+06	2.67719e+06	2.12311e+06	1.70827e+06	1.39218e+06	1.14754e+06	955554	803006	680423	
0	834881	993483	1.19309e+06	1.44744e+06	1.77608e+06	2.20739e+06	2.78345e+06	3.56842e+06	4.66287e+06	6.22993e+06	8.54456e+06	1.2091e+07	1.77628e+07	2.70832e+07	1.77628e+07	1.2091e+07	8.54456e+06	6.22993e+06	4.66287e+06	3.56842e+06	2.78345e+06	2.20739e+06	1.77608e+06	1.44744e+06	1.19309e+06	993483	834881	707432	
0	867844	1.03271e+06	1.24019e+06	1.50459e+06	1.84621e+06	2.29454e+06	2.89335e+06	3.70931e+06	4.84697e+06	6.4759e+06	8.88192e+06	1.25684e+07	1.84641e+07	2.81525e+07	1.84641e+07	1.25684e+07	8.88192e+06	6.4759e+06	4.84697e+06	3.70931e+06	2.89335e+06	2.29454e+06	1.84621e+06	1.50459e+06	1.24019e+06	1.03271e+06	867844	735363	
0	901927	1.07327e+06	1.2889e+06	1.56367e+06	1.91871e+06	2.38465e+06	3.00698e+06	3.85498e+06	5.03732e+06	6.73023e+06	9.23074e+06	1.3062e+07	1.91892e+07	2.92582e+07	1.91892e+07	1.3062e+07	9.23074e+06	6.73023e+06	5.03732e+06	3.85498e+06	3.00698e+06	2.38465e+06	1.91871e+06	1.56367e+06	1.2889e+06	1.07327e+06	901927	764243	
0	937160	1.11519e+06	1.33925e+06	1.62476e+06	1.99367e+06	2.47781e+06	3.12445e+06	4.00558e+06	5.2341e+06	6.99314e+06	9.59133e+06	1.35722e+07	1.99389e+07	3.04012e+07	1.99389e+07	1.35722e+07	9.59133e+06	6.99314e+06	5.2341e+06	4.00558e+06	3.12445e+06	2.47781e+06	1.99367e+06	1.62476e+06	1.33925e+06	1.11519e+06	937160	794098	
0	973576	1.15853e+06	1.39129e+06	1.68789e+06	2.07114e+06	2.57409e+06	3.24586e+06	4.16123e+06	5.43749e+06	7.26489e+06	9.96404e+06	1.40996e+07	2.07136e+07	3.15825e+07	2.07136e+07	1.40996e+07	9.96404e+06	7.26489e+06	5.43749e+06	4.16123e+06	3.24586e+06	2.57409e+06	2.07114e+06	1.68789e+06	1.39129e+06	1.15853e+06	973576	824955	
0	1.01121e+06	1.20331e+06	1.44507e+06	1.75314e+06	2.15119e+06	2.67359e+06	3.37132e+06	4.32207e+06	5.64767e+06	7.5457e+06	1.03492e+07	1.46446e+07	2.15143e+07	3.28033e+07	2.15143e+07	1.46446e+07	1.03492e+07	7.5457e+06	5.64767e+06	4.32207e+06	3.37132e+06	2.67359e+06	2.15119e+06	1.75314e+06	1.44507e+06	1.20331e+06	1.01121e+06	856843	
0	1.05009e+06	1.24958e+06	1.50063e+06	1.82055e+06	2.23391e+06	2.77639e+06	3.50095e+06	4.48826e+06	5.86482e+06	7.83583e+06	1.07471e+07	1.52077e+07	2.23415e+07	3.40646e+07	2.23415e+07	1.52077e+07	1.07471e+07	7.83583e+06	5.86482e+06	4.48826e+06	3.50095e+06	2.77639e+06	2.23391e+06	1.82055e+06	1.50063e+06	1.24958e+06	1.05009e+06	889788	
0	1.09025e+06	1.29737e+06	1.55803e+06	1.89018e+06	2.31935e+06	2.88258e+06	3.63486e+06	4.65993e+06	6.08915e+06	8.13554e+06	1.11582e+07	1.57894e+07	2.31961e+07	3.53676e+07	2.31961e+07	1.57894e+07	1.11582e+07	8.13554e+06	6.08915e+06	4.65993e+06	3.63486e+06	2.88258e+06	2.31935e+06	1.89018e+06	1.55803e+06	1.29737e+06	1.09025e+06	923821	
0	1.13174e+06	1.34673e+06	1.61731e+06	1.9621e+06	2.4076e+06	2.99226e+06	3.77316e+06	4.83723e+06	6.32083e+06	8.44508e+06	1.15827e+07	1.63901e+07	2.40786e+07	3.67133e+07	2.40786e+07	1.63901e+07	1.15827e+07	8.44508e+06	6.32083e+06	4.83723e+06	3.77316e+06	2.99226e+06	2.4076e+06	1.9621e+06	1.61731e+06	1.34673e+06	1.13174e+06	958971	
0	1.17457e+06	1.39771e+06	1.67852e+06	2.03636e+06	2.49872e+06	3.10552e+06	3.91597e+06	5.02032e+06	6.56007e+06	8.76473e+06	1.20211e+07	1.70105e+07	2.499e+07	3.81029e+07	2.499e+07	1.70105e+07	1.20211e+07	8.76473e+06	6.56007e+06	5.02032e+06	3.91597e+06	3.10552e+06	2.49872e+06	2.03636e+06	1.67852e+06	1.39771e+06	1.17457e+06	995268	
0	1.2188e+06	1.45033e+06	1.74172e+06	2.11304e+06	2.59281e+06	3.22245e+06	4.06342e+06	5.20934e+06	6.80707e+06	9.09474e+06	1.24737e+07	1.7651e+07	2.59309e+07	3.95376e+07	2.59309e+07	1.7651e+07	1.24737e+07	9.09474e+06	6.80707e+06	5.20934e+06	4.06342e+06	3.22245e+06	2.59281e+06	2.11304e+06	1.74172e+06	1.45033e+06	1.2188e+06	1.03274e+06	
0	1.26445e+06	1.50466e+06	1.80696e+06	2.19218e+06	2.68993e+06	3.34315e+06	4.21562e+06	5.40447e+06	7.06204e+06	9.4354e+06	1.2941e+07	1.83121e+07	2.69022e+07	4.10185e+07	2.69022e+07	1.83121e+07	1.2941e+07	9.4354e+06	7.06204e+06	5.40447e+06	4.21562e+06	3.34315e+06	2.68993e+06	2.19218e+06	1.80696e+06	1.50466e+06	1.26445e+06	1.07143e+06	
0	1.31157e+06	1.56073e+06	1.87429e+06	2.27387e+06	2.79016e+06	3.46772e+06	4.3727e+06	5.60585e+06	7.32519e+06	9.78699e+06	1.34232e+07	1.89945e+07	2.79047e+07	4.2547e+07	2.79047e+07	1.89945e+07	1.34232e+07	9.78699e+06	7.32519e+06	5.60585e+06	4.3727e+06	3.46772e+06	2.79016e+06	2.27387e+06	1.87429e+06	1.56073e+06	1.31157e+06	1.11135e+06	
0	1.36019e+06	1.61858e+06	1.94377e+06	2.35816e+06	2.89359e+06	3.59627e+06	4.5348e+06	5.81366e+06	7.59673e+06	1.01498e+07	1.39208e+07	1.96986e+07	2.89391e+07	4.41243e+07	2.89391e+07	1.96986e+07	1.39208e+07	1.01498e+07	7.59673e+06	5.81366e+06	4.5348e+06	3.59627e+06	2.89359e+06	2.35816e+06	1.94377e+06	1.61858e+06	1.36019e+06	1.15255e+06	
0	1.41035e+06	1.67827e+06	2.01546e+06	2.44513e+06	3.0003e+06	3.72889e+06	4.70203e+06	6.02806e+06	7.87689e+06	1.05241e+07	1.44342e+07	2.04251e+07	3.00063e+07	4.57515e+07	3.00063e+07	2.04251e+07	1.44342e+07	1.05241e+07	7.87689e+06	6.02806e+06	4.70203e+06	3.72889e+06	3.0003e+06	2.44513e+06	2.01546e+06	1.67827e+06	1.41035e+06	1.19505e+06	
0	1.46209e+06	1.73985e+06	2.0894e+06	2.53484e+06	3.11038e+06	3.8657e+06	4.87455e+06	6.24922e+06	8.16588e+06	1.09102e+07	1.49637e+07	2.11744e+07	3.11072e+07	4.74301e+07	3.11072e+07	2.11744e+07	1.49637e+07	1.09102e+07	8.16588e+06	6.24922e+06	4.87455e+06	3.8657e+06	3.11038e+06	2.53484e+06	2.0894e+06	1.73985e+06	1.46209e+06	1.2389e+06	
0	1.51546e+06	1.80335e+06	2.16566e+06	2.62736e+06	3.22391e+06	4.0068e+06	5.05247e+06	6.47732e+06	8.46394e+06	1.13084e+07	1.55099e+07	2.19473e+07	3.22426e+07	4.91613e+07	3.22426e+07	2.19473e+07	1.55099e+07	1.13084e+07	8.46394e+06	6.47732e+06	5.05247e+06	4.0068e+06	3.22391e+06	2.62736e+06	2.16566e+06	1.80335e+06	1.51546e+06	1.28412e+06	
0	1.57049e+06	1.86883e+06	2.24431e+06	2.72276e+06	3.34098e+06	4.1523e+06	5.23594e+06	6.71253e+06	8.77128e+06	1.17191e+07	1.60731e+07	2.27443e+07	3.34134e+07	5.09466e+07	3.34134e+07	2.27443e+07	1.60731e+07	1.17191e+07	8.77128e+06	6.71253e+06	5.23594e+06	4.1523e+06	3.34098e+06	2.72276e+06	2.24431e+06	1.86883e+06	1.57049e+06	1.33075e+06	
0	1.62722e+06	1.93635e+06	2.32539e+06	2.82113e+06	3.46168e+06	4.30231e+06	5.42509e+06	6.95503e+06	9.08816e+06	1.21424e+07	1.66538e+07	2.3566e+07	3.46206e+07	5.27871e+07	3.46206e+07	2.3566e+07	1.66538e+07	1.21424e+07	9.08816e+06	6.95503e+06	5.42509e+06	4.30231e+06	3.46168e+06	2.82113e+06	2.32539e+06	1.93635e+06	1.62722e+06	1.37882e+06	
0	1.68571e+06	2.00595e+06	2.40897e+06	2.92253e+06	3.5861e+06	4.45694e+06	5.62008e+06	7.20501e+06	9.41482e+06	1.25789e+07	1.72524e+07	2.4413e+07	3.58649e+07	5.46845e+07	3.58649e+07	2.4413e+07	1.72524e+07	1.25789e+07	9.41482e+06	7.20501e+06	5.62008e+06	4.45694e+06	3.5861e+06	2.92253e+06	2.40897e+06	2.00595e+06	1.68571e+06	1.42838e+06	
0	1.74599e+06	2.07768e+06	2.49511e+06	3.02703e+06	3.71433e+06	4.61632e+06	5.82106e+06	7.46266e+06	9.75148e+06	1.30287e+07	1.78693e+07	2.5286e+07	3.71474e+07	5.664e+07	3.71474e+07	2.5286e+07	1.78693e+07	1.30287e+07	9.75148e+06	7.46266e+06	5.82106e+06	4.61632e+06	3.71433e+06	3.02703e+06	2.49511e+06	2.07768e+06	1.74599e+06	1.47946e+06	
0	1.80811e+06	2.1516e+06	2.58388e+06	3.13473e+06	3.84648e+06	4.78056e+06	6.02815e+06	7.72816e+06	1.00984e+07	1.34922e+07	1.8505e+07	2.61856e+07	3.8469e+07	5.86551e+07	3.8469e+07	2.61856e+07	1.8505e+07	1.34922e+07	1.00984e+07	7.72816e+06	6.02815e+06	4.78056e+06	3.84648e+06	3.13473e+06	2.58388e+06	2.1516e+06	1.80811e+06	1.53209e+06	
0	1.87211e+06	2.22776e+06	2.67534e+06	3.24569e+06	3.98263e+06	4.94978e+06	6.24153e+06	8.00171e+06	1.04559e+07	1.39698e+07	1.91601e+07	2.71125e+07	3.98307e+07	6.07314e+07	3.98307e+07	2.71125e+07	1.91601e+07	1.39698e+07	1.04559e+07	8.00171e+06	6.24153e+06	4.94978e+06	3.98263e+06	3.24569e+06	2.67534e+06	2.22776e+06	1.87211e+06	1.58632e+06	
0	1.93804e+06	2.30621e+06	2.76956e+06	3.35999e+06	4.12289e+06	5.12409e+06	6.46134e+06	8.28351e+06	1.08241e+07	1.44618e+07	1.98348e+07	2.80673e+07	4.12334e+07	6.28702e+07	4.12334e+07	2.80673e+07	1.98348e+07	1.44618e+07	1.08241e+07	8.28351e+06	6.46134e+06	5.12409e+06	4.12289e+06	3.35999e+06	2.76956e+06	2.30621e+06	1.93804e+06	1.64219e+06	
0	2.00595e+06	2.38702e+06	2.8666e+06	3.47773e+06	4.26736e+06	5.30364e+06	6.68775e+06	8.57376e+06	1.12034e+07	1.49685e+07	2.05298e+07	2.90508e+07	4.26782e+07	6.50732e+07	4.26782e+07	2.90508e+07	2.05298e+07	1.49685e+07	1.12034e+07	8.57376e+06	6.68775e+06	5.30364e+06	4.26736e+06	3.47773e+06	2.8666e+06	2.38702e+06	2.00595e+06	1.69973e+06	
0	2.07588e+06	2.47024e+06	2.96654e+06	3.59897e+06	4.41613e+06	5.48854e+06	6.9209e+06	8.87267e+06	1.1594e+07	1.54904e+07	2.12456e+07	3.00636e+07	4.41661e+07	6.73419e+07	4.41661e+07	3.00636e+07	2.12456e+07	1.54904e+07	1.1594e+07	8.87267e+06	6.9209e+06	5.48854e+06	4.41613e+06	3.59897e+06	2.96654e+06	2.47024e+06	2.07588e+06	1.75899e+06	
0	2.14789e+06	2.55593e+06	3.06944e+06	3.72381e+06	4.56931e+06	5.67892e+06	7.16097e+06	9.18044e+06	1.19961e+07	1.60277e+07	2.19825e+07	3.11064e+07	4.56981e+07	6.96778e+07	4.56981e+07	3.11064e+07	2.19825e+07	1.60277e+07	1.19961e+07	9.18044e+06	7.16097e+06	5.67892e+06	4.56931e+06	3.72381e+06	3.06944e+06	2.55593e+06	2.14789e+06	1.82e+06	
0	2.22202e+06	2.64414e+06	3.17538e+06	3.85233e+06	4.72701e+06	5.87492e+06	7.40811e+06	9.49728e+06	1.24101e+07	1.65808e+07	2.27412e+07	3.218e+07	4.72753e+07	7.20826e+07	4.72753e+07	3.218e+07	2.27412e+07	1.65808e+07	1.24101e+07	9.49728e+06	7.40811e+06	5.87492e+06	4.72701e+06	3.85233e+06	3.17538e+06	2.64414e+06	2.22202e+06	1.88282e+06	
0	2.29832e+06	2.73494e+06	3.28442e+06	3.98462e+06	4.88934e+06	6.07666e+06	7.66251e+06	9.82342e+06	1.28363e+07	1.71502e+07	2.35221e+07	3.3285e+07	4.88987e+07	7.4558e+07	4.88987e+07	3.3285e+07	2.35221e+07	1.71502e+07	1.28363e+07	9.82342e+06	7.66251e+06	6.07666e+06	4.88934e+06	3.98462e+06	3.28442e+06	2.73494e+06	2.29832e+06	1.94747e+06	
0	2.37685e+06	2.82838e+06	3.39664e+06	4.12076e+06	5.05639e+06	6.28429e+06	7.92432e+06	1.01591e+07	1.32749e+07	1.77362e+07	2.43258e+07	3.44223e+07	5.05695e+07	7.71055e+07	5.05695e+07	3.44223e+07	2.43258e+07	1.77362e+07	1.32749e+07	1.01591e+07	7.92432e+06	6.28429e+06	5.05639e+06	4.12076e+06	3.39664e+06	2.82838e+06	2.37685e+06	2.01401e+06	
0	2.45766e+06	2.92454e+06	3.51212e+06	4.26086e+06	5.2283e+06	6.49794e+06	8.19372e+06	1.05044e+07	1.37262e+07	1.83392e+07	2.51528e+07	3.55925e+07	5.22887e+07	7.97269e+07	5.22887e+07	3.55925e+07	2.51528e+07	1.83392e+07	1.37262e+07	1.05044e+07	8.19372e+06	6.49794e+06	5.2283e+06	4.26086e+06	3.51212e+06	2.92454e+06	2.45766e+06	2.08248e+06	
0	2.54079e+06	3.02347e+06	3.63092e+06	4.40499e+06	5.40516e+06	6.71775e+06	8.47089e+06	1.08598e+07	1.41905e+07	1.89596e+07	2.60037e+07	3.67965e+07	5.40575e+07	8.24239e+07	5.40575e+07	3.67965e+07	2.60037e+07	1.89596e+07	1.41905e+07	1.08598e+07	8.47089e+06	6.71775e+06	5.40516e+06	4.40499e+06	3.63092e+06	3.02347e+06	2.54079e+06	2.15293e+06	
0	2.62632e+06	3.12524e+06	3.75314e+06	4.55326e+06	5.58709e+06	6.94386e+06	8.75602e+06	1.12253e+07	1.46682e+07	1.95977e+07	2.68789e+07	3.80351e+07	5.5877e+07	8.51983e+07	5.5877e+07	3.80351e+07	2.68789e+07	1.95977e+07	1.46682e+07	1.12253e+07	8.75602e+06	6.94386e+06	5.58709e+06	4.55326e+06	3.75314e+06	3.12524e+06	2.62632e+06	2.2254e+06	
0	2.71428e+06	3.22991e+06	3.87884e+06	4.70575e+06	5.77421e+06	7.17642e+06	9.04927e+06	1.16013e+07	1.51594e+07	2.02541e+07	2.77792e+07	3.93089e+07	5.77485e+07	8.80518e+07	5.77485e+07	3.93089e+07	2.77792e+07	2.02541e+07	1.51594e+07	1.16013e+07	9.04927e+06	7.17642e+06	5.77421e+06	4.70575e+06	3.87884e+06	3.22991e+06	2.71428e+06	2.29993e+06	
0	2.80473e+06	3.33755e+06	4.0081e+06	4.86258e+06	5.96664e+06	7.41558e+06	9.35084e+06	1.19879e+07	1.56646e+07	2.09291e+07	2.87049e+07	4.06189e+07	5.96729e+07	9.09862e+07	5.96729e+07	4.06189e+07	2.87049e+07	2.09291e+07	1.56646e+07	1.19879e+07	9.35084e+06	7.41558e+06	5.96664e+06	4.86258e+06	4.0081e+06	3.33755e+06	2.80473e+06	2.37657e+06	
0	2.89774e+06	3.44822e+06	4.14101e+06	5.02382e+06	6.1645e+06	7.66148e+06	9.66092e+06	1.23854e+07	1.61841e+07	2.16231e+07	2.96568e+07	4.19659e+07	6.16517e+07	9.40034e+07	6.16517e+07	4.19659e+07	2.96568e+07	2.16231e+07	1.61841e+07	1.23854e+07	9.66092e+06	7.66148e+06	6.1645e+06	5.02382e+06	4.14101e+06	3.44822e+06	2.89774e+06	2.45538e+06	
0	2.99335e+06	3.562e+06	4.27765e+06	5.18959e+06	6.3679e+06	7.91428e+06	9.9797e+06	1.27941e+07	1.67181e+07	2.23366e+07	3.06354e+07	4.33506e+07	6.3686e+07	9.71052e+07	6.3686e+07	4.33506e+07	3.06354e+07	2.23366e+07	1.67181e+07	1.27941e+07	9.9797e+06	7.91428e+06	6.3679e+06	5.18959e+06	4.27765e+06	3.562e+06	2.99335e+06	2.5364e+06	
0	3.09163e+06	3.67895e+06	4.4181e+06	5.35998e+06	6.57698e+06	8.17414e+06	1.03074e+07	1.32142e+07	1.7267e+07	2.307e+07	3.16412e+07	4.4774e+07	6.57771e+07	1.00294e+08	6.57771e+07	4.4774e+07	3.16412e+07	2.307e+07	1.7267e+07	1.32142e+07	1.03074e+07	8.17414e+06	6.57698e+06	5.35998e+06	4.4181e+06	3.67895e+06	3.09163e+06	2.61968e+06	
0	3.19264e+06	3.79915e+06	4.56245e+06	5.5351e+06	6.79187e+06	8.4412e+06	1.06441e+07	1.36459e+07	1.78311e+07	2.38237e+07	3.2675e+07	4.62368e+07	6.79261e+07	1.0357e+08	6.79261e+07	4.62368e+07	3.2675e+07	2.38237e+07	1.78311e+07	1.36459e+07	1.06441e+07	8.4412e+06	6.79187e+06	5.5351e+06	4.56245e+06	3.79915e+06	3.19264e+06	2.70527e+06	
0	3.29644e+06	3.92267e+06	4.71078e+06	5.71505e+06	7.01268e+06	8.71563e+06	1.09902e+07	1.40895e+07	1.84108e+07	2.45982e+07	3.37373e+07	4.774e+07	7.01345e+07	1.06938e+08	7.01345e+07	4.774e+07	3.37373e+07	2.45982e+07	1.84108e+07	1.40895e+07	1.09902e+07	8.71563e+06	7.01268e+06	5.71505e+06	4.71078e+06	3.92267e+06	3.29644e+06	2.79322e+06	
0	3.40308e+06	4.04957e+06	4.86318e+06	5.89994e+06	7.23955e+06	8.9976e+06	1.13457e+07	1.45453e+07	1.90065e+07	2.5394e+07	3.48287e+07	4.92845e+07	7.24034e+07	1.10397e+08	7.24034e+07	4.92845e+07	3.48287e+07	2.5394e+07	1.90065e+07	1.45453e+07	1.13457e+07	8.9976e+06	7.23955e+06	5.89994e+06	4.86318e+06	4.04957e+06	3.40308e+06	2.88359e+06	
0	3.51264e+06	4.17993e+06	5.01974e+06	6.08988e+06	7.4726e+06	9.28725e+06	1.1711e+07	1.50136e+07	1.96183e+07	2.62115e+07	3.595e+07	5.08711e+07	7.47343e+07	1.13951e+08	7.47343e+07	5.08711e+07	3.595e+07	2.62115e+07	1.96183e+07	1.50136e+07	1.1711e+07	9.28725e+06	7.4726e+06	6.08988e+06	5.01974e+06	4.17993e+06	3.51264e+06	2.97642e+06	
0	3.62516e+06	4.31384e+06	5.18054e+06	6.28497e+06	7.71199e+06	9.58477e+06	1.20861e+07	1.54946e+07	2.02468e+07	2.70512e+07	3.71016e+07	5.25007e+07	7.71284e+07	1.17602e+08	7.71284e+07	5.25007e+07	3.71016e+07	2.70512e+07	2.02468e+07	1.54946e+07	1.20861e+07	9.58477e+06	7.71199e+06	6.28497e+06	5.18054e+06	4.31384e+06	3.62516e+06	3.07177e+06	
0	3.74073e+06	4.45136e+06	5.34569e+06	6.48532e+06	7.95784e+06	9.89032e+06	1.24714e+07	1.59885e+07	2.08922e+07	2.79135e+07	3.82844e+07	5.41743e+07	7.95871e+07	1.21351e+08	7.95871e+07	5.41743e+07	3.82844e+07	2.79135e+07	2.08922e+07	1.59885e+07	1.24714e+07	9.89032e+06	7.95784e+06	6.48532e+06	5.34569e+06	4.45136e+06	3.74073e+06	3.16969e+06	
0	3.85939e+06	4.59257e+06	5.51527e+06	6.69105e+06	8.21028e+06	1.02041e+07	1.2867e+07	1.64957e+07	2.1555e+07	2.8799e+07	3.94988e+07	5.58929e+07	8.21118e+07	1.252e+08	8.21118e+07	5.58929e+07	3.94988e+07	2.8799e+07	2.1555e+07	1.64957e+07	1.2867e+07	1.02041e+07	8.21028e+06	6.69105e+06	5.51527e+06	4.59257e+06	3.85939e+06	3.27024e+06	
0	3.98123e+06	4.73754e+06	5.68938e+06	6.90228e+06	8.46946e+06	1.05262e+07	1.32732e+07	1.70164e+07	2.22354e+07	2.97082e+07	4.07457e+07	5.76573e+07	8.47039e+07	1.29153e+08	8.47039e+07	5.76573e+07	4.07457e+07	2.97082e+07	2.22354e+07	1.70164e+07	1.32732e+07	1.05262e+07	8.46946e+06	6.90228e+06	5.68938e+06	4.73754e+06	3.98123e+06	3.37347e+06	
0	4.1063e+06	4.88637e+06	5.8681e+06	7.11911e+06	8.73553e+06	1.08569e+07	1.36902e+07	1.7551e+07	2.2934e+07	3.06414e+07	4.20258e+07	5.94686e+07	8.73648e+07	1.3321e+08	8.73648e+07	5.94686e+07	4.20258e+07	3.06414e+07	2.2934e+07	1.7551e+07	1.36902e+07	1.08569e+07	8.73553e+06	7.11911e+06	5.8681e+06	4.88637e+06	4.1063e+06	3.47945e+06	
0	4.23467e+06	5.03913e+06	6.05155e+06	7.34166e+06	9.00861e+06	1.11963e+07	1.41182e+07	1.80997e+07	2.36509e+07	3.15993e+07	4.33396e+07	6.13277e+07	9.0096e+07	1.37375e+08	9.0096e+07	6.13277e+07	4.33396e+07	3.15993e+07	2.36509e+07	1.80997e+07	1.41182e+07	1.11963e+07	9.00861e+06	7.34166e+06	6.05155e+06	5.03913e+06	4.23467e+06	3.58822e+06	
0	4.36641e+06	5.1959e+06	6.23982e+06	7.57006e+06	9.28887e+06	1.15446e+07	1.45574e+07	1.86628e+07	2.43867e+07	3.25824e+07	4.46879e+07	6.32356e+07	9.28989e+07	1.41648e+08	9.28989e+07	6.32356e+07	4.46879e+07	3.25824e+07	2.43867e+07	1.86628e+07	1.45574e+07	1.15446e+07	9.28887e+06	7.57006e+06	6.23982e+06	5.1959e+06	4.36641e+06	3.69985e+06	
0	4.50159e+06	5.35676e+06	6.433e+06	7.80443e+06	9.57645e+06	1.1902e+07	1.50081e+07	1.92405e+07	2.51417e+07	3.35911e+07	4.60714e+07	6.51934e+07	9.5775e+07	1.46034e+08	9.5775e+07	6.51934e+07	4.60714e+07	3.35911e+07	2.51417e+07	1.92405e+07	1.50081e+07	1.1902e+07	9.57645e+06	7.80443e+06	6.433e+06	5.35676e+06	4.50159e+06	3.8144e+06	
0	4.64028e+06	5.5218e+06	6.63119e+06	8.04488e+06	9.8715e+06	1.22687e+07	1.54705e+07	1.98333e+07	2.59163e+07	3.46261e+07	4.74908e+07	6.72019e+07	9.87258e+07	1.50533e+08	9.87258e+07	6.72019e+07	4.74908e+07	3.46261e+07	2.59163e+07	1.98333e+07	1.54705e+07	1.22687e+07	9.8715e+06	8.04488e+06	6.63119e+06	5.5218e+06	4.64028e+06	3.93192e+06	
0	4.78255e+06	5.6911e+06	6.83451e+06	8.29154e+06	1.01742e+07	1.26449e+07	1.59448e+07	2.04414e+07	2.67109e+07	3.56877e+07	4.89469e+07	6.92624e+07	1.01753e+08	1.55149e+08	1.01753e+08	6.92624e+07	4.89469e+07	3.56877e+07	2.67109e+07	2.04414e+07	1.59448e+07	1.26449e+07	1.01742e+07	8.29154e+06	6.83451e+06	5.6911e+06	4.78255e+06	4.05247e+06	
0	4.92848e+06	5.86475e+06	7.04305e+06	8.54454e+06	1.04846e+07	1.30307e+07	1.64313e+07	2.10652e+07	2.75259e+07	3.67766e+07	5.04404e+07	7.13758e+07	1.04858e+08	1.59883e+08	1.04858e+08	7.13758e+07	5.04404e+07	3.67766e+07	2.75259e+07	2.10652e+07	1.64313e+07	1.30307e+07	1.04846e+07	8.54454e+06	7.04305e+06	5.86475e+06	4.92848e+06	4.17613e+06	
0	5.07814e+06	6.04284e+06	7.25692e+06	8.804e+06	1.0803e+07	1.34264e+07	1.69303e+07	2.17048e+07	2.83618e+07	3.78934e+07	5.19721e+07	7.35431e+07	1.08042e+08	1.64738e+08	1.08042e+08	7.35431e+07	5.19721e+07	3.78934e+07	2.83618e+07	2.17048e+07	1.69303e+07	1.34264e+07	1.0803e+07	8.804e+06	7.25692e+06	6.04284e+06	5.07814e+06	4.30294e+06	
0	5.2316e+06	6.22545e+06	7.47622e+06	9.07005e+06	1.11294e+07	1.38321e+07	1.74419e+07	2.23607e+07	2.92189e+07	3.90385e+07	5.35426e+07	7.57656e+07	1.11307e+08	1.69716e+08	1.11307e+08	7.57656e+07	5.35426e+07	3.90385e+07	2.92189e+07	2.23607e+07	1.74419e+07	1.38321e+07	1.11294e+07	9.07005e+06	7.47622e+06	6.22545e+06	5.2316e+06	4.43297e+06	
0	5.38894e+06	6.41268e+06	7.70106e+06	9.34283e+06	1.14641e+07	1.42481e+07	1.79665e+07	2.30332e+07	3.00976e+07	4.02126e+07	5.51529e+07	7.80442e+07	1.14654e+08	1.7482e+08	1.14654e+08	7.80442e+07	5.51529e+07	4.02126e+07	3.00976e+07	2.30332e+07	1.79665e+07	1.42481e+07	1.14641e+07	9.34283e+06	7.70106e+06	6.41268e+06	5.38894e+06	4.56629e+06	
0	5.55023e+06	6.60461e+06	7.93155e+06	9.62246e+06	1.18073e+07	1.46745e+07	1.85042e+07	2.37226e+07	3.09984e+07	4.14161e+07	5.68036e+07	8.03801e+07	1.18086e+08	1.80053e+08	1.18086e+08	8.03801e+07	5.68036e+07	4.14161e+07	3.09984e+07	2.37226e+07	1.85042e+07	1.46745e+07	1.18073e+07	9.62246e+06	7.93155e+06	6.60461e+06	5.55023e+06	4.70296e+06	
0	5.71555e+06	6.80134e+06	8.16781e+06	9.90908e+06	1.2159e+07	1.51117e+07	1.90554e+07	2.44292e+07	3.19217e+07	4.26498e+07	5.84956e+07	8.27743e+07	1.21603e+08	1.85416e+08	1.21603e+08	8.27743e+07	5.84956e+07	4.26498e+07	3.19217e+07	2.44292e+07	1.90554e+07	1.51117e+07	1.2159e+07	9.90908e+06	8.16781e+06	6.80134e+06	5.71555e+06	4.84304e+06	
0	5.88498e+06	7.00295e+06	8.40993e+06	1.02028e+07	1.25194e+07	1.55596e+07	1.96203e+07	2.51534e+07	3.2868e+07	4.39141e+07	6.02296e+07	8.52281e+07	1.25208e+08	1.90913e+08	1.25208e+08	8.52281e+07	6.02296e+07	4.39141e+07	3.2868e+07	2.51534e+07	1.96203e+07	1.55596e+07	1.25194e+07	1.02028e+07	8.40993e+06	7.00295e+06	5.88498e+06	4.98661e+06	
0	6.0586e+06	7.20956e+06	8.65805e+06	1.05038e+07	1.28888e+07	1.60187e+07	2.01991e+07	2.58955e+07	3.38377e+07	4.52096e+07	6.20066e+07	8.77425e+07	1.28902e+08	1.96545e+08	1.28902e+08	8.77425e+07	6.20066e+07	4.52096e+07	3.38377e+07	2.58955e+07	2.01991e+07	1.60187e+07	1.28888e+07	1.05038e+07	8.65805e+06	7.20956e+06	6.0586e+06	5.13373e+06	
0	6.23649e+06	7.42124e+06	8.91226e+06	1.08122e+07	1.32672e+07	1.6489e+07	2.07922e+07	2.66558e+07	3.48312e+07	4.65371e+07	6.38272e+07	9.03187e+07	1.32686e+08	2.02316e+08	1.32686e+08	9.03187e+07	6.38272e+07	4.65371e+07	3.48312e+07	2.66558e+07	2.07922e+07	1.6489e+07	1.32672e+07	1.08122e+07	8.91226e+06	7.42124e+06	6.23649e+06	5.28446e+06	
0	6.41873e+06	7.6381e+06	9.17269e+06	1.11282e+07	1.36549e+07	1.69708e+07	2.13998e+07	2.74347e+07	3.58491e+07	4.78969e+07	6.56923e+07	9.2958e+07	1.36564e+08	2.08228e+08	1.36564e+08	9.2958e+07	6.56923e+07	4.78969e+07	3.58491e+07	2.74347e+07	2.13998e+07	1.69708e+07	1.36549e+07	1.11282e+07	9.17269e+06	7.6381e+06	6.41873e+06	5.43888e+06	
0	6.6054e+06	7.86023e+06	9.43945e+06	1.14518e+07	1.4052e+07	1.74644e+07	2.20221e+07	2.82326e+07	3.68916e+07	4.92899e+07	6.76027e+07	9.56614e+07	1.40535e+08	2.14284e+08	1.40535e+08	9.56614e+07	6.76027e+07	4.92899e+07	3.68916e+07	2.82326e+07	2.20221e+07	1.74644e+07	1.4052e+07	1.14518e+07	9.43945e+06	7.86023e+06	6.6054e+06	5.59705e+06	
0	6.79659e+06	8.08774e+06	9.71266e+06	1.17833e+07	1.44587e+07	1.79699e+07	2.26595e+07	2.90497e+07	3.79594e+07	5.07165e+07	6.95594e+07	9.84302e+07	1.44603e+08	2.20486e+08	1.44603e+08	9.84302e+07	6.95594e+07	5.07165e+07	3.79594e+07	2.90497e+07	2.26595e+07	1.79699e+07	1.44587e+07	1.17833e+07	9.71266e+06	8.08774e+06	6.79659e+06	5.75905e+06	
0	6.99237e+06	8.32071e+06	9.99245e+06	1.21227e+07	1.48752e+07	1.84875e+07	2.33122e+07	2.98866e+07	3.90529e+07	5.21775e+07	7.15632e+07	1.01266e+08	1.48768e+08	2.26838e+08	1.48768e+08	1.01266e+08	7.15632e+07	5.21775e+07	3.90529e+07	2.98866e+07	2.33122e+07	1.84875e+07	1.48752e+07	1.21227e+07	9.99245e+06	8.32071e+06	6.99237e+06	5.92495e+06	
0	7.19284e+06	8.55926e+06	1.02789e+07	1.24703e+07	1.53017e+07	1.90175e+07	2.39806e+07	3.07434e+07	4.01725e+07	5.36734e+07	7.36149e+07	1.04169e+08	1.53034e+08	2.33341e+08	1.53034e+08	1.04169e+08	7.36149e+07	5.36734e+07	4.01725e+07	3.07434e+07	2.39806e+07	1.90175e+07	1.53017e+07	1.24703e+07	1.02789e+07	8.55926e+06	7.19284e+06	6.09482e+06	
0	7.39807e+06	8.80349e+06	1.05722e+07	1.28261e+07	1.57383e+07	1.95602e+07	2.46648e+07	3.16206e+07	4.13188e+07	5.52049e+07	7.57154e+07	1.07141e+08	1.574e+08	2.39999e+08	1.574e+08	1.07141e+08	7.57154e+07	5.52049e+07	4.13188e+07	3.16206e+07	2.46648e+07	1.95602e+07	1.57383e+07	1.28261e+07	1.05722e+07	8.80349e+06	7.39807e+06	6.26872e+06	
0	7.60817e+06	9.0535e+06	1.08725e+07	1.31903e+07	1.61852e+07	2.01157e+07	2.53653e+07	3.25186e+07	4.24922e+07	5.67726e+07	7.78656e+07	1.10184e+08	1.6187e+08	2.46815e+08	1.6187e+08	1.10184e+08	7.78656e+07	5.67726e+07	4.24922e+07	3.25186e+07	2.53653e+07	2.01157e+07	1.61852e+07	1.31903e+07	1.08725e+07	9.0535e+06	7.60817e+06	6.44674e+06	
0	7.82321e+06	9.30939e+06	1.11798e+07	1.35631e+07	1.66427e+07	2.06842e+07	2.60822e+07	3.34377e+07	4.36932e+07	5.83772e+07	8.00664e+07	1.13298e+08	1.66445e+08	2.53791e+08	1.66445e+08	1.13298e+08	8.00664e+07	5.83772e+07	4.36932e+07	3.34377e+07	2.60822e+07	2.06842e+07	1.66427e+07	1.35631e+07	1.11798e+07	9.30939e+06	7.82321e+06	6.62896e+06	
0	8.04328e+06	9.57126e+06	1.14942e+07	1.39447e+07	1.71109e+07	2.12661e+07	2.68159e+07	3.43783e+07	4.49223e+07	6.00194e+07	8.23187e+07	1.16485e+08	1.71127e+08	2.60931e+08	1.71127e+08	1.16485e+08	8.23187e+07	6.00194e+07	4.49223e+07	3.43783e+07	2.68159e+07	2.12661e+07	1.71109e+07	1.39447e+07	1.14942e+07	9.57126e+06	8.04328e+06	6.81543e+06	
0	8.26847e+06	9.83924e+06	1.18161e+07	1.43351e+07	1.75899e+07	2.18615e+07	2.75667e+07	3.53408e+07	4.618e+07	6.16998e+07	8.46234e+07	1.19746e+08	1.75919e+08	2.68236e+08	1.75919e+08	1.19746e+08	8.46234e+07	6.16998e+07	4.618e+07	3.53408e+07	2.75667e+07	2.18615e+07	1.75899e+07	1.43351e+07	1.18161e+07	9.83924e+06	8.26847e+06	7.00625e+06	
0	8.49888e+06	1.01134e+07	1.21453e+07	1.47346e+07	1.80801e+07	2.24707e+07	2.83349e+07	3.63256e+07	4.74668e+07	6.34192e+07	8.69815e+07	1.23083e+08	1.80821e+08	2.75711e+08	1.80821e+08	1.23083e+08	8.69815e+07	6.34192e+07	4.74668e+07	3.63256e+07	2.83349e+07	2.24707e+07	1.80801e+07	1.47346e+07	1.21453e+07	1.01134e+07	8.49888e+06	7.20148e+06	
0	8.73459e+06	1.03939e+07	1.24822e+07	1.51432e+07	1.85815e+07	2.30939e+07	2.91207e+07	3.73331e+07	4.87833e+07	6.5178e+07	8.93939e+07	1.26497e+08	1.85836e+08	2.83358e+08	1.85836e+08	1.26497e+08	8.93939e+07	6.5178e+07	4.87833e+07	3.73331e+07	2.91207e+07	2.30939e+07	1.85815e+07	1.51432e+07	1.24822e+07	1.03939e+07	8.73459e+06	7.40121e+06	
0	8.9757e+06	1.06808e+07	1.28267e+07	1.55612e+07	1.90944e+07	2.37313e+07	2.99246e+07	3.83636e+07	5.01299e+07	6.69772e+07	9.18615e+07	1.29989e+08	1.90965e+08	2.9118e+08	1.90965e+08	1.29989e+08	9.18615e+07	6.69772e+07	5.01299e+07	3.83636e+07	2.99246e+07	2.37313e+07	1.90944e+07	1.55612e+07	1.28267e+07	1.06808e+07	8.9757e+06	7.60552e+06	
0	9.2223e+06	1.09743e+07	1.31791e+07	1.59888e+07	1.96191e+07	2.43833e+07	3.07467e+07	3.94177e+07	5.15072e+07	6.88174e+07	9.43853e+07	1.3356e+08	1.96212e+08	2.9918e+08	1.96212e+08	1.3356e+08	9.43853e+07	6.88174e+07	5.15072e+07	3.94177e+07	3.07467e+07	2.43833e+07	1.96191e+07	1.59888e+07	1.31791e+07	1.09743e+07	9.2223e+06	7.81447e+06	
0	9.47449e+06	1.12744e+07	1.35395e+07	1.6426e+07	2.01555e+07	2.50501e+07	3.15875e+07	4.04955e+07	5.29157e+07	7.06992e+07	9.69663e+07	1.37212e+08	2.01578e+08	3.07361e+08	2.01578e+08	1.37212e+08	9.69663e+07	7.06992e+07	5.29157e+07	4.04955e+07	3.15875e+07	2.50501e+07	2.01555e+07	1.6426e+07	1.35395e+07	1.12744e+07	9.47449e+06	8.02816e+06	
0	9.73235e+06	1.15812e+07	1.3908e+07	1.6873e+07	2.07041e+07	2.57319e+07	3.24472e+07	4.15977e+07	5.43559e+07	7.26234e+07	9.96054e+07	1.40947e+08	2.07064e+08	3.15727e+08	2.07064e+08	1.40947e+08	9.96054e+07	7.26234e+07	5.43559e+07	4.15977e+07	3.24472e+07	2.57319e+07	2.07041e+07	1.6873e+07	1.3908e+07	1.15812e+07	9.73235e+06	8.24666e+06	
0	9.996e+06	1.18949e+07	1.42848e+07	1.73301e+07	2.1265e+07	2.6429e+07	3.33262e+07	4.27246e+07	5.58283e+07	7.45907e+07	1.02304e+08	1.44765e+08	2.12673e+08	3.2428e+08	2.12673e+08	1.44765e+08	1.02304e+08	7.45907e+07	5.58283e+07	4.27246e+07	3.33262e+07	2.6429e+07	2.1265e+07	1.73301e+07	1.42848e+07	1.18949e+07	9.996e+06	8.47006e+06	
0	1.02655e+07	1.22157e+07	1.46699e+07	1.77974e+07	2.18383e+07	2.71415e+07	3.42248e+07	4.38765e+07	5.73336e+07	7.66019e+07	1.05062e+08	1.48668e+08	2.18407e+08	3.33023e+08	2.18407e+08	1.48668e+08	1.05062e+08	7.66019e+07	5.73336e+07	4.38765e+07	3.42248e+07	2.71415e+07	2.18383e+07	1.77974e+07	1.46699e+07	1.22157e+07	1.02655e+07	8.69843e+06	
0	1.0541e+07	1.25435e+07	1.50636e+07	1.8275e+07	2.24244e+07	2.78699e+07	3.51432e+07	4.5054e+07	5.88722e+07	7.86576e+07	1.07882e+08	1.52658e+08	2.24269e+08	3.4196e+08	2.24269e+08	1.52658e+08	1.07882e+08	7.86576e+07	5.88722e+07	4.5054e+07	3.51432e+07	2.78699e+07	2.24244e+07	1.8275e+07	1.50636e+07	1.25435e+07	1.0541e+07	8.93187e+06	
0	1.08226e+07	1.28785e+07	1.5466e+07	1.87631e+07	2.30234e+07	2.86144e+07	3.60819e+07	4.62574e+07	6.04448e+07	8.07586e+07	1.10763e+08	1.56736e+08	2.30259e+08	3.51095e+08	2.30259e+08	1.56736e+08	1.10763e+08	8.07586e+07	6.04448e+07	4.62574e+07	3.60819e+07	2.86144e+07	2.30234e+07	1.87631e+07	1.5466e+07	1.28785e+07	1.08226e+07	9.17044e+06	
0	1.11103e+07	1.32209e+07	1.58772e+07	1.9262e+07	2.36355e+07	2.93751e+07	3.70412e+07	4.74872e+07	6.20518e+07	8.29057e+07	1.13708e+08	1.60903e+08	2.36381e+08	3.60429e+08	2.36381e+08	1.60903e+08	1.13708e+08	8.29057e+07	6.20518e+07	4.74872e+07	3.70412e+07	2.93751e+07	2.36355e+07	1.9262e+07	1.58772e+07	1.32209e+07	1.11103e+07	9.41425e+06	
0	1.14043e+07	1.35708e+07	1.62973e+07	1.97717e+07	2.42609e+07	3.01524e+07	3.80214e+07	4.87439e+07	6.36938e+07	8.50995e+07	1.16717e+08	1.6516e+08	2.42636e+08	3.69967e+08	2.42636e+08	1.6516e+08	1.16717e+08	8.50995e+07	6.36938e+07	4.87439e+07	3.80214e+07	3.01524e+07	2.42609e+07	1.97717e+07	1.62973e+07	1.35708e+07	1.14043e+07	9.66337e+06	
0	1.17047e+07	1.39282e+07	1.67266e+07	2.02924e+07	2.48999e+07	3.09466e+07	3.90228e+07	5.00277e+07	6.53714e+07	8.73409e+07	1.19791e+08	1.6951e+08	2.49026e+08	3.79712e+08	2.49026e+08	1.6951e+08	1.19791e+08	8.73409e+07	6.53714e+07	5.00277e+07	3.90228e+07	3.09466e+07	2.48999e+07	2.02924e+07	1.67266e+07	1.39282e+07	1.17047e+07	9.91789e+06	
0	1.20115e+07	1.42934e+07	1.71651e+07	2.08244e+07	2.55527e+07	3.17579e+07	4.00459e+07	5.13392e+07	6.70852e+07	8.96307e+07	1.22931e+08	1.73954e+08	2.55555e+08	3.89666e+08	2.55555e+08	1.73954e+08	1.22931e+08	8.96307e+07	6.70852e+07	5.13392e+07	4.00459e+07	3.17579e+07	2.55527e+07	2.08244e+07	1.71651e+07	1.42934e+07	1.20115e+07	1.01779e+07	
0	1.23249e+07	1.46663e+07	1.7613e+07	2.13678e+07	2.62195e+07	3.25866e+07	4.10908e+07	5.26789e+07	6.88357e+07	9.19695e+07	1.26139e+08	1.78494e+08	2.62223e+08	3.99834e+08	2.62223e+08	1.78494e+08	1.26139e+08	9.19695e+07	6.88357e+07	5.26789e+07	4.10908e+07	3.25866e+07	2.62195e+07	2.13678e+07	1.7613e+07	1.46663e+07	1.23249e+07	1.04435e+07	
0	1.26451e+07	1.50472e+07	1.80704e+07	2.19228e+07	2.69005e+07	3.3433e+07	4.21581e+07	5.40471e+07	7.06235e+07	9.43582e+07	1.29415e+08	1.8313e+08	2.69034e+08	4.10219e+08	2.69034e+08	1.8313e+08	1.29415e+08	9.43582e+07	7.06235e+07	5.40471e+07	4.21581e+07	3.3433e+07	2.69005e+07	2.19228e+07	1.80704e+07	1.50472e+07	1.26451e+07	1.07147e+07	
0	1.2972e+07	1.54363e+07	1.85376e+07	2.24896e+07	2.75959e+07	3.42973e+07	4.32479e+07	5.54443e+07	7.24493e+07	9.67975e+07	1.32761e+08	1.87864e+08	2.75989e+08	4.20825e+08	2.75989e+08	1.87864e+08	1.32761e+08	9.67975e+07	7.24493e+07	5.54443e+07	4.32479e+07	3.42973e+07	2.75959e+07	2.24896e+07	1.85376e+07	1.54363e+07	1.2972e+07	1.09917e+07	
0	1.33058e+07	1.58335e+07	1.90146e+07	2.30683e+07	2.8306e+07	3.51798e+07	4.43608e+07	5.6871e+07	7.43136e+07	9.92883e+07	1.36177e+08	1.92698e+08	2.83091e+08	4.31653e+08	2.83091e+08	1.92698e+08	1.36177e+08	9.92883e+07	7.43136e+07	5.6871e+07	4.43608e+07	3.51798e+07	2.8306e+07	2.30683e+07	1.90146e+07	1.58335e+07	1.33058e+07	1.12746e+07	
0	1.36466e+07	1.6239e+07	1.95016e+07	2.36591e+07	2.9031e+07	3.60809e+07	4.5497e+07	5.83276e+07	7.62169e+07	1.01831e+08	1.39665e+08	1.97633e+08	2.90342e+08	4.42709e+08	2.90342e+08	1.97633e+08	1.39665e+08	1.01831e+08	7.62169e+07	5.83276e+07	4.5497e+07	3.60809e+07	2.9031e+07	2.36591e+07	1.95016e+07	1.6239e+07	1.36466e+07	1.15633e+07	
0	1.39945e+07	1.6653e+07	1.99988e+07	2.42623e+07	2.97711e+07	3.70007e+07	4.66569e+07	5.98146e+07	7.816e+07	1.04427e+08	1.43226e+08	2.02672e+08	2.97744e+08	4.53996e+08	2.97744e+08	2.02672e+08	1.43226e+08	1.04427e+08	7.816e+07	5.98146e+07	4.66569e+07	3.70007e+07	2.97711e+07	2.42623e+07	1.99988e+07	1.6653e+07	1.39945e+07	1.18581e+07	
0	1.43496e+07	1.70756e+07	2.05063e+07	2.48779e+07	3.05266e+07	3.79396e+07	4.78408e+07	6.13325e+07	8.01434e+07	1.07077e+08	1.4686e+08	2.07815e+08	3.05299e+08	4.65517e+08	3.05299e+08	2.07815e+08	1.4686e+08	1.07077e+08	8.01434e+07	6.13325e+07	4.78408e+07	3.79396e+07	3.05266e+07	2.48779e+07	2.05063e+07	1.70756e+07	1.43496e+07	1.2159e+07	
0	1.4712e+07	1.75069e+07	2.10242e+07	2.55063e+07	3.12976e+07	3.88979e+07	4.90492e+07	6.28816e+07	8.21677e+07	1.09782e+08	1.5057e+08	2.13064e+08	3.1301e+08	4.77275e+08	3.1301e+08	2.13064e+08	1.5057e+08	1.09782e+08	8.21677e+07	6.28816e+07	4.90492e+07	3.88979e+07	3.12976e+07	2.55063e+07	2.10242e+07	1.75069e+07	1.4712e+07	1.24662e+07	
0	1.50819e+07	1.7947e+07	2.15528e+07	2.61476e+07	3.20845e+07	3.98759e+07	5.02824e+07	6.44626e+07	8.42335e+07	1.12542e+08	1.54355e+08	2.18421e+08	3.2088e+08	4.89275e+08	3.2088e+08	2.18421e+08	1.54355e+08	1.12542e+08	8.42335e+07	6.44626e+07	5.02824e+07	3.98759e+07	3.20845e+07	2.61476e+07	2.15528e+07	1.7947e+07	1.50819e+07	1.27796e+07	
0	1.54593e+07	1.83962e+07	2.20922e+07	2.68019e+07	3.28874e+07	4.08738e+07	5.15407e+07	6.60758e+07	8.63415e+07	1.15358e+08	1.58218e+08	2.23887e+08	3.2891e+08	5.01519e+08	3.2891e+08	2.23887e+08	1.58218e+08	1.15358e+08	8.63415e+07	6.60758e+07	5.15407e+07	4.08738e+07	3.28874e+07	2.68019e+07	2.20922e+07	1.83962e+07	1.54593e+07	1.30994e+07	
0	1.58444e+07	1.88544e+07	2.26425e+07	2.74696e+07	3.37066e+07	4.18919e+07	5.28246e+07	6.77217e+07	8.84922e+07	1.18232e+08	1.62159e+08	2.29464e+08	3.37103e+08	5.14012e+08	3.37103e+08	2.29464e+08	1.62159e+08	1.18232e+08	8.84922e+07	6.77217e+07	5.28246e+07	4.18919e+07	3.37066e+07	2.74696e+07	2.26425e+07	1.88544e+07	1.58444e+07	1.34257e+07	
0	1.62373e+07	1.93219e+07	2.32039e+07	2.81507e+07	3.45424e+07	4.29306e+07	5.41344e+07	6.94008e+07	9.06864e+07	1.21164e+08	1.6618e+08	2.35153e+08	3.45462e+08	5.26757e+08	3.45462e+08	2.35153e+08	1.6618e+08	1.21164e+08	9.06864e+07	6.94008e+07	5.41344e+07	4.29306e+07	3.45424e+07	2.81507e+07	2.32039e+07	1.93219e+07	1.62373e+07	1.37586e+07	
0	1.6638e+07	1.97988e+07	2.37766e+07	2.88454e+07	3.53949e+07	4.39902e+07	5.54704e+07	7.11137e+07	9.29245e+07	1.24154e+08	1.70281e+08	2.40957e+08	3.53988e+08	5.39758e+08	3.53988e+08	2.40957e+08	1.70281e+08	1.24154e+08	9.29245e+07	7.11137e+07	5.54704e+07	4.39902e+07	3.53949e+07	2.88454e+07	2.37766e+07	1.97988e+07	1.6638e+07	1.40981e+07	
0	1.70468e+07	2.02851e+07	2.43607e+07	2.95541e+07	3.62644e+07	4.50709e+07	5.68331e+07	7.28607e+07	9.52074e+07	1.27204e+08	1.74465e+08	2.46876e+08	3.62684e+08	5.53018e+08	3.62684e+08	2.46876e+08	1.74465e+08	1.27204e+08	9.52074e+07	7.28607e+07	5.68331e+07	4.50709e+07	3.62644e+07	2.95541e+07	2.43607e+07	2.02851e+07	1.70468e+07	1.44445e+07	
0	1.74636e+07	2.07812e+07	2.49564e+07	3.02768e+07	3.71512e+07	4.6173e+07	5.82229e+07	7.46424e+07	9.75355e+07	1.30315e+08	1.78731e+08	2.52913e+08	3.71553e+08	5.66542e+08	3.71553e+08	2.52913e+08	1.78731e+08	1.30315e+08	9.75355e+07	7.46424e+07	5.82229e+07	4.6173e+07	3.71512e+07	3.02768e+07	2.49564e+07	2.07812e+07	1.74636e+07	1.47977e+07	
0	1.78887e+07	2.1287e+07	2.55638e+07	3.10137e+07	3.80555e+07	4.72969e+07	5.96401e+07	7.64593e+07	9.99096e+07	1.33487e+08	1.83081e+08	2.59069e+08	3.80597e+08	5.80332e+08	3.80597e+08	2.59069e+08	1.83081e+08	1.33487e+08	9.99096e+07	7.64593e+07	5.96401e+07	4.72969e+07	3.80555e+07	3.10137e+07	2.55638e+07	2.1287e+07	1.78887e+07	1.51579e+07	
0	1.83221e+07	2.18028e+07	2.61832e+07	3.17652e+07	3.89775e+07	4.84428e+07	6.10851e+07	7.83118e+07	1.0233e+08	1.36721e+08	1.87517e+08	2.65346e+08	3.89818e+08	5.94393e+08	3.89818e+08	2.65346e+08	1.87517e+08	1.36721e+08	1.0233e+08	7.83118e+07	6.10851e+07	4.84428e+07	3.89775e+07	3.17652e+07	2.61832e+07	2.18028e+07	1.83221e+07	1.55252e+07	
0	1.8764e+07	2.23286e+07	2.68147e+07	3.25312e+07	3.99176e+07	4.96112e+07	6.25583e+07	8.02005e+07	1.04798e+08	1.40018e+08	1.9204e+08	2.71746e+08	3.9922e+08	6.08728e+08	3.9922e+08	2.71746e+08	1.9204e+08	1.40018e+08	1.04798e+08	8.02005e+07	6.25583e+07	4.96112e+07	3.99176e+07	3.25312e+07	2.68147e+07	2.23286e+07	1.8764e+07	1.58996e+07	
0	1.92145e+07	2.28646e+07	2.74584e+07	3.33122e+07	4.08759e+07	5.08022e+07	6.40601e+07	8.21258e+07	1.07314e+08	1.43379e+08	1.9665e+08	2.7827e+08	4.08804e+08	6.23342e+08	4.08804e+08	2.7827e+08	1.9665e+08	1.43379e+08	1.07314e+08	8.21258e+07	6.40601e+07	5.08022e+07	4.08759e+07	3.33122e+07	2.74584e+07	2.28646e+07	1.92145e+07	1.62813e+07	
0	1.96736e+07	2.3411e+07	2.81146e+07	3.41083e+07	4.18526e+07	5.20161e+07	6.55909e+07	8.40883e+07	1.09879e+08	1.46806e+08	2.01349e+08	2.84919e+08	4.18572e+08	6.38238e+08	4.18572e+08	2.84919e+08	2.01349e+08	1.46806e+08	1.09879e+08	8.40883e+07	6.55909e+07	5.20161e+07	4.18526e+07	3.41083e+07	2.81146e+07	2.3411e+07	1.96736e+07	1.66703e+07	
0	2.01416e+07	2.39679e+07	2.87833e+07	3.49196e+07	4.28482e+07	5.32534e+07	6.71511e+07	8.60885e+07	1.12492e+08	1.50298e+08	2.06138e+08	2.91696e+08	4.28529e+08	6.5342e+08	4.28529e+08	2.91696e+08	2.06138e+08	1.50298e+08	1.12492e+08	8.60885e+07	6.71511e+07	5.32534e+07	4.28482e+07	3.49196e+07	2.87833e+07	2.39679e+07	2.01416e+07	1.70669e+07	
0	2.06185e+07	2.45354e+07	2.94649e+07	3.57464e+07	4.38627e+07	5.45143e+07	6.87411e+07	8.81268e+07	1.15156e+08	1.53856e+08	2.11019e+08	2.98603e+08	4.38675e+08	6.68891e+08	4.38675e+08	2.98603e+08	2.11019e+08	1.53856e+08	1.15156e+08	8.81268e+07	6.87411e+07	5.45143e+07	4.38627e+07	3.57464e+07	2.94649e+07	2.45354e+07	2.06185e+07	1.7471e+07	
0	2.11044e+07	2.51137e+07	3.01593e+07	3.65889e+07	4.48965e+07	5.57992e+07	7.03613e+07	9.02039e+07	1.1787e+08	1.57483e+08	2.15993e+08	3.05641e+08	4.49014e+08	6.84657e+08	4.49014e+08	3.05641e+08	2.15993e+08	1.57483e+08	1.1787e+08	9.02039e+07	7.03613e+07	5.57992e+07	4.48965e+07	3.65889e+07	3.01593e+07	2.51137e+07	2.11044e+07	1.78827e+07	
0	2.15996e+07	2.57029e+07	3.08669e+07	3.74473e+07	4.59498e+07	5.71083e+07	7.2012e+07	9.23202e+07	1.20635e+08	1.61177e+08	2.2106e+08	3.12811e+08	4.59549e+08	7.0072e+08	4.59549e+08	3.12811e+08	2.2106e+08	1.61177e+08	1.20635e+08	9.23202e+07	7.2012e+07	5.71083e+07	4.59498e+07	3.74473e+07	3.08669e+07	2.57029e+07	2.15996e+07	1.83023e+07	
0	2.2104e+07	2.63031e+07	3.15877e+07	3.83218e+07	4.70229e+07	5.8442e+07	7.36937e+07	9.44762e+07	1.23452e+08	1.64941e+08	2.26223e+08	3.20117e+08	4.70281e+08	7.17084e+08	4.70281e+08	3.20117e+08	2.26223e+08	1.64941e+08	1.23452e+08	9.44762e+07	7.36937e+07	5.8442e+07	4.70229e+07	3.83218e+07	3.15877e+07	2.63031e+07	2.2104e+07	1.87297e+07	
0	2.26178e+07	2.69146e+07	3.2322e+07	3.92127e+07	4.8116e+07	5.98005e+07	7.54068e+07	9.66724e+07	1.26322e+08	1.68776e+08	2.31481e+08	3.27558e+08	4.81213e+08	7.33754e+08	4.81213e+08	3.27558e+08	2.31481e+08	1.68776e+08	1.26322e+08	9.66724e+07	7.54068e+07	5.98005e+07	4.8116e+07	3.92127e+07	3.2322e+07	2.69146e+07	2.26178e+07	1.91651e+07	
0	2.31412e+07	2.75374e+07	3.307e+07	4.012e+07	4.92294e+07	6.11843e+07	7.71517e+07	9.89094e+07	1.29245e+08	1.72681e+08	2.36838e+08	3.35138e+08	4.92348e+08	7.50733e+08	4.92348e+08	3.35138e+08	2.36838e+08	1.72681e+08	1.29245e+08	9.89094e+07	7.71517e+07	6.11843e+07	4.92294e+07	4.012e+07	3.307e+07	2.75374e+07	2.31412e+07	1.96086e+07	
0	2.36742e+07	2.81717e+07	3.38317e+07	4.10442e+07	5.03634e+07	6.25936e+07	7.89289e+07	1.01188e+08	1.32222e+08	1.76659e+08	2.42293e+08	3.42858e+08	5.03689e+08	7.68026e+08	5.03689e+08	3.42858e+08	2.42293e+08	1.76659e+08	1.32222e+08	1.01188e+08	7.89289e+07	6.25936e+07	5.03634e+07	4.10442e+07	3.38317e+07	2.81717e+07	2.36742e+07	2.00603e+07	
0	2.42171e+07	2.88176e+07	3.46074e+07	4.19853e+07	5.15182e+07	6.40288e+07	8.07386e+07	1.03508e+08	1.35254e+08	1.80709e+08	2.47849e+08	3.50719e+08	5.15238e+08	7.85636e+08	5.15238e+08	3.50719e+08	2.47849e+08	1.80709e+08	1.35254e+08	1.03508e+08	8.07386e+07	6.40288e+07	5.15182e+07	4.19853e+07	3.46074e+07	2.88176e+07	2.42171e+07	2.05202e+07	
0	2.47698e+07	2.94753e+07	3.53973e+07	4.29435e+07	5.2694e+07	6.54902e+07	8.25814e+07	1.0587e+08	1.38341e+08	1.84834e+08	2.53506e+08	3.58724e+08	5.26998e+08	8.03568e+08	5.26998e+08	3.58724e+08	2.53506e+08	1.84834e+08	1.38341e+08	1.0587e+08	8.25814e+07	6.54902e+07	5.2694e+07	4.29435e+07	3.53973e+07	2.94753e+07	2.47698e+07	2.09886e+07	
0	2.53326e+07	3.0145e+07	3.62015e+07	4.39192e+07	5.38912e+07	6.69782e+07	8.44576e+07	1.08276e+08	1.41484e+08	1.89033e+08	2.59265e+08	3.66874e+08	5.38971e+08	8.21825e+08	5.38971e+08	3.66874e+08	2.59265e+08	1.89033e+08	1.41484e+08	1.08276e+08	8.44576e+07	6.69782e+07	5.38912e+07	4.39192e+07	3.62015e+07	3.0145e+07	2.53326e+07	2.14654e+07	
0	2.59055e+07	3.08268e+07	3.70203e+07	4.49125e+07	5.511e+07	6.84929e+07	8.63677e+07	1.10724e+08	1.44684e+08	1.93308e+08	2.65129e+08	3.75171e+08	5.51161e+08	8.40412e+08	5.51161e+08	3.75171e+08	2.65129e+08	1.93308e+08	1.44684e+08	1.10724e+08	8.63677e+07	6.84929e+07	5.511e+07	4.49125e+07	3.70203e+07	3.08268e+07	2.59055e+07	2.19509e+07	
0	2.64887e+07	3.15208e+07	3.78537e+07	4.59236e+07	5.63507e+07	7.00349e+07	8.83121e+07	1.13217e+08	1.47941e+08	1.9766e+08	2.71098e+08	3.83617e+08	5.63569e+08	8.59332e+08	5.63569e+08	3.83617e+08	2.71098e+08	1.9766e+08	1.47941e+08	1.13217e+08	8.83121e+07	7.00349e+07	5.63507e+07	4.59236e+07	3.78537e+07	3.15208e+07	2.64887e+07	2.24451e+07	
0	2.70823e+07	3.22272e+07	3.8702e+07	4.69527e+07	5.76135e+07	7.16044e+07	9.02912e+07	1.15754e+08	1.51257e+08	2.0209e+08	2.77173e+08	3.92214e+08	5.76198e+08	8.7859e+08	5.76198e+08	3.92214e+08	2.77173e+08	2.0209e+08	1.51257e+08	1.15754e+08	9.02912e+07	7.16044e+07	5.76135e+07	4.69527e+07	3.8702e+07	3.22272e+07	2.70823e+07	2.29481e+07	
0	2.76865e+07	3.29461e+07	3.95653e+07	4.80002e+07	5.88988e+07	7.32017e+07	9.23054e+07	1.18337e+08	1.54631e+08	2.06598e+08	2.83356e+08	4.00964e+08	5.89052e+08	8.9819e+08	5.89052e+08	4.00964e+08	2.83356e+08	2.06598e+08	1.54631e+08	1.18337e+08	9.23054e+07	7.32017e+07	5.88988e+07	4.80002e+07	3.95653e+07	3.29461e+07	2.76865e+07	2.346e+07	
0	2.83013e+07	3.36777e+07	4.04439e+07	4.90661e+07	6.02067e+07	7.48272e+07	9.43551e+07	1.20964e+08	1.58065e+08	2.11186e+08	2.89648e+08	4.09867e+08	6.02133e+08	9.18136e+08	6.02133e+08	4.09867e+08	2.89648e+08	2.11186e+08	1.58065e+08	1.20964e+08	9.43551e+07	7.48272e+07	6.02067e+07	4.90661e+07	4.04439e+07	3.36777e+07	2.83013e+07	2.39809e+07	
0	2.89269e+07	3.44221e+07	4.13379e+07	5.01506e+07	6.15375e+07	7.64813e+07	9.64408e+07	1.23638e+08	1.61559e+08	2.15854e+08	2.96051e+08	4.18927e+08	6.15443e+08	9.38431e+08	6.15443e+08	4.18927e+08	2.96051e+08	2.15854e+08	1.61559e+08	1.23638e+08	9.64408e+07	7.64813e+07	6.15375e+07	5.01506e+07	4.13379e+07	3.44221e+07	2.89269e+07	2.4511e+07	
0	2.95634e+07	3.51795e+07	4.22475e+07	5.12542e+07	6.28916e+07	7.81642e+07	9.85629e+07	1.26359e+08	1.65113e+08	2.20604e+08	3.02565e+08	4.28145e+08	6.28985e+08	9.59081e+08	6.28985e+08	4.28145e+08	3.02565e+08	2.20604e+08	1.65113e+08	1.26359e+08	9.85629e+07	7.81642e+07	6.28916e+07	5.12542e+07	4.22475e+07	3.51795e+07	2.95634e+07	2.50504e+07	
0	3.02109e+07	3.59501e+07	4.31729e+07	5.23768e+07	6.42692e+07	7.98763e+07	1.00722e+08	1.29126e+08	1.6873e+08	2.25436e+08	3.09193e+08	4.37523e+08	6.42762e+08	9.80089e+08	6.42762e+08	4.37523e+08	3.09193e+08	2.25436e+08	1.6873e+08	1.29126e+08	1.00722e+08	7.98763e+07	6.42692e+07	5.23768e+07	4.31729e+07	3.59501e+07	3.02109e+07	2.55991e+07	
0	3.08696e+07	3.6734e+07	4.41143e+07	5.35189e+07	6.56705e+07	8.16179e+07	1.02918e+08	1.31942e+08	1.72409e+08	2.30351e+08	3.15934e+08	4.47063e+08	6.56777e+08	1.00146e+09	6.56777e+08	4.47063e+08	3.15934e+08	2.30351e+08	1.72409e+08	1.31942e+08	1.02918e+08	8.16179e+07	6.56705e+07	5.35189e+07	4.41143e+07	3.6734e+07	3.08696e+07	2.61572e+07	
0	3.15397e+07	3.75313e+07	4.50718e+07	5.46805e+07	6.70958e+07	8.33894e+07	1.05152e+08	1.34806e+08	1.76151e+08	2.35351e+08	3.22792e+08	4.56767e+08	6.71032e+08	1.0232e+09	6.71032e+08	4.56767e+08	3.22792e+08	2.35351e+08	1.76151e+08	1.34806e+08	1.05152e+08	8.33894e+07	6.70958e+07	5.46805e+07	4.50718e+07	3.75313e+07	3.15397e+07	2.6725e+07	
0	3.22211e+07	3.83422e+07	4.60456e+07	5.58619e+07	6.85455e+07	8.51911e+07	1.07424e+08	1.37718e+08	1.79957e+08	2.40436e+08	3.29766e+08	4.66636e+08	6.8553e+08	1.0453e+09	6.8553e+08	4.66636e+08	3.29766e+08	2.40436e+08	1.79957e+08	1.37718e+08	1.07424e+08	8.51911e+07	6.85455e+07	5.58619e+07	4.60456e+07	3.83422e+07	3.22211e+07	2.73024e+07	
0	3.29141e+07	3.91668e+07	4.70359e+07	5.70633e+07	7.00198e+07	8.70234e+07	1.09734e+08	1.4068e+08	1.83828e+08	2.45607e+08	3.36858e+08	4.76672e+08	7.00275e+08	1.06779e+09	7.00275e+08	4.76672e+08	3.36858e+08	2.45607e+08	1.83828e+08	1.4068e+08	1.09734e+08	8.70234e+07	7.00198e+07	5.70633e+07	4.70359e+07	3.91668e+07	3.29141e+07	2.78896e+07	
0	3.36188e+07	4.00054e+07	4.80429e+07	5.82851e+07	7.15189e+07	8.88865e+07	1.12083e+08	1.43692e+08	1.87763e+08	2.50865e+08	3.4407e+08	4.86877e+08	7.15267e+08	1.09065e+09	7.15267e+08	4.86877e+08	3.4407e+08	2.50865e+08	1.87763e+08	1.43692e+08	1.12083e+08	8.88865e+07	7.15189e+07	5.82851e+07	4.80429e+07	4.00054e+07	3.36188e+07	2.84867e+07	
0	3.43353e+07	4.0858e+07	4.90668e+07	5.95273e+07	7.30431e+07	9.07809e+07	1.14472e+08	1.46755e+08	1.91765e+08	2.56212e+08	3.51403e+08	4.97254e+08	7.30511e+08	1.11389e+09	7.30511e+08	4.97254e+08	3.51403e+08	2.56212e+08	1.91765e+08	1.46755e+08	1.14472e+08	9.07809e+07	7.30431e+07	5.95273e+07	4.90668e+07	4.0858e+07	3.43353e+07	2.90938e+07	
0	3.50637e+07	4.17248e+07	5.01078e+07	6.07902e+07	7.45928e+07	9.27069e+07	1.16901e+08	1.49868e+08	1.95833e+08	2.61648e+08	3.58858e+08	5.07803e+08	7.4601e+08	1.13752e+09	7.4601e+08	5.07803e+08	3.58858e+08	2.61648e+08	1.95833e+08	1.49868e+08	1.16901e+08	9.27069e+07	7.45928e+07	6.07902e+07	5.01078e+07	4.17248e+07	3.50637e+07	2.97111e+07	
0	3.58042e+07	4.2606e+07	5.1166e+07	6.2074e+07	7.61681e+07	9.46647e+07	1.1937e+08	1.53033e+08	1.99969e+08	2.67173e+08	3.66437e+08	5.18528e+08	7.61764e+08	1.16155e+09	7.61764e+08	5.18528e+08	3.66437e+08	2.67173e+08	1.99969e+08	1.53033e+08	1.1937e+08	9.46647e+07	7.61681e+07	6.2074e+07	5.1166e+07	4.2606e+07	3.58042e+07	3.03385e+07	
0	3.65569e+07	4.35017e+07	5.22417e+07	6.3379e+07	7.77694e+07	9.66549e+07	1.21879e+08	1.5625e+08	2.04173e+08	2.7279e+08	3.74141e+08	5.29429e+08	7.77779e+08	1.18597e+09	7.77779e+08	5.29429e+08	3.74141e+08	2.7279e+08	2.04173e+08	1.5625e+08	1.21879e+08	9.66549e+07	7.77694e+07	6.3379e+07	5.22417e+07	4.35017e+07	3.65569e+07	3.09763e+07	
0	3.7322e+07	4.44121e+07	5.3335e+07	6.47053e+07	7.93969e+07	9.86776e+07	1.2443e+08	1.5952e+08	2.08446e+08	2.78499e+08	3.81971e+08	5.40508e+08	7.94056e+08	1.21079e+09	7.94056e+08	5.40508e+08	3.81971e+08	2.78499e+08	2.08446e+08	1.5952e+08	1.2443e+08	9.86776e+07	7.93969e+07	6.47053e+07	5.3335e+07	4.44121e+07	3.7322e+07	3.16246e+07	
0	3.80995e+07	4.53373e+07	5.44461e+07	6.60533e+07	8.10509e+07	1.00733e+08	1.27022e+08	1.62844e+08	2.12788e+08	2.84301e+08	3.89928e+08	5.51768e+08	8.10598e+08	1.23601e+09	8.10598e+08	5.51768e+08	3.89928e+08	2.84301e+08	2.12788e+08	1.62844e+08	1.27022e+08	1.00733e+08	8.10509e+07	6.60533e+07	5.44461e+07	4.53373e+07	3.80995e+07	3.22834e+07	
0	3.88896e+07	4.62775e+07	5.55752e+07	6.74231e+07	8.27317e+07	1.02822e+08	1.29656e+08	1.66221e+08	2.17201e+08	2.90196e+08	3.98014e+08	5.63211e+08	8.27408e+08	1.26164e+09	8.27408e+08	5.63211e+08	3.98014e+08	2.90196e+08	2.17201e+08	1.66221e+08	1.29656e+08	1.02822e+08	8.27317e+07	6.74231e+07	5.55752e+07	4.62775e+07	3.88896e+07	3.29529e+07	
0	3.96924e+07	4.72328e+07	5.67224e+07	6.88149e+07	8.44396e+07	1.04945e+08	1.32333e+08	1.69652e+08	2.21685e+08	2.96187e+08	4.06231e+08	5.74837e+08	8.44489e+08	1.28769e+09	8.44489e+08	5.74837e+08	4.06231e+08	2.96187e+08	2.21685e+08	1.69652e+08	1.32333e+08	1.04945e+08	8.44396e+07	6.88149e+07	5.67224e+07	4.72328e+07	3.96924e+07	3.36332e+07	
0	4.05081e+07	4.82034e+07	5.78881e+07	7.02291e+07	8.61748e+07	1.07101e+08	1.35052e+08	1.73138e+08	2.2624e+08	3.02274e+08	4.14578e+08	5.8665e+08	8.61843e+08	1.31415e+09	8.61843e+08	5.8665e+08	4.14578e+08	3.02274e+08	2.2624e+08	1.73138e+08	1.35052e+08	1.07101e+08	8.61748e+07	7.02291e+07	5.78881e+07	4.82034e+07	4.05081e+07	3.43243e+07	
0	4.13367e+07	4.91895e+07	5.90722e+07	7.16657e+07	8.79376e+07	1.09292e+08	1.37815e+08	1.7668e+08	2.30868e+08	3.08457e+08	4.23059e+08	5.98651e+08	8.79473e+08	1.34103e+09	8.79473e+08	5.98651e+08	4.23059e+08	3.08457e+08	2.30868e+08	1.7668e+08	1.37815e+08	1.09292e+08	8.79376e+07	7.16657e+07	5.90722e+07	4.91895e+07	4.13367e+07	3.50265e+07	
0	4.21785e+07	5.01911e+07	6.02752e+07	7.3125e+07	8.97283e+07	1.11518e+08	1.40621e+08	1.80278e+08	2.3557e+08	3.14738e+08	4.31674e+08	6.10841e+08	8.97382e+08	1.36834e+09	8.97382e+08	6.10841e+08	4.31674e+08	3.14738e+08	2.3557e+08	1.80278e+08	1.40621e+08	1.11518e+08	8.97283e+07	7.3125e+07	6.02752e+07	5.01911e+07	4.21785e+07	3.57397e+07	
0	4.30335e+07	5.12086e+07	6.1497e+07	7.46074e+07	9.15472e+07	1.13779e+08	1.43472e+08	1.83932e+08	2.40345e+08	3.21118e+08	4.40425e+08	6.23224e+08	9.15573e+08	1.39608e+09	9.15573e+08	6.23224e+08	4.40425e+08	3.21118e+08	2.40345e+08	1.83932e+08	1.43472e+08	1.13779e+08	9.15472e+07	7.46074e+07	6.1497e+07	5.12086e+07	4.30335e+07	3.64642e+07	
0	4.39018e+07	5.22419e+07	6.27379e+07	7.61129e+07	9.33945e+07	1.16074e+08	1.46367e+08	1.87644e+08	2.45195e+08	3.27598e+08	4.49312e+08	6.358e+08	9.34048e+08	1.42425e+09	9.34048e+08	6.358e+08	4.49312e+08	3.27598e+08	2.45195e+08	1.87644e+08	1.46367e+08	1.16074e+08	9.33945e+07	7.61129e+07	6.27379e+07	5.22419e+07	4.39018e+07	3.72e+07	
0	4.47837e+07	5.32913e+07	6.39982e+07	7.76418e+07	9.52706e+07	1.18406e+08	1.49307e+08	1.91413e+08	2.5012e+08	3.34179e+08	4.58337e+08	6.48571e+08	9.52811e+08	1.45286e+09	9.52811e+08	6.48571e+08	4.58337e+08	3.34179e+08	2.5012e+08	1.91413e+08	1.49307e+08	1.18406e+08	9.52706e+07	7.76418e+07	6.39982e+07	5.32913e+07	4.47837e+07	3.79473e+07	
0	4.56792e+07	5.43569e+07	6.52779e+07	7.91943e+07	9.71756e+07	1.20774e+08	1.52292e+08	1.95241e+08	2.55122e+08	3.40861e+08	4.67502e+08	6.6154e+08	9.71863e+08	1.48191e+09	9.71863e+08	6.6154e+08	4.67502e+08	3.40861e+08	2.55122e+08	1.95241e+08	1.52292e+08	1.20774e+08	9.71756e+07	7.91943e+07	6.52779e+07	5.43569e+07	4.56792e+07	3.87061e+07	
0	4.65885e+07	5.54389e+07	6.65773e+07	8.07707e+07	9.911e+07	1.23178e+08	1.55324e+08	1.99127e+08	2.602e+08	3.47646e+08	4.76808e+08	6.74708e+08	9.91208e+08	1.51141e+09	9.91208e+08	6.74708e+08	4.76808e+08	3.47646e+08	2.602e+08	1.99127e+08	1.55324e+08	1.23178e+08	9.911e+07	8.07707e+07	6.65773e+07	5.54389e+07	4.65885e+07	3.94765e+07	
0	4.75116e+07	5.65374e+07	6.78965e+07	8.23712e+07	1.01074e+08	1.25619e+08	1.58402e+08	2.03073e+08	2.65356e+08	3.54535e+08	4.86256e+08	6.88078e+08	1.01085e+09	1.54136e+09	1.01085e+09	6.88078e+08	4.86256e+08	3.54535e+08	2.65356e+08	2.03073e+08	1.58402e+08	1.25619e+08	1.01074e+08	8.23712e+07	6.78965e+07	5.65374e+07	4.75116e+07	4.02588e+07	
0	4.84488e+07	5.76527e+07	6.92358e+07	8.3996e+07	1.03068e+08	1.28096e+08	1.61526e+08	2.07078e+08	2.7059e+08	3.61528e+08	4.95848e+08	7.0165e+08	1.03079e+09	1.57177e+09	1.03079e+09	7.0165e+08	4.95848e+08	3.61528e+08	2.7059e+08	2.07078e+08	1.61526e+08	1.28096e+08	1.03068e+08	8.3996e+07	6.92358e+07	5.76527e+07	4.84488e+07	4.10529e+07	
0	4.94001e+07	5.87847e+07	7.05953e+07	8.56453e+07	1.05091e+08	1.30612e+08	1.64698e+08	2.11144e+08	2.75903e+08	3.68627e+08	5.05584e+08	7.15427e+08	1.05103e+09	1.60263e+09	1.05103e+09	7.15427e+08	5.05584e+08	3.68627e+08	2.75903e+08	2.11144e+08	1.64698e+08	1.30612e+08	1.05091e+08	8.56453e+07	7.05953e+07	5.87847e+07	4.94001e+07	4.1859e+07	
0	5.03657e+07	5.99337e+07	7.19751e+07	8.73193e+07	1.07145e+08	1.33165e+08	1.67917e+08	2.15271e+08	2.81296e+08	3.75832e+08	5.15466e+08	7.29411e+08	1.07157e+09	1.63396e+09	1.07157e+09	7.29411e+08	5.15466e+08	3.75832e+08	2.81296e+08	2.15271e+08	1.67917e+08	1.33165e+08	1.07145e+08	8.73193e+07	7.19751e+07	5.99337e+07	5.03657e+07	4.26771e+07	
0	5.13457e+07	6.10999e+07	7.33756e+07	8.90183e+07	1.0923e+08	1.35756e+08	1.71184e+08	2.1946e+08	2.86769e+08	3.83145e+08	5.25496e+08	7.43604e+08	1.09242e+09	1.66575e+09	1.09242e+09	7.43604e+08	5.25496e+08	3.83145e+08	2.86769e+08	2.1946e+08	1.71184e+08	1.35756e+08	1.0923e+08	8.90183e+07	7.33756e+07	6.10999e+07	5.13457e+07	4.35075e+07	
0	5.23402e+07	6.22834e+07	7.47969e+07	9.07426e+07	1.11346e+08	1.38385e+08	1.745e+08	2.23711e+08	2.92324e+08	3.90566e+08	5.35675e+08	7.58007e+08	1.11358e+09	1.69801e+09	1.11358e+09	7.58007e+08	5.35675e+08	3.90566e+08	2.92324e+08	2.23711e+08	1.745e+08	1.38385e+08	1.11346e+08	9.07426e+07	7.47969e+07	6.22834e+07	5.23402e+07	4.43503e+07	
0	5.33494e+07	6.34843e+07	7.6239e+07	9.24922e+07	1.13493e+08	1.41054e+08	1.77865e+08	2.28024e+08	2.9796e+08	3.98097e+08	5.46003e+08	7.72623e+08	1.13505e+09	1.73075e+09	1.13505e+09	7.72623e+08	5.46003e+08	3.98097e+08	2.9796e+08	2.28024e+08	1.77865e+08	1.41054e+08	1.13493e+08	9.24922e+07	7.6239e+07	6.34843e+07	5.33494e+07	4.52054e+07	
0	5.43734e+07	6.47028e+07	7.77024e+07	9.42675e+07	1.15671e+08	1.43761e+08	1.81279e+08	2.32401e+08	3.03679e+08	4.05738e+08	5.56483e+08	7.87452e+08	1.15684e+09	1.76398e+09	1.15684e+09	7.87452e+08	5.56483e+08	4.05738e+08	3.03679e+08	2.32401e+08	1.81279e+08	1.43761e+08	1.15671e+08	9.42675e+07	7.77024e+07	6.47028e+07	5.43734e+07	4.60731e+07	
0	5.54123e+07	6.5939e+07	7.9187e+07	9.60687e+07	1.17881e+08	1.46508e+08	1.84742e+08	2.36842e+08	3.09482e+08	4.1349e+08	5.67116e+08	8.02498e+08	1.17894e+09	1.79768e+09	1.17894e+09	8.02498e+08	5.67116e+08	4.1349e+08	3.09482e+08	2.36842e+08	1.84742e+08	1.46508e+08	1.17881e+08	9.60687e+07	7.9187e+07	6.5939e+07	5.54123e+07	4.69534e+07	
0	5.64663e+07	6.71932e+07	8.06931e+07	9.78959e+07	1.20123e+08	1.49294e+08	1.88256e+08	2.41346e+08	3.15368e+08	4.21355e+08	5.77902e+08	8.17761e+08	1.20137e+09	1.83187e+09	1.20137e+09	8.17761e+08	5.77902e+08	4.21355e+08	3.15368e+08	2.41346e+08	1.88256e+08	1.49294e+08	1.20123e+08	9.78959e+07	8.06931e+07	6.71932e+07	5.64663e+07	4.78464e+07	
0	5.75354e+07	6.84654e+07	8.22209e+07	9.97494e+07	1.22398e+08	1.52121e+08	1.9182e+08	2.45916e+08	3.21339e+08	4.29332e+08	5.88844e+08	8.33245e+08	1.22411e+09	1.86656e+09	1.22411e+09	8.33245e+08	5.88844e+08	4.29332e+08	3.21339e+08	2.45916e+08	1.9182e+08	1.52121e+08	1.22398e+08	9.97494e+07	8.22209e+07	6.84654e+07	5.75354e+07	4.87523e+07	
0	5.86198e+07	6.97558e+07	8.37706e+07	1.01629e+08	1.24705e+08	1.54988e+08	1.95436e+08	2.50551e+08	3.27396e+08	4.37424e+08	5.99942e+08	8.48949e+08	1.24718e+09	1.90174e+09	1.24718e+09	8.48949e+08	5.99942e+08	4.37424e+08	3.27396e+08	2.50551e+08	1.95436e+08	1.54988e+08	1.24705e+08	1.01629e+08	8.37706e+07	6.97558e+07	5.86198e+07	4.96712e+07	
0	5.97196e+07	7.10646e+07	8.53423e+07	1.03536e+08	1.27044e+08	1.57896e+08	1.99102e+08	2.55252e+08	3.33538e+08	4.45631e+08	6.11198e+08	8.64877e+08	1.27058e+09	1.93742e+09	1.27058e+09	8.64877e+08	6.11198e+08	4.45631e+08	3.33538e+08	2.55252e+08	1.99102e+08	1.57896e+08	1.27044e+08	1.03536e+08	8.53423e+07	7.10646e+07	5.97196e+07	5.06031e+07	
0	6.0835e+07	7.23918e+07	8.69362e+07	1.0547e+08	1.29417e+08	1.60845e+08	2.02821e+08	2.60019e+08	3.39768e+08	4.53954e+08	6.22614e+08	8.8103e+08	1.29431e+09	1.9736e+09	1.29431e+09	8.8103e+08	6.22614e+08	4.53954e+08	3.39768e+08	2.60019e+08	2.02821e+08	1.60845e+08	1.29417e+08	1.0547e+08	8.69362e+07	7.23918e+07	6.0835e+07	5.15482e+07	
0	6.1966e+07	7.37377e+07	8.85526e+07	1.07431e+08	1.31823e+08	1.63835e+08	2.06592e+08	2.64853e+08	3.46085e+08	4.62394e+08	6.34189e+08	8.9741e+08	1.31838e+09	2.0103e+09	1.31838e+09	8.9741e+08	6.34189e+08	4.62394e+08	3.46085e+08	2.64853e+08	2.06592e+08	1.63835e+08	1.31823e+08	1.07431e+08	8.85526e+07	7.37377e+07	6.1966e+07	5.25066e+07	
0	6.31129e+07	7.51024e+07	9.01914e+07	1.09419e+08	1.34263e+08	1.66868e+08	2.10415e+08	2.69755e+08	3.5249e+08	4.70952e+08	6.45926e+08	9.14019e+08	1.34278e+09	2.0475e+09	1.34278e+09	9.14019e+08	6.45926e+08	4.70952e+08	3.5249e+08	2.69755e+08	2.10415e+08	1.66868e+08	1.34263e+08	1.09419e+08	9.01914e+07	7.51024e+07	6.31129e+07	5.34784e+07	
0	6.42756e+07	7.64861e+07	9.18531e+07	1.11435e+08	1.36737e+08	1.69942e+08	2.14292e+08	2.74725e+08	3.58984e+08	4.79628e+08	6.57827e+08	9.30859e+08	1.36752e+09	2.08523e+09	1.36752e+09	9.30859e+08	6.57827e+08	4.79628e+08	3.58984e+08	2.74725e+08	2.14292e+08	1.69942e+08	1.36737e+08	1.11435e+08	9.18531e+07	7.64861e+07	6.42756e+07	5.44636e+07	
0	6.54544e+07	7.78888e+07	9.35376e+07	1.13479e+08	1.39244e+08	1.73058e+08	2.18222e+08	2.79763e+08	3.65567e+08	4.88425e+08	6.69891e+08	9.4793e+08	1.3926e+09	2.12347e+09	1.3926e+09	9.4793e+08	6.69891e+08	4.88425e+08	3.65567e+08	2.79763e+08	2.18222e+08	1.73058e+08	1.39244e+08	1.13479e+08	9.35376e+07	7.78888e+07	6.54544e+07	5.54625e+07	
0	6.66494e+07	7.93108e+07	9.52453e+07	1.1555e+08	1.41786e+08	1.76218e+08	2.22206e+08	2.8487e+08	3.72241e+08	4.97341e+08	6.82121e+08	9.65236e+08	1.41802e+09	2.16224e+09	1.41802e+09	9.65236e+08	6.82121e+08	4.97341e+08	3.72241e+08	2.8487e+08	2.22206e+08	1.76218e+08	1.41786e+08	1.1555e+08	9.52453e+07	7.93108e+07	6.66494e+07	5.6475e+07	
0	6.78606e+07	8.07521e+07	9.69762e+07	1.1765e+08	1.44363e+08	1.7942e+08	2.26244e+08	2.90047e+08	3.79006e+08	5.0638e+08	6.94517e+08	9.82777e+08	1.44379e+09	2.20153e+09	1.44379e+09	9.82777e+08	6.94517e+08	5.0638e+08	3.79006e+08	2.90047e+08	2.26244e+08	1.7942e+08	1.44363e+08	1.1765e+08	9.69762e+07	8.07521e+07	6.78606e+07	5.75013e+07	
0	6.90882e+07	8.2213e+07	9.87306e+07	1.19779e+08	1.46975e+08	1.82666e+08	2.30337e+08	2.95295e+08	3.85863e+08	5.15541e+08	7.07081e+08	1.00056e+09	1.46991e+09	2.24136e+09	1.46991e+09	1.00056e+09	7.07081e+08	5.15541e+08	3.85863e+08	2.95295e+08	2.30337e+08	1.82666e+08	1.46975e+08	1.19779e+08	9.87306e+07	8.2213e+07	6.90882e+07	5.85416e+07	
0	7.03324e+07	8.36935e+07	1.00509e+08	1.21936e+08	1.49622e+08	1.85956e+08	2.34485e+08	3.00612e+08	3.92811e+08	5.24825e+08	7.19815e+08	1.01857e+09	1.49638e+09	2.28172e+09	1.49638e+09	1.01857e+09	7.19815e+08	5.24825e+08	3.92811e+08	3.00612e+08	2.34485e+08	1.85956e+08	1.49622e+08	1.21936e+08	1.00509e+08	8.36935e+07	7.03324e+07	5.95958e+07	
0	7.15932e+07	8.51938e+07	1.0231e+08	1.24122e+08	1.52304e+08	1.89289e+08	2.38688e+08	3.06001e+08	3.99853e+08	5.34233e+08	7.32718e+08	1.03683e+09	1.5232e+09	2.32263e+09	1.5232e+09	1.03683e+09	7.32718e+08	5.34233e+08	3.99853e+08	3.06001e+08	2.38688e+08	1.89289e+08	1.52304e+08	1.24122e+08	1.0231e+08	8.51938e+07	7.15932e+07	6.06642e+07	
0	7.28708e+07	8.67141e+07	1.04136e+08	1.26336e+08	1.55022e+08	1.92667e+08	2.42948e+08	3.11462e+08	4.06988e+08	5.43766e+08	7.45793e+08	1.05534e+09	1.55039e+09	2.36408e+09	1.55039e+09	1.05534e+09	7.45793e+08	5.43766e+08	4.06988e+08	3.11462e+08	2.42948e+08	1.92667e+08	1.55022e+08	1.26336e+08	1.04136e+08	8.67141e+07	7.28708e+07	6.17467e+07	
0	7.41652e+07	8.82544e+07	1.05986e+08	1.28581e+08	1.57775e+08	1.96089e+08	2.47263e+08	3.16994e+08	4.14218e+08	5.53425e+08	7.59041e+08	1.07408e+09	1.57793e+09	2.40607e+09	1.57793e+09	1.07408e+09	7.59041e+08	5.53425e+08	4.14218e+08	3.16994e+08	2.47263e+08	1.96089e+08	1.57775e+08	1.28581e+08	1.05986e+08	8.82544e+07	7.41652e+07	6.28435e+07	
0	7.54767e+07	8.9815e+07	1.0786e+08	1.30854e+08	1.60565e+08	1.99557e+08	2.51636e+08	3.226e+08	4.21542e+08	5.63211e+08	7.72463e+08	1.09308e+09	1.60583e+09	2.44862e+09	1.60583e+09	1.09308e+09	7.72463e+08	5.63211e+08	4.21542e+08	3.226e+08	2.51636e+08	1.99557e+08	1.60565e+08	1.30854e+08	1.0786e+08	8.9815e+07	7.54767e+07	6.39548e+07	
0	7.68052e+07	9.13959e+07	1.09759e+08	1.33158e+08	1.63391e+08	2.03069e+08	2.56065e+08	3.28278e+08	4.28962e+08	5.73125e+08	7.8606e+08	1.11232e+09	1.63409e+09	2.49172e+09	1.63409e+09	1.11232e+09	7.8606e+08	5.73125e+08	4.28962e+08	3.28278e+08	2.56065e+08	2.03069e+08	1.63391e+08	1.33158e+08	1.09759e+08	9.13959e+07	7.68052e+07	6.50805e+07	
0	7.8151e+07	9.29974e+07	1.11682e+08	1.35491e+08	1.66254e+08	2.06628e+08	2.60552e+08	3.3403e+08	4.36479e+08	5.83167e+08	7.99834e+08	1.13181e+09	1.66273e+09	2.53538e+09	1.66273e+09	1.13181e+09	7.99834e+08	5.83167e+08	4.36479e+08	3.3403e+08	2.60552e+08	2.06628e+08	1.66254e+08	1.35491e+08	1.11682e+08	9.29974e+07	7.8151e+07	6.62209e+07	
0	7.95141e+07	9.46195e+07	1.1363e+08	1.37854e+08	1.69154e+08	2.10232e+08	2.65096e+08	3.39857e+08	4.44092e+08	5.93339e+08	8.13785e+08	1.15155e+09	1.69173e+09	2.5796e+09	1.69173e+09	1.15155e+09	8.13785e+08	5.93339e+08	4.44092e+08	3.39857e+08	2.65096e+08	2.10232e+08	1.69154e+08	1.37854e+08	1.1363e+08	9.46195e+07	7.95141e+07	6.73759e+07	
0	8.08947e+07	9.62623e+07	1.15603e+08	1.40248e+08	1.72091e+08	2.13882e+08	2.69699e+08	3.45757e+08	4.51802e+08	6.03641e+08	8.27914e+08	1.17154e+09	1.7211e+09	2.62439e+09	1.7211e+09	1.17154e+09	8.27914e+08	6.03641e+08	4.51802e+08	3.45757e+08	2.69699e+08	2.13882e+08	1.72091e+08	1.40248e+08	1.15603e+08	9.62623e+07	8.08947e+07	6.85457e+07	
0	8.22928e+07	9.7926e+07	1.17601e+08	1.42672e+08	1.75066e+08	2.17578e+08	2.74361e+08	3.51733e+08	4.59611e+08	6.14074e+08	8.42223e+08	1.19179e+09	1.75085e+09	2.66975e+09	1.75085e+09	1.19179e+09	8.42223e+08	6.14074e+08	4.59611e+08	3.51733e+08	2.74361e+08	2.17578e+08	1.75066e+08	1.42672e+08	1.17601e+08	9.7926e+07	8.22928e+07	6.97304e+07	
0	8.37086e+07	9.96108e+07	1.19624e+08	1.45126e+08	1.78077e+08	2.21322e+08	2.79081e+08	3.57785e+08	4.67519e+08	6.24639e+08	8.56713e+08	1.21229e+09	1.78097e+09	2.71568e+09	1.78097e+09	1.21229e+09	8.56713e+08	6.24639e+08	4.67519e+08	3.57785e+08	2.79081e+08	2.21322e+08	1.78077e+08	1.45126e+08	1.19624e+08	9.96108e+07	8.37086e+07	7.09301e+07	
0	8.51422e+07	1.01317e+08	1.21673e+08	1.47612e+08	1.81127e+08	2.25112e+08	2.8386e+08	3.63912e+08	4.75525e+08	6.35337e+08	8.71386e+08	1.23306e+09	1.81147e+09	2.76219e+09	1.81147e+09	1.23306e+09	8.71386e+08	6.35337e+08	4.75525e+08	3.63912e+08	2.8386e+08	2.25112e+08	1.81127e+08	1.47612e+08	1.21673e+08	1.01317e+08	8.51422e+07	7.21449e+07	
0	8.65937e+07	1.03044e+08	1.23747e+08	1.50128e+08	1.84215e+08	2.2895e+08	2.887e+08	3.70116e+08	4.83632e+08	6.46168e+08	8.86241e+08	1.25408e+09	1.84235e+09	2.80929e+09	1.84235e+09	1.25408e+09	8.86241e+08	6.46168e+08	4.83632e+08	3.70116e+08	2.887e+08	2.2895e+08	1.84215e+08	1.50128e+08	1.23747e+08	1.03044e+08	8.65937e+07	7.33748e+07	
0	8.80632e+07	1.04793e+08	1.25847e+08	1.52676e+08	1.87341e+08	2.32835e+08	2.93599e+08	3.76397e+08	4.91839e+08	6.57133e+08	9.0128e+08	1.27536e+09	1.87362e+09	2.85696e+09	1.87362e+09	1.27536e+09	9.0128e+08	6.57133e+08	4.91839e+08	3.76397e+08	2.93599e+08	2.32835e+08	1.87341e+08	1.52676e+08	1.25847e+08	1.04793e+08	8.80632e+07	7.462e+07	
0	8.95509e+07	1.06563e+08	1.27973e+08	1.55255e+08	1.90506e+08	2.36768e+08	2.98559e+08	3.82755e+08	5.00148e+08	6.68234e+08	9.16505e+08	1.2969e+09	1.90527e+09	2.90522e+09	1.90527e+09	1.2969e+09	9.16505e+08	6.68234e+08	5.00148e+08	3.82755e+08	2.98559e+08	2.36768e+08	1.90506e+08	1.55255e+08	1.27973e+08	1.06563e+08	8.95509e+07	7.58805e+07	
0	9.10567e+07	1.08355e+08	1.30125e+08	1.57865e+08	1.93709e+08	2.4075e+08	3.03579e+08	3.89191e+08	5.08558e+08	6.79471e+08	9.31917e+08	1.31871e+09	1.93731e+09	2.95408e+09	1.93731e+09	1.31871e+09	9.31917e+08	6.79471e+08	5.08558e+08	3.89191e+08	3.03579e+08	2.4075e+08	1.93709e+08	1.57865e+08	1.30125e+08	1.08355e+08	9.10567e+07	7.71564e+07	
0	9.25808e+07	1.10168e+08	1.32303e+08	1.60508e+08	1.96952e+08	2.4478e+08	3.0866e+08	3.95706e+08	5.17071e+08	6.90844e+08	9.47516e+08	1.34078e+09	1.96973e+09	3.00352e+09	1.96973e+09	1.34078e+09	9.47516e+08	6.90844e+08	5.17071e+08	3.95706e+08	3.0866e+08	2.4478e+08	1.96952e+08	1.60508e+08	1.32303e+08	1.10168e+08	9.25808e+07	7.84479e+07	
0	9.41234e+07	1.12004e+08	1.34507e+08	1.63182e+08	2.00233e+08	2.48858e+08	3.13803e+08	4.02299e+08	5.25686e+08	7.02355e+08	9.63303e+08	1.36312e+09	2.00255e+09	3.05357e+09	2.00255e+09	1.36312e+09	9.63303e+08	7.02355e+08	5.25686e+08	4.02299e+08	3.13803e+08	2.48858e+08	2.00233e+08	1.63182e+08	1.34507e+08	1.12004e+08	9.41234e+07	7.9755e+07	
0	9.56845e+07	1.13862e+08	1.36738e+08	1.65889e+08	2.03554e+08	2.52986e+08	3.19008e+08	4.08972e+08	5.34405e+08	7.14004e+08	9.7928e+08	1.38573e+09	2.03577e+09	3.10421e+09	2.03577e+09	1.38573e+09	9.7928e+08	7.14004e+08	5.34405e+08	4.08972e+08	3.19008e+08	2.52986e+08	2.03554e+08	1.65889e+08	1.36738e+08	1.13862e+08	9.56845e+07	8.10778e+07	
0	9.72643e+07	1.15742e+08	1.38996e+08	1.68628e+08	2.06915e+08	2.57162e+08	3.24275e+08	4.15724e+08	5.43228e+08	7.25792e+08	9.95448e+08	1.40861e+09	2.06938e+09	3.15547e+09	2.06938e+09	1.40861e+09	9.95448e+08	7.25792e+08	5.43228e+08	4.15724e+08	3.24275e+08	2.57162e+08	2.06915e+08	1.68628e+08	1.38996e+08	1.15742e+08	9.72643e+07	8.24164e+07	
0	9.88627e+07	1.17644e+08	1.4128e+08	1.71399e+08	2.10316e+08	2.61389e+08	3.29604e+08	4.22556e+08	5.52155e+08	7.3772e+08	1.01181e+09	1.43176e+09	2.10339e+09	3.20732e+09	2.10339e+09	1.43176e+09	1.01181e+09	7.3772e+08	5.52155e+08	4.22556e+08	3.29604e+08	2.61389e+08	2.10316e+08	1.71399e+08	1.4128e+08	1.17644e+08	9.88627e+07	8.37708e+07	
0	1.0048e+08	1.19568e+08	1.43591e+08	1.74203e+08	2.13756e+08	2.65665e+08	3.34996e+08	4.29468e+08	5.61188e+08	7.49788e+08	1.02836e+09	1.45518e+09	2.1378e+09	3.25979e+09	2.1378e+09	1.45518e+09	1.02836e+09	7.49788e+08	5.61188e+08	4.29468e+08	3.34996e+08	2.65665e+08	2.13756e+08	1.74203e+08	1.43591e+08	1.19568e+08	1.0048e+08	8.51412e+07	
0	1.02116e+08	1.21515e+08	1.45929e+08	1.77039e+08	2.17237e+08	2.69991e+08	3.40451e+08	4.36462e+08	5.70326e+08	7.61997e+08	1.0451e+09	1.47888e+09	2.17261e+09	3.31288e+09	2.17261e+09	1.47888e+09	1.0451e+09	7.61997e+08	5.70326e+08	4.36462e+08	3.40451e+08	2.69991e+08	2.17237e+08	1.77039e+08	1.45929e+08	1.21515e+08	1.02116e+08	8.65277e+07	
0	1.03771e+08	1.23485e+08	1.48295e+08	1.79909e+08	2.20758e+08	2.74367e+08	3.45969e+08	4.43536e+08	5.79571e+08	7.74349e+08	1.06205e+09	1.50285e+09	2.20782e+09	3.36658e+09	2.20782e+09	1.50285e+09	1.06205e+09	7.74349e+08	5.79571e+08	4.43536e+08	3.45969e+08	2.74367e+08	2.20758e+08	1.79909e+08	1.48295e+08	1.23485e+08	1.03771e+08	8.79302e+07	
0	1.05446e+08	1.25477e+08	1.50687e+08	1.82812e+08	2.2432e+08	2.78794e+08	3.51551e+08	4.50693e+08	5.88922e+08	7.86843e+08	1.07918e+09	1.5271e+09	2.24345e+09	3.4209e+09	2.24345e+09	1.5271e+09	1.07918e+09	7.86843e+08	5.88922e+08	4.50693e+08	3.51551e+08	2.78794e+08	2.2432e+08	1.82812e+08	1.50687e+08	1.25477e+08	1.05446e+08	8.9349e+07	
0	1.07139e+08	1.27493e+08	1.53107e+08	1.85748e+08	2.27923e+08	2.83271e+08	3.57198e+08	4.57931e+08	5.98381e+08	7.9948e+08	1.09651e+09	1.55162e+09	2.27948e+09	3.47584e+09	2.27948e+09	1.55162e+09	1.09651e+09	7.9948e+08	5.98381e+08	4.57931e+08	3.57198e+08	2.83271e+08	2.27923e+08	1.85748e+08	1.53107e+08	1.27493e+08	1.07139e+08	9.0784e+07	
0	1.08852e+08	1.29531e+08	1.55555e+08	1.88718e+08	2.31567e+08	2.878e+08	3.62908e+08	4.65252e+08	6.07947e+08	8.12261e+08	1.11404e+09	1.57643e+09	2.31592e+09	3.53141e+09	2.31592e+09	1.57643e+09	1.11404e+09	8.12261e+08	6.07947e+08	4.65252e+08	3.62908e+08	2.878e+08	2.31567e+08	1.88718e+08	1.55555e+08	1.29531e+08	1.08852e+08	9.22353e+07	
0	1.10584e+08	1.31592e+08	1.58031e+08	1.91721e+08	2.35252e+08	2.9238e+08	3.68683e+08	4.72656e+08	6.17621e+08	8.25187e+08	1.13177e+09	1.60152e+09	2.35277e+09	3.58761e+09	2.35277e+09	1.60152e+09	1.13177e+09	8.25187e+08	6.17621e+08	4.72656e+08	3.68683e+08	2.9238e+08	2.35252e+08	1.91721e+08	1.58031e+08	1.31592e+08	1.10584e+08	9.37031e+07	
0	1.12336e+08	1.33677e+08	1.60534e+08	1.94758e+08	2.38978e+08	2.97011e+08	3.74523e+08	4.80143e+08	6.27405e+08	8.38258e+08	1.1497e+09	1.62688e+09	2.39004e+09	3.64444e+09	2.39004e+09	1.62688e+09	1.1497e+09	8.38258e+08	6.27405e+08	4.80143e+08	3.74523e+08	2.97011e+08	2.38978e+08	1.94758e+08	1.60534e+08	1.33677e+08	1.12336e+08	9.51874e+07	
0	1.14107e+08	1.35784e+08	1.63065e+08	1.97828e+08	2.42746e+08	3.01695e+08	3.80429e+08	4.87714e+08	6.37297e+08	8.51476e+08	1.16783e+09	1.65254e+09	2.42773e+09	3.7019e+09	2.42773e+09	1.65254e+09	1.16783e+09	8.51476e+08	6.37297e+08	4.87714e+08	3.80429e+08	3.01695e+08	2.42746e+08	1.97828e+08	1.63065e+08	1.35784e+08	1.14107e+08	9.66883e+07	
0	1.15898e+08	1.37915e+08	1.65624e+08	2.00933e+08	2.46556e+08	3.0643e+08	3.86399e+08	4.95368e+08	6.473e+08	8.6484e+08	1.18616e+09	1.67847e+09	2.46583e+09	3.76e+09	2.46583e+09	1.67847e+09	1.18616e+09	8.6484e+08	6.473e+08	4.95368e+08	3.86399e+08	3.0643e+08	2.46556e+08	2.00933e+08	1.65624e+08	1.37915e+08	1.15898e+08	9.82058e+07	
0	1.17709e+08	1.4007e+08	1.68212e+08	2.04072e+08	2.50408e+08	3.11217e+08	3.92436e+08	5.03107e+08	6.57412e+08	8.78351e+08	1.20469e+09	1.70469e+09	2.50435e+09	3.81875e+09	2.50435e+09	1.70469e+09	1.20469e+09	8.78351e+08	6.57412e+08	5.03107e+08	3.92436e+08	3.11217e+08	2.50408e+08	2.04072e+08	1.68212e+08	1.4007e+08	1.17709e+08	9.974e+07	
0	1.19539e+08	1.42248e+08	1.70828e+08	2.07246e+08	2.54302e+08	3.16057e+08	3.98539e+08	5.10931e+08	6.67635e+08	8.9201e+08	1.22342e+09	1.7312e+09	2.5433e+09	3.87813e+09	2.5433e+09	1.7312e+09	1.22342e+09	8.9201e+08	6.67635e+08	5.10931e+08	3.98539e+08	3.16057e+08	2.54302e+08	2.07246e+08	1.70828e+08	1.42248e+08	1.19539e+08	1.01291e+08	
0	1.2139e+08	1.4445e+08	1.73472e+08	2.10454e+08	2.58238e+08	3.20949e+08	4.04708e+08	5.1884e+08	6.7797e+08	9.05817e+08	1.24236e+09	1.758e+09	2.58267e+09	3.93816e+09	2.58267e+09	1.758e+09	1.24236e+09	9.05817e+08	6.7797e+08	5.1884e+08	4.04708e+08	3.20949e+08	2.58238e+08	2.10454e+08	1.73472e+08	1.4445e+08	1.2139e+08	1.02859e+08	
0	1.2326e+08	1.46676e+08	1.76145e+08	2.13696e+08	2.62217e+08	3.25894e+08	4.10943e+08	5.26834e+08	6.88416e+08	9.19773e+08	1.2615e+09	1.78509e+09	2.62246e+09	3.99884e+09	2.62246e+09	1.78509e+09	1.2615e+09	9.19773e+08	6.88416e+08	5.26834e+08	4.10943e+08	3.25894e+08	2.62217e+08	2.13696e+08	1.76145e+08	1.46676e+08	1.2326e+08	1.04444e+08	
0	1.2515e+08	1.48925e+08	1.78846e+08	2.16974e+08	2.66238e+08	3.30892e+08	4.17245e+08	5.34913e+08	6.98973e+08	9.33879e+08	1.28085e+09	1.81246e+09	2.66268e+09	4.06017e+09	2.66268e+09	1.81246e+09	1.28085e+09	9.33879e+08	6.98973e+08	5.34913e+08	4.17245e+08	3.30892e+08	2.66238e+08	2.16974e+08	1.78846e+08	1.48925e+08	1.2515e+08	1.06046e+08	
0	1.27061e+08	1.51199e+08	1.81576e+08	2.20286e+08	2.70303e+08	3.35943e+08	4.23615e+08	5.43079e+08	7.09644e+08	9.48135e+08	1.3004e+09	1.84013e+09	2.70332e+09	4.12215e+09	2.70332e+09	1.84013e+09	1.3004e+09	9.48135e+08	7.09644e+08	5.43079e+08	4.23615e+08	3.35943e+08	2.70303e+08	2.20286e+08	1.81576e+08	1.51199e+08	1.27061e+08	1.07664e+08	
0	1.28991e+08	1.53496e+08	1.84335e+08	2.23633e+08	2.7441e+08	3.41048e+08	4.30052e+08	5.51331e+08	7.20427e+08	9.62542e+08	1.32016e+09	1.86809e+09	2.7444e+09	4.18479e+09	2.7444e+09	1.86809e+09	1.32016e+09	9.62542e+08	7.20427e+08	5.51331e+08	4.30052e+08	3.41048e+08	2.7441e+08	2.23633e+08	1.84335e+08	1.53496e+08	1.28991e+08	1.093e+08	
0	1.30942e+08	1.55818e+08	1.87123e+08	2.27016e+08	2.7856e+08	3.46206e+08	4.36556e+08	5.5967e+08	7.31323e+08	9.771e+08	1.34013e+09	1.89635e+09	2.78591e+09	4.24808e+09	2.78591e+09	1.89635e+09	1.34013e+09	9.771e+08	7.31323e+08	5.5967e+08	4.36556e+08	3.46206e+08	2.7856e+08	2.27016e+08	1.87123e+08	1.55818e+08	1.30942e+08	1.10953e+08	
0	1.32914e+08	1.58163e+08	1.8994e+08	2.30433e+08	2.82754e+08	3.51418e+08	4.43128e+08	5.68095e+08	7.42332e+08	9.9181e+08	1.3603e+09	1.9249e+09	2.82785e+09	4.31204e+09	2.82785e+09	1.9249e+09	1.3603e+09	9.9181e+08	7.42332e+08	5.68095e+08	4.43128e+08	3.51418e+08	2.82754e+08	2.30433e+08	1.8994e+08	1.58163e+08	1.32914e+08	1.12624e+08	
0	1.34905e+08	1.60533e+08	1.92787e+08	2.33886e+08	2.86991e+08	3.56684e+08	4.49769e+08	5.76608e+08	7.53456e+08	1.00667e+09	1.38069e+09	1.95374e+09	2.87022e+09	4.37665e+09	2.87022e+09	1.95374e+09	1.38069e+09	1.00667e+09	7.53456e+08	5.76608e+08	4.49769e+08	3.56684e+08	2.86991e+08	2.33886e+08	1.92787e+08	1.60533e+08	1.34905e+08	1.14311e+08	
0	1.36918e+08	1.62928e+08	1.95662e+08	2.37375e+08	2.91272e+08	3.62004e+08	4.56477e+08	5.85209e+08	7.64694e+08	1.02169e+09	1.40128e+09	1.98288e+09	2.91303e+09	4.44193e+09	2.91303e+09	1.98288e+09	1.40128e+09	1.02169e+09	7.64694e+08	5.85209e+08	4.56477e+08	3.62004e+08	2.91272e+08	2.37375e+08	1.95662e+08	1.62928e+08	1.36918e+08	1.16016e+08	
0	1.3895e+08	1.65347e+08	1.98567e+08	2.40899e+08	2.95596e+08	3.67378e+08	4.63254e+08	5.93897e+08	7.76047e+08	1.03686e+09	1.42208e+09	2.01232e+09	2.95628e+09	4.50788e+09	2.95628e+09	2.01232e+09	1.42208e+09	1.03686e+09	7.76047e+08	5.93897e+08	4.63254e+08	3.67378e+08	2.95596e+08	2.40899e+08	1.98567e+08	1.65347e+08	1.3895e+08	1.17739e+08	
0	1.41004e+08	1.6779e+08	2.01501e+08	2.44459e+08	2.99964e+08	3.72807e+08	4.701e+08	6.02673e+08	7.87515e+08	1.05218e+09	1.4431e+09	2.04206e+09	2.99997e+09	4.5745e+09	2.99997e+09	2.04206e+09	1.4431e+09	1.05218e+09	7.87515e+08	6.02673e+08	4.701e+08	3.72807e+08	2.99964e+08	2.44459e+08	2.01501e+08	1.6779e+08	1.41004e+08	1.19479e+08	
0	1.43078e+08	1.70258e+08	2.04465e+08	2.48054e+08	3.04376e+08	3.78291e+08	4.77014e+08	6.11537e+08	7.99098e+08	1.06765e+09	1.46432e+09	2.07209e+09	3.04409e+09	4.64178e+09	3.04409e+09	2.07209e+09	1.46432e+09	1.06765e+09	7.99098e+08	6.11537e+08	4.77014e+08	3.78291e+08	3.04376e+08	2.48054e+08	2.04465e+08	1.70258e+08	1.43078e+08	1.21236e+08	
0	1.45172e+08	1.72751e+08	2.07459e+08	2.51686e+08	3.08832e+08	3.83829e+08	4.83998e+08	6.20491e+08	8.10797e+08	1.08328e+09	1.48576e+09	2.10243e+09	3.08866e+09	4.70974e+09	3.08866e+09	2.10243e+09	1.48576e+09	1.08328e+09	8.10797e+08	6.20491e+08	4.83998e+08	3.83829e+08	3.08832e+08	2.51686e+08	2.07459e+08	1.72751e+08	1.45172e+08	1.23011e+08	
0	1.47288e+08	1.75268e+08	2.10482e+08	2.55354e+08	3.13332e+08	3.89422e+08	4.91051e+08	6.29532e+08	8.22613e+08	1.09907e+09	1.50741e+09	2.13307e+09	3.13367e+09	4.77837e+09	3.13367e+09	2.13307e+09	1.50741e+09	1.09907e+09	8.22613e+08	6.29532e+08	4.91051e+08	3.89422e+08	3.13332e+08	2.55354e+08	2.10482e+08	1.75268e+08	1.47288e+08	1.24804e+08	
0	1.49424e+08	1.7781e+08	2.13535e+08	2.59057e+08	3.17877e+08	3.9507e+08	4.98173e+08	6.38663e+08	8.34544e+08	1.11501e+09	1.52928e+09	2.164e+09	3.17912e+09	4.84768e+09	3.17912e+09	2.164e+09	1.52928e+09	1.11501e+09	8.34544e+08	6.38663e+08	4.98173e+08	3.9507e+08	3.17877e+08	2.59057e+08	2.13535e+08	1.7781e+08	1.49424e+08	1.26614e+08	
0	1.51581e+08	1.80377e+08	2.16617e+08	2.62797e+08	3.22466e+08	4.00774e+08	5.05365e+08	6.47884e+08	8.46592e+08	1.13111e+09	1.55135e+09	2.19525e+09	3.22502e+09	4.91767e+09	3.22502e+09	2.19525e+09	1.55135e+09	1.13111e+09	8.46592e+08	6.47884e+08	5.05365e+08	4.00774e+08	3.22466e+08	2.62797e+08	2.16617e+08	1.80377e+08	1.51581e+08	1.28442e+08	
0	1.53759e+08	1.82969e+08	2.1973e+08	2.66574e+08	3.271e+08	4.06533e+08	5.12627e+08	6.57193e+08	8.58757e+08	1.14736e+09	1.57365e+09	2.22679e+09	3.27136e+09	4.98833e+09	3.27136e+09	2.22679e+09	1.57365e+09	1.14736e+09	8.58757e+08	6.57193e+08	5.12627e+08	4.06533e+08	3.271e+08	2.66574e+08	2.1973e+08	1.82969e+08	1.53759e+08	1.30287e+08	
0	1.55959e+08	1.85586e+08	2.22873e+08	2.70386e+08	3.31778e+08	4.12347e+08	5.19959e+08	6.66593e+08	8.71039e+08	1.16377e+09	1.59615e+09	2.25864e+09	3.31815e+09	5.05968e+09	3.31815e+09	2.25864e+09	1.59615e+09	1.16377e+09	8.71039e+08	6.66593e+08	5.19959e+08	4.12347e+08	3.31778e+08	2.70386e+08	2.22873e+08	1.85586e+08	1.55959e+08	1.32151e+08	
0	1.58179e+08	1.88228e+08	2.26045e+08	2.74235e+08	3.36501e+08	4.18217e+08	5.27361e+08	6.76082e+08	8.83439e+08	1.18034e+09	1.61887e+09	2.29079e+09	3.36538e+09	5.13171e+09	3.36538e+09	2.29079e+09	1.61887e+09	1.18034e+09	8.83439e+08	6.76082e+08	5.27361e+08	4.18217e+08	3.36501e+08	2.74235e+08	2.26045e+08	1.88228e+08	1.58179e+08	1.34032e+08	
0	1.6042e+08	1.90895e+08	2.29248e+08	2.78121e+08	3.41269e+08	4.24143e+08	5.34833e+08	6.85661e+08	8.95957e+08	1.19706e+09	1.64181e+09	2.32325e+09	3.41307e+09	5.20442e+09	3.41307e+09	2.32325e+09	1.64181e+09	1.19706e+09	8.95957e+08	6.85661e+08	5.34833e+08	4.24143e+08	3.41269e+08	2.78121e+08	2.29248e+08	1.90895e+08	1.6042e+08	1.35931e+08	
0	1.62682e+08	1.93587e+08	2.32481e+08	2.82043e+08	3.46082e+08	4.30125e+08	5.42375e+08	6.95331e+08	9.08592e+08	1.21394e+09	1.66497e+09	2.35601e+09	3.4612e+09	5.27782e+09	3.4612e+09	2.35601e+09	1.66497e+09	1.21394e+09	9.08592e+08	6.95331e+08	5.42375e+08	4.30125e+08	3.46082e+08	2.82043e+08	2.32481e+08	1.93587e+08	1.62682e+08	1.37848e+08	
0	1.64966e+08	1.96304e+08	2.35744e+08	2.86002e+08	3.5094e+08	4.36162e+08	5.49988e+08	7.05091e+08	9.21346e+08	1.23098e+09	1.68834e+09	2.38908e+09	3.50978e+09	5.3519e+09	3.50978e+09	2.38908e+09	1.68834e+09	1.23098e+09	9.21346e+08	7.05091e+08	5.49988e+08	4.36162e+08	3.5094e+08	2.86002e+08	2.35744e+08	1.96304e+08	1.64966e+08	1.39783e+08	
0	1.67271e+08	1.99047e+08	2.39038e+08	2.89998e+08	3.55843e+08	4.42256e+08	5.57672e+08	7.14942e+08	9.34218e+08	1.24818e+09	1.71192e+09	2.42246e+09	3.55882e+09	5.42668e+09	3.55882e+09	2.42246e+09	1.71192e+09	1.24818e+09	9.34218e+08	7.14942e+08	5.57672e+08	4.42256e+08	3.55843e+08	2.89998e+08	2.39038e+08	1.99047e+08	1.67271e+08	1.41736e+08	
0	1.69596e+08	2.01815e+08	2.42362e+08	2.9403e+08	3.60791e+08	4.48405e+08	5.65427e+08	7.24884e+08	9.47208e+08	1.26554e+09	1.73573e+09	2.45615e+09	3.6083e+09	5.50214e+09	3.6083e+09	2.45615e+09	1.73573e+09	1.26554e+09	9.47208e+08	7.24884e+08	5.65427e+08	4.48405e+08	3.60791e+08	2.9403e+08	2.42362e+08	2.01815e+08	1.69596e+08	1.43707e+08	
0	1.71944e+08	2.04608e+08	2.45716e+08	2.981e+08	3.65784e+08	4.54611e+08	5.73252e+08	7.34916e+08	9.60318e+08	1.28305e+09	1.75975e+09	2.49014e+09	3.65824e+09	5.57829e+09	3.65824e+09	2.49014e+09	1.75975e+09	1.28305e+09	9.60318e+08	7.34916e+08	5.73252e+08	4.54611e+08	3.65784e+08	2.981e+08	2.45716e+08	2.04608e+08	1.71944e+08	1.45696e+08	
0	1.74312e+08	2.07426e+08	2.49101e+08	3.02206e+08	3.70823e+08	4.60874e+08	5.81149e+08	7.45039e+08	9.73546e+08	1.30073e+09	1.78399e+09	2.52444e+09	3.70864e+09	5.65513e+09	3.70864e+09	2.52444e+09	1.78399e+09	1.30073e+09	9.73546e+08	7.45039e+08	5.81149e+08	4.60874e+08	3.70823e+08	3.02206e+08	2.49101e+08	2.07426e+08	1.74312e+08	1.47703e+08	
0	1.76702e+08	2.1027e+08	2.52516e+08	3.06349e+08	3.75907e+08	4.67192e+08	5.89117e+08	7.55254e+08	9.86893e+08	1.31856e+09	1.80845e+09	2.55905e+09	3.75948e+09	5.73267e+09	3.75948e+09	2.55905e+09	1.80845e+09	1.31856e+09	9.86893e+08	7.55254e+08	5.89117e+08	4.67192e+08	3.75907e+08	3.06349e+08	2.52516e+08	2.1027e+08	1.76702e+08	1.49728e+08	
0	1.79113e+08	2.1314e+08	2.55962e+08	3.1053e+08	3.81036e+08	4.73567e+08	5.97156e+08	7.6556e+08	1.00036e+09	1.33655e+09	1.83313e+09	2.59397e+09	3.81078e+09	5.81089e+09	3.81078e+09	2.59397e+09	1.83313e+09	1.33655e+09	1.00036e+09	7.6556e+08	5.97156e+08	4.73567e+08	3.81036e+08	3.1053e+08	2.55962e+08	2.1314e+08	1.79113e+08	1.51771e+08	
0	1.81546e+08	2.16034e+08	2.59438e+08	3.14747e+08	3.86211e+08	4.79999e+08	6.05266e+08	7.75957e+08	1.01395e+09	1.35471e+09	1.85803e+09	2.6292e+09	3.86254e+09	5.88981e+09	3.86254e+09	2.6292e+09	1.85803e+09	1.35471e+09	1.01395e+09	7.75957e+08	6.05266e+08	4.79999e+08	3.86211e+08	3.14747e+08	2.59438e+08	2.16034e+08	1.81546e+08	1.53832e+08	
0	1.84e+08	2.18954e+08	2.62945e+08	3.19002e+08	3.91432e+08	4.86487e+08	6.13447e+08	7.86446e+08	1.02765e+09	1.37302e+09	1.88314e+09	2.66474e+09	3.91475e+09	5.96943e+09	3.91475e+09	2.66474e+09	1.88314e+09	1.37302e+09	1.02765e+09	7.86446e+08	6.13447e+08	4.86487e+08	3.91432e+08	3.19002e+08	2.62945e+08	2.18954e+08	1.84e+08	1.55911e+08	
0	1.86475e+08	2.219e+08	2.66483e+08	3.23293e+08	3.96698e+08	4.93032e+08	6.217e+08	7.97027e+08	1.04148e+09	1.39149e+09	1.90848e+09	2.70059e+09	3.96742e+09	6.04974e+09	3.96742e+09	2.70059e+09	1.90848e+09	1.39149e+09	1.04148e+09	7.97027e+08	6.217e+08	4.93032e+08	3.96698e+08	3.23293e+08	2.66483e+08	2.219e+08	1.86475e+08	1.58009e+08	
0	1.88972e+08	2.24871e+08	2.70051e+08	3.27622e+08	4.0201e+08	4.99634e+08	6.30025e+08	8.07699e+08	1.05542e+09	1.41012e+09	1.93403e+09	2.73675e+09	4.02054e+09	6.13075e+09	4.02054e+09	2.73675e+09	1.93403e+09	1.41012e+09	1.05542e+09	8.07699e+08	6.30025e+08	4.99634e+08	4.0201e+08	3.27622e+08	2.70051e+08	2.24871e+08	1.88972e+08	1.60125e+08	
0	1.91491e+08	2.27868e+08	2.7365e+08	3.31988e+08	4.07367e+08	5.06292e+08	6.38421e+08	8.18463e+08	1.06949e+09	1.42891e+09	1.9598e+09	2.77322e+09	4.07412e+09	6.21245e+09	4.07412e+09	2.77322e+09	1.9598e+09	1.42891e+09	1.06949e+09	8.18463e+08	6.38421e+08	5.06292e+08	4.07367e+08	3.31988e+08	2.7365e+08	2.27868e+08	1.91491e+08	1.62259e+08	
0	1.9403e+08	2.30891e+08	2.77279e+08	3.36392e+08	4.1277e+08	5.13008e+08	6.46889e+08	8.29318e+08	1.08367e+09	1.44787e+09	1.9858e+09	2.81001e+09	4.12816e+09	6.29485e+09	4.12816e+09	2.81001e+09	1.9858e+09	1.44787e+09	1.08367e+09	8.29318e+08	6.46889e+08	5.13008e+08	4.1277e+08	3.36392e+08	2.77279e+08	2.30891e+08	1.9403e+08	1.64411e+08	
0	1.96592e+08	2.33938e+08	2.8094e+08	3.40832e+08	4.18219e+08	5.1978e+08	6.55428e+08	8.40266e+08	1.09798e+09	1.46698e+09	2.01201e+09	2.8471e+09	4.18265e+09	6.37795e+09	4.18265e+09	2.8471e+09	2.01201e+09	1.46698e+09	1.09798e+09	8.40266e+08	6.55428e+08	5.1978e+08	4.18219e+08	3.40832e+08	2.8094e+08	2.33938e+08	1.96592e+08	1.66581e+08	
0	1.99175e+08	2.37012e+08	2.8463e+08	3.4531e+08	4.23714e+08	5.26609e+08	6.64039e+08	8.51305e+08	1.1124e+09	1.48625e+09	2.03845e+09	2.88451e+09	4.2376e+09	6.46175e+09	4.2376e+09	2.88451e+09	2.03845e+09	1.48625e+09	1.1124e+09	8.51305e+08	6.64039e+08	5.26609e+08	4.23714e+08	3.4531e+08	2.8463e+08	2.37012e+08	1.99175e+08	1.6877e+08	
0	2.01779e+08	2.40111e+08	2.88352e+08	3.49825e+08	4.29254e+08	5.33494e+08	6.72722e+08	8.62437e+08	1.12695e+09	1.50569e+09	2.0651e+09	2.92222e+09	4.29301e+09	6.54624e+09	4.29301e+09	2.92222e+09	2.0651e+09	1.50569e+09	1.12695e+09	8.62437e+08	6.72722e+08	5.33494e+08	4.29254e+08	3.49825e+08	2.88352e+08	2.40111e+08	2.01779e+08	1.70976e+08	
0	2.04405e+08	2.43236e+08	2.92105e+08	3.54378e+08	4.3484e+08	5.40437e+08	6.81476e+08	8.7366e+08	1.14161e+09	1.52528e+09	2.09197e+09	2.96025e+09	4.34888e+09	6.63143e+09	4.34888e+09	2.96025e+09	2.09197e+09	1.52528e+09	1.14161e+09	8.7366e+08	6.81476e+08	5.40437e+08	4.3484e+08	3.54378e+08	2.92105e+08	2.43236e+08	2.04405e+08	1.73201e+08	
0	2.07052e+08	2.46386e+08	2.95888e+08	3.58967e+08	4.40472e+08	5.47436e+08	6.90302e+08	8.84975e+08	1.1564e+09	1.54503e+09	2.11907e+09	2.99859e+09	4.4052e+09	6.71732e+09	4.4052e+09	2.99859e+09	2.11907e+09	1.54503e+09	1.1564e+09	8.84975e+08	6.90302e+08	5.47436e+08	4.40472e+08	3.58967e+08	2.95888e+08	2.46386e+08	2.07052e+08	1.75445e+08	
0	2.09721e+08	2.49562e+08	2.99702e+08	3.63594e+08	4.4615e+08	5.54493e+08	6.992e+08	8.96382e+08	1.17131e+09	1.56495e+09	2.14638e+09	3.03724e+09	4.46199e+09	6.8039e+09	4.46199e+09	3.03724e+09	2.14638e+09	1.56495e+09	1.17131e+09	8.96382e+08	6.992e+08	5.54493e+08	4.4615e+08	3.63594e+08	2.99702e+08	2.49562e+08	2.09721e+08	1.77706e+08	
0	2.12411e+08	2.52763e+08	3.03546e+08	3.68259e+08	4.51873e+08	5.61606e+08	7.0817e+08	9.07881e+08	1.18633e+09	1.58503e+09	2.17392e+09	3.0762e+09	4.51923e+09	6.89119e+09	4.51923e+09	3.0762e+09	2.17392e+09	1.58503e+09	1.18633e+09	9.07881e+08	7.0817e+08	5.61606e+08	4.51873e+08	3.68259e+08	3.03546e+08	2.52763e+08	2.12411e+08	1.79986e+08	
0	2.15123e+08	2.5599e+08	3.07422e+08	3.7296e+08	4.57642e+08	5.68776e+08	7.17211e+08	9.19472e+08	1.20148e+09	1.60526e+09	2.20167e+09	3.11548e+09	4.57692e+09	6.97917e+09	4.57692e+09	3.11548e+09	2.20167e+09	1.60526e+09	1.20148e+09	9.19472e+08	7.17211e+08	5.68776e+08	4.57642e+08	3.7296e+08	3.07422e+08	2.5599e+08	2.15123e+08	1.82284e+08	
0	2.17856e+08	2.59243e+08	3.11328e+08	3.77699e+08	4.63457e+08	5.76003e+08	7.26324e+08	9.31155e+08	1.21674e+09	1.62566e+09	2.22964e+09	3.15506e+09	4.63508e+09	7.06785e+09	4.63508e+09	3.15506e+09	2.22964e+09	1.62566e+09	1.21674e+09	9.31155e+08	7.26324e+08	5.76003e+08	4.63457e+08	3.77699e+08	3.11328e+08	2.59243e+08	2.17856e+08	1.846e+08	
0	2.20611e+08	2.62521e+08	3.15265e+08	3.82475e+08	4.69317e+08	5.83286e+08	7.35508e+08	9.42929e+08	1.23213e+09	1.64621e+09	2.25784e+09	3.19496e+09	4.69369e+09	7.15722e+09	4.69369e+09	3.19496e+09	2.25784e+09	1.64621e+09	1.23213e+09	9.42929e+08	7.35508e+08	5.83286e+08	4.69317e+08	3.82475e+08	3.15265e+08	2.62521e+08	2.20611e+08	1.86934e+08	
0	2.23388e+08	2.65825e+08	3.19232e+08	3.87288e+08	4.75223e+08	5.90627e+08	7.44764e+08	9.54796e+08	1.24764e+09	1.66693e+09	2.28625e+09	3.23517e+09	4.75276e+09	7.2473e+09	4.75276e+09	3.23517e+09	2.28625e+09	1.66693e+09	1.24764e+09	9.54796e+08	7.44764e+08	5.90627e+08	4.75223e+08	3.87288e+08	3.19232e+08	2.65825e+08	2.23388e+08	1.89286e+08	
0	2.26185e+08	2.69154e+08	3.2323e+08	3.92139e+08	4.81175e+08	5.98024e+08	7.54092e+08	9.66754e+08	1.26326e+09	1.68781e+09	2.31489e+09	3.27568e+09	4.81228e+09	7.33806e+09	4.81228e+09	3.27568e+09	2.31489e+09	1.68781e+09	1.26326e+09	9.66754e+08	7.54092e+08	5.98024e+08	4.81175e+08	3.92139e+08	3.2323e+08	2.69154e+08	2.26185e+08	1.91657e+08	
0	2.29005e+08	2.72509e+08	3.27259e+08	3.97026e+08	4.87173e+08	6.05478e+08	7.63491e+08	9.78804e+08	1.27901e+09	1.70885e+09	2.34374e+09	3.31651e+09	4.87226e+09	7.42953e+09	4.87226e+09	3.31651e+09	2.34374e+09	1.70885e+09	1.27901e+09	9.78804e+08	7.63491e+08	6.05478e+08	4.87173e+08	3.97026e+08	3.27259e+08	2.72509e+08	2.29005e+08	1.94046e+08	
0	2.31845e+08	2.75889e+08	3.31318e+08	4.01951e+08	4.93216e+08	6.12988e+08	7.72961e+08	9.90945e+08	1.29487e+09	1.73004e+09	2.37281e+09	3.35765e+09	4.9327e+09	7.52169e+09	4.9327e+09	3.35765e+09	2.37281e+09	1.73004e+09	1.29487e+09	9.90945e+08	7.72961e+08	6.12988e+08	4.93216e+08	4.01951e+08	3.31318e+08	2.75889e+08	2.31845e+08	1.96453e+08	
0	2.34707e+08	2.79295e+08	3.35408e+08	4.06913e+08	4.99304e+08	6.20555e+08	7.82503e+08	1.00318e+09	1.31086e+09	1.7514e+09	2.4021e+09	3.3991e+09	4.99359e+09	7.61454e+09	4.99359e+09	3.3991e+09	2.4021e+09	1.7514e+09	1.31086e+09	1.00318e+09	7.82503e+08	6.20555e+08	4.99304e+08	4.06913e+08	3.35408e+08	2.79295e+08	2.34707e+08	1.98878e+08	
0	2.3759e+08	2.82726e+08	3.39529e+08	4.11912e+08	5.05438e+08	6.28178e+08	7.92116e+08	1.0155e+09	1.32696e+09	1.77291e+09	2.43161e+09	3.44086e+09	5.05493e+09	7.70809e+09	5.05493e+09	3.44086e+09	2.43161e+09	1.77291e+09	1.32696e+09	1.0155e+09	7.92116e+08	6.28178e+08	5.05438e+08	4.11912e+08	3.39529e+08	2.82726e+08	2.3759e+08	2.01321e+08	
0	2.40495e+08	2.86182e+08	3.4368e+08	4.16948e+08	5.11617e+08	6.35858e+08	8.018e+08	1.02792e+09	1.34318e+09	1.79459e+09	2.46134e+09	3.48292e+09	5.11673e+09	7.80232e+09	5.11673e+09	3.48292e+09	2.46134e+09	1.79459e+09	1.34318e+09	1.02792e+09	8.018e+08	6.35858e+08	5.11617e+08	4.16948e+08	3.4368e+08	2.86182e+08	2.40495e+08	2.03782e+08	
0	2.43421e+08	2.89664e+08	3.47861e+08	4.22021e+08	5.17842e+08	6.43595e+08	8.11555e+08	1.04042e+09	1.35952e+09	1.81642e+09	2.49129e+09	3.5253e+09	5.17899e+09	7.89725e+09	5.17899e+09	3.5253e+09	2.49129e+09	1.81642e+09	1.35952e+09	1.04042e+09	8.11555e+08	6.43595e+08	5.17842e+08	4.22021e+08	3.47861e+08	2.89664e+08	2.43421e+08	2.06262e+08	
0	2.46368e+08	2.93171e+08	3.52073e+08	4.2713e+08	5.24112e+08	6.51387e+08	8.21381e+08	1.05302e+09	1.37599e+09	1.83842e+09	2.52145e+09	3.56798e+09	5.24169e+09	7.99287e+09	5.24169e+09	3.56798e+09	2.52145e+09	1.83842e+09	1.37599e+09	1.05302e+09	8.21381e+08	6.51387e+08	5.24112e+08	4.2713e+08	3.52073e+08	2.93171e+08	2.46368e+08	2.08759e+08	
0	2.49337e+08	2.96704e+08	3.56315e+08	4.32277e+08	5.30427e+08	6.59236e+08	8.31278e+08	1.06571e+09	1.39256e+09	1.86057e+09	2.55183e+09	3.61097e+09	5.30485e+09	8.08918e+09	5.30485e+09	3.61097e+09	2.55183e+09	1.86057e+09	1.39256e+09	1.06571e+09	8.31278e+08	6.59236e+08	5.30427e+08	4.32277e+08	3.56315e+08	2.96704e+08	2.49337e+08	2.11274e+08	
0	2.52327e+08	3.00261e+08	3.60588e+08	4.3746e+08	5.36787e+08	6.6714e+08	8.41246e+08	1.07849e+09	1.40926e+09	1.88288e+09	2.58243e+09	3.65427e+09	5.36846e+09	8.18618e+09	5.36846e+09	3.65427e+09	2.58243e+09	1.88288e+09	1.40926e+09	1.07849e+09	8.41246e+08	6.6714e+08	5.36787e+08	4.3746e+08	3.60588e+08	3.00261e+08	2.52327e+08	2.13808e+08	
0	2.55338e+08	3.03844e+08	3.6489e+08	4.4268e+08	5.43192e+08	6.75101e+08	8.51284e+08	1.09136e+09	1.42608e+09	1.90534e+09	2.61324e+09	3.69788e+09	5.43252e+09	8.28386e+09	5.43252e+09	3.69788e+09	2.61324e+09	1.90534e+09	1.42608e+09	1.09136e+09	8.51284e+08	6.75101e+08	5.43192e+08	4.4268e+08	3.6489e+08	3.03844e+08	2.55338e+08	2.16359e+08	
0	2.5837e+08	3.07452e+08	3.69223e+08	4.47937e+08	5.49642e+08	6.83117e+08	8.61392e+08	1.10431e+09	1.44301e+09	1.92797e+09	2.64427e+09	3.74179e+09	5.49703e+09	8.38223e+09	5.49703e+09	3.74179e+09	2.64427e+09	1.92797e+09	1.44301e+09	1.10431e+09	8.61392e+08	6.83117e+08	5.49642e+08	4.47937e+08	3.69223e+08	3.07452e+08	2.5837e+08	2.18928e+08	
0	2.61423e+08	3.11085e+08	3.73586e+08	4.5323e+08	5.56137e+08	6.9119e+08	8.71571e+08	1.11736e+09	1.46006e+09	1.95075e+09	2.67552e+09	3.786e+09	5.56198e+09	8.48128e+09	5.56198e+09	3.786e+09	2.67552e+09	1.95075e+09	1.46006e+09	1.11736e+09	8.71571e+08	6.9119e+08	5.56137e+08	4.5323e+08	3.73586e+08	3.11085e+08	2.61423e+08	2.21515e+08	
0	2.64497e+08	3.14743e+08	3.77979e+08	4.58559e+08	5.62677e+08	6.99317e+08	8.8182e+08	1.1305e+09	1.47723e+09	1.97369e+09	2.70698e+09	3.83052e+09	5.62739e+09	8.58102e+09	5.62739e+09	3.83052e+09	2.70698e+09	1.97369e+09	1.47723e+09	1.1305e+09	8.8182e+08	6.99317e+08	5.62677e+08	4.58559e+08	3.77979e+08	3.14743e+08	2.64497e+08	2.2412e+08	
0	2.67592e+08	3.18426e+08	3.82402e+08	4.63925e+08	5.69261e+08	7.075e+08	8.92139e+08	1.14373e+09	1.49452e+09	1.99679e+09	2.73866e+09	3.87534e+09	5.69324e+09	8.68143e+09	5.69324e+09	3.87534e+09	2.73866e+09	1.99679e+09	1.49452e+09	1.14373e+09	8.92139e+08	7.075e+08	5.69261e+08	4.63925e+08	3.82402e+08	3.18426e+08	2.67592e+08	2.26743e+08	
0	2.70708e+08	3.22134e+08	3.86855e+08	4.69327e+08	5.7589e+08	7.15739e+08	9.02527e+08	1.15705e+09	1.51192e+09	2.02004e+09	2.77055e+09	3.92047e+09	5.75953e+09	8.78252e+09	5.75953e+09	3.92047e+09	2.77055e+09	2.02004e+09	1.51192e+09	1.15705e+09	9.02527e+08	7.15739e+08	5.7589e+08	4.69327e+08	3.86855e+08	3.22134e+08	2.70708e+08	2.29383e+08	
0	2.73845e+08	3.25867e+08	3.91338e+08	4.74766e+08	5.82563e+08	7.24032e+08	9.12985e+08	1.17046e+09	1.52944e+09	2.04344e+09	2.80265e+09	3.9659e+09	5.82627e+09	8.88429e+09	5.82627e+09	3.9659e+09	2.80265e+09	2.04344e+09	1.52944e+09	1.17046e+09	9.12985e+08	7.24032e+08	5.82563e+08	4.74766e+08	3.91338e+08	3.25867e+08	2.73845e+08	2.32041e+08	
0	2.77002e+08	3.29624e+08	3.9585e+08	4.8024e+08	5.8928e+08	7.32381e+08	9.23513e+08	1.18395e+09	1.54708e+09	2.06701e+09	2.83497e+09	4.01163e+09	5.89345e+09	8.98673e+09	5.89345e+09	4.01163e+09	2.83497e+09	2.06701e+09	1.54708e+09	1.18395e+09	9.23513e+08	7.32381e+08	5.8928e+08	4.8024e+08	3.9585e+08	3.29624e+08	2.77002e+08	2.34716e+08	
0	2.8018e+08	3.33407e+08	4.00392e+08	4.8575e+08	5.96042e+08	7.40784e+08	9.34109e+08	1.19754e+09	1.56483e+09	2.09072e+09	2.8675e+09	4.05766e+09	5.96107e+09	9.08985e+09	5.96107e+09	4.05766e+09	2.8675e+09	2.09072e+09	1.56483e+09	1.19754e+09	9.34109e+08	7.40784e+08	5.96042e+08	4.8575e+08	4.00392e+08	3.33407e+08	2.8018e+08	2.3741e+08	
0	2.83379e+08	3.37213e+08	4.04964e+08	4.91297e+08	6.02847e+08	7.49242e+08	9.44774e+08	1.21121e+09	1.58269e+09	2.11459e+09	2.90024e+09	4.10399e+09	6.02913e+09	9.19364e+09	6.02913e+09	4.10399e+09	2.90024e+09	2.11459e+09	1.58269e+09	1.21121e+09	9.44774e+08	7.49242e+08	6.02847e+08	4.91297e+08	4.04964e+08	3.37213e+08	2.83379e+08	2.4012e+08	
0	2.86599e+08	3.41045e+08	4.09565e+08	4.96878e+08	6.09696e+08	7.57755e+08	9.55508e+08	1.22497e+09	1.60068e+09	2.13862e+09	2.93319e+09	4.15061e+09	6.09763e+09	9.29809e+09	6.09763e+09	4.15061e+09	2.93319e+09	2.13862e+09	1.60068e+09	1.22497e+09	9.55508e+08	7.57755e+08	6.09696e+08	4.96878e+08	4.09565e+08	3.41045e+08	2.86599e+08	2.42848e+08	
0	2.89839e+08	3.449e+08	4.14195e+08	5.02496e+08	6.16589e+08	7.66322e+08	9.66311e+08	1.23882e+09	1.61877e+09	2.1628e+09	2.96635e+09	4.19754e+09	6.16657e+09	9.40322e+09	6.16657e+09	4.19754e+09	2.96635e+09	2.1628e+09	1.61877e+09	1.23882e+09	9.66311e+08	7.66322e+08	6.16589e+08	5.02496e+08	4.14195e+08	3.449e+08	2.89839e+08	2.45594e+08	
0	2.931e+08	3.4878e+08	4.18854e+08	5.08149e+08	6.23526e+08	7.74943e+08	9.77182e+08	1.25276e+09	1.63698e+09	2.18713e+09	2.99972e+09	4.24476e+09	6.23594e+09	9.509e+09	6.23594e+09	4.24476e+09	2.99972e+09	2.18713e+09	1.63698e+09	1.25276e+09	9.77182e+08	7.74943e+08	6.23526e+08	5.08149e+08	4.18854e+08	3.4878e+08	2.931e+08	2.48357e+08	
0	2.96381e+08	3.52684e+08	4.23543e+08	5.13837e+08	6.30506e+08	7.83617e+08	9.8812e+08	1.26678e+09	1.65531e+09	2.21161e+09	3.0333e+09	4.29228e+09	6.30575e+09	9.61545e+09	6.30575e+09	4.29228e+09	3.0333e+09	2.21161e+09	1.65531e+09	1.26678e+09	9.8812e+08	7.83617e+08	6.30506e+08	5.13837e+08	4.23543e+08	3.52684e+08	2.96381e+08	2.51137e+08	
0	2.99682e+08	3.56613e+08	4.28261e+08	5.19561e+08	6.37529e+08	7.92346e+08	9.99127e+08	1.28089e+09	1.67375e+09	2.23625e+09	3.06709e+09	4.34009e+09	6.37599e+09	9.72255e+09	6.37599e+09	4.34009e+09	3.06709e+09	2.23625e+09	1.67375e+09	1.28089e+09	9.99127e+08	7.92346e+08	6.37529e+08	5.19561e+08	4.28261e+08	3.56613e+08	2.99682e+08	2.53934e+08	
0	3.03004e+08	3.60565e+08	4.33007e+08	5.25319e+08	6.44595e+08	8.01128e+08	1.0102e+09	1.29509e+09	1.6923e+09	2.26103e+09	3.10108e+09	4.38819e+09	6.44665e+09	9.83032e+09	6.44665e+09	4.38819e+09	3.10108e+09	2.26103e+09	1.6923e+09	1.29509e+09	1.0102e+09	8.01128e+08	6.44595e+08	5.25319e+08	4.33007e+08	3.60565e+08	3.03004e+08	2.56749e+08	
0	3.06345e+08	3.64542e+08	4.37783e+08	5.31113e+08	6.51703e+08	8.09963e+08	1.02134e+09	1.30937e+09	1.71096e+09	2.28597e+09	3.13528e+09	4.43658e+09	6.51775e+09	9.93873e+09	6.51775e+09	4.43658e+09	3.13528e+09	2.28597e+09	1.71096e+09	1.30937e+09	1.02134e+09	8.09963e+08	6.51703e+08	5.31113e+08	4.37783e+08	3.64542e+08	3.06345e+08	2.5958e+08	
0	3.09707e+08	3.68542e+08	4.42587e+08	5.36941e+08	6.58855e+08	8.18851e+08	1.03255e+09	1.32374e+09	1.72974e+09	2.31105e+09	3.16969e+09	4.48527e+09	6.58927e+09	1.00478e+10	6.58927e+09	4.48527e+09	3.16969e+09	2.31105e+09	1.72974e+09	1.32374e+09	1.03255e+09	8.18851e+08	6.58855e+08	5.36941e+08	4.42587e+08	3.68542e+08	3.09707e+08	2.62429e+08	
0	3.13089e+08	3.72566e+08	4.4742e+08	5.42804e+08	6.66049e+08	8.27792e+08	1.04382e+09	1.33819e+09	1.74862e+09	2.33629e+09	3.2043e+09	4.53424e+09	6.66122e+09	1.01575e+10	6.66122e+09	4.53424e+09	3.2043e+09	2.33629e+09	1.74862e+09	1.33819e+09	1.04382e+09	8.27792e+08	6.66049e+08	5.42804e+08	4.4742e+08	3.72566e+08	3.13089e+08	2.65294e+08	
0	3.1649e+08	3.76614e+08	4.52281e+08	5.48701e+08	6.73285e+08	8.36786e+08	1.05516e+09	1.35273e+09	1.76762e+09	2.36167e+09	3.23911e+09	4.58351e+09	6.73359e+09	1.02679e+10	6.73359e+09	4.58351e+09	3.23911e+09	2.36167e+09	1.76762e+09	1.35273e+09	1.05516e+09	8.36786e+08	6.73285e+08	5.48701e+08	4.52281e+08	3.76614e+08	3.1649e+08	2.68177e+08	
0	3.19912e+08	3.80685e+08	4.5717e+08	5.54633e+08	6.80564e+08	8.45832e+08	1.06657e+09	1.36736e+09	1.78673e+09	2.3872e+09	3.27413e+09	4.63306e+09	6.80638e+09	1.03789e+10	6.80638e+09	4.63306e+09	3.27413e+09	2.3872e+09	1.78673e+09	1.36736e+09	1.06657e+09	8.45832e+08	6.80564e+08	5.54633e+08	4.5717e+08	3.80685e+08	3.19912e+08	2.71076e+08	
0	3.23353e+08	3.8478e+08	4.62087e+08	5.60598e+08	6.87884e+08	8.5493e+08	1.07804e+09	1.38206e+09	1.80595e+09	2.41288e+09	3.30934e+09	4.68289e+09	6.87959e+09	1.04905e+10	6.87959e+09	4.68289e+09	3.30934e+09	2.41288e+09	1.80595e+09	1.38206e+09	1.07804e+09	8.5493e+08	6.87884e+08	5.60598e+08	4.62087e+08	3.8478e+08	3.23353e+08	2.73991e+08	
0	3.26813e+08	3.88898e+08	4.67033e+08	5.66598e+08	6.95246e+08	8.64079e+08	1.08958e+09	1.39685e+09	1.82528e+09	2.4387e+09	3.34476e+09	4.73301e+09	6.95322e+09	1.06028e+10	6.95322e+09	4.73301e+09	3.34476e+09	2.4387e+09	1.82528e+09	1.39685e+09	1.08958e+09	8.64079e+08	6.95246e+08	5.66598e+08	4.67033e+08	3.88898e+08	3.26813e+08	2.76924e+08	
0	3.30293e+08	3.93039e+08	4.72006e+08	5.72631e+08	7.02649e+08	8.73281e+08	1.10118e+09	1.41173e+09	1.84471e+09	2.46467e+09	3.38038e+09	4.78341e+09	7.02726e+09	1.07157e+10	7.02726e+09	4.78341e+09	3.38038e+09	2.46467e+09	1.84471e+09	1.41173e+09	1.10118e+09	8.73281e+08	7.02649e+08	5.72631e+08	4.72006e+08	3.93039e+08	3.30293e+08	2.79872e+08	
0	3.33793e+08	3.97204e+08	4.77007e+08	5.78698e+08	7.10094e+08	8.82533e+08	1.11285e+09	1.42669e+09	1.86426e+09	2.49078e+09	3.41619e+09	4.83409e+09	7.10172e+09	1.08292e+10	7.10172e+09	4.83409e+09	3.41619e+09	2.49078e+09	1.86426e+09	1.42669e+09	1.11285e+09	8.82533e+08	7.10094e+08	5.78698e+08	4.77007e+08	3.97204e+08	3.33793e+08	2.82838e+08	
0	3.37312e+08	4.01391e+08	4.82035e+08	5.84799e+08	7.1758e+08	8.91837e+08	1.12458e+09	1.44173e+09	1.88391e+09	2.51704e+09	3.4522e+09	4.88505e+09	7.17658e+09	1.09434e+10	7.17658e+09	4.88505e+09	3.4522e+09	2.51704e+09	1.88391e+09	1.44173e+09	1.12458e+09	8.91837e+08	7.1758e+08	5.84799e+08	4.82035e+08	4.01391e+08	3.37312e+08	2.85819e+08	
0	3.4085e+08	4.05601e+08	4.87091e+08	5.90933e+08	7.25106e+08	9.01191e+08	1.13638e+09	1.45685e+09	1.90367e+09	2.54344e+09	3.48841e+09	4.93628e+09	7.25185e+09	1.10582e+10	7.25185e+09	4.93628e+09	3.48841e+09	2.54344e+09	1.90367e+09	1.45685e+09	1.13638e+09	9.01191e+08	7.25106e+08	5.90933e+08	4.87091e+08	4.05601e+08	3.4085e+08	2.88817e+08	
0	3.44406e+08	4.09834e+08	4.92174e+08	5.97099e+08	7.32673e+08	9.10595e+08	1.14824e+09	1.47205e+09	1.92353e+09	2.56998e+09	3.52482e+09	4.9878e+09	7.32753e+09	1.11736e+10	7.32753e+09	4.9878e+09	3.52482e+09	2.56998e+09	1.92353e+09	1.47205e+09	1.14824e+09	9.10595e+08	7.32673e+08	5.97099e+08	4.92174e+08	4.09834e+08	3.44406e+08	2.91831e+08	
0	3.47982e+08	4.14089e+08	4.97284e+08	6.03299e+08	7.4028e+08	9.2005e+08	1.16016e+09	1.48733e+09	1.94351e+09	2.59667e+09	3.56141e+09	5.03958e+09	7.40361e+09	1.12896e+10	7.40361e+09	5.03958e+09	3.56141e+09	2.59667e+09	1.94351e+09	1.48733e+09	1.16016e+09	9.2005e+08	7.4028e+08	6.03299e+08	4.97284e+08	4.14089e+08	3.47982e+08	2.94861e+08	
0	3.51577e+08	4.18366e+08	5.02421e+08	6.09531e+08	7.47927e+08	9.29554e+08	1.17214e+09	1.5027e+09	1.96358e+09	2.62349e+09	3.5982e+09	5.09164e+09	7.48009e+09	1.14062e+10	7.48009e+09	5.09164e+09	3.5982e+09	2.62349e+09	1.96358e+09	1.5027e+09	1.17214e+09	9.29554e+08	7.47927e+08	6.09531e+08	5.02421e+08	4.18366e+08	3.51577e+08	2.97907e+08	
0	3.5519e+08	4.22666e+08	5.07585e+08	6.15796e+08	7.55614e+08	9.39108e+08	1.18419e+09	1.51814e+09	1.98376e+09	2.65045e+09	3.63519e+09	5.14397e+09	7.55697e+09	1.15234e+10	7.55697e+09	5.14397e+09	3.63519e+09	2.65045e+09	1.98376e+09	1.51814e+09	1.18419e+09	9.39108e+08	7.55614e+08	6.15796e+08	5.07585e+08	4.22666e+08	3.5519e+08	3.00969e+08	
0	3.58822e+08	4.26988e+08	5.12775e+08	6.22092e+08	7.63341e+08	9.4871e+08	1.1963e+09	1.53367e+09	2.00405e+09	2.67755e+09	3.67236e+09	5.19657e+09	7.63424e+09	1.16413e+10	7.63424e+09	5.19657e+09	3.67236e+09	2.67755e+09	2.00405e+09	1.53367e+09	1.1963e+09	9.4871e+08	7.63341e+08	6.22092e+08	5.12775e+08	4.26988e+08	3.58822e+08	3.04046e+08	
0	3.62473e+08	4.31332e+08	5.17992e+08	6.28421e+08	7.71106e+08	9.58362e+08	1.20847e+09	1.54927e+09	2.02444e+09	2.70479e+09	3.70972e+09	5.24944e+09	7.71191e+09	1.17597e+10	7.71191e+09	5.24944e+09	3.70972e+09	2.70479e+09	2.02444e+09	1.54927e+09	1.20847e+09	9.58362e+08	7.71106e+08	6.28421e+08	5.17992e+08	4.31332e+08	3.62473e+08	3.0714e+08	
0	3.66142e+08	4.35698e+08	5.23235e+08	6.34782e+08	7.78911e+08	9.68062e+08	1.2207e+09	1.56495e+09	2.04493e+09	2.73217e+09	3.74726e+09	5.30257e+09	7.78997e+09	1.18787e+10	7.78997e+09	5.30257e+09	3.74726e+09	2.73217e+09	2.04493e+09	1.56495e+09	1.2207e+09	9.68062e+08	7.78911e+08	6.34782e+08	5.23235e+08	4.35698e+08	3.66142e+08	3.10248e+08	
0	3.69829e+08	4.40085e+08	5.28504e+08	6.41174e+08	7.86755e+08	9.7781e+08	1.23299e+09	1.58071e+09	2.06552e+09	2.75968e+09	3.785e+09	5.35597e+09	7.86841e+09	1.19984e+10	7.86841e+09	5.35597e+09	3.785e+09	2.75968e+09	2.06552e+09	1.58071e+09	1.23299e+09	9.7781e+08	7.86755e+08	6.41174e+08	5.28504e+08	4.40085e+08	3.69829e+08	3.13372e+08	
0	3.73534e+08	4.44494e+08	5.33798e+08	6.47597e+08	7.94636e+08	9.87606e+08	1.24534e+09	1.59655e+09	2.08621e+09	2.78733e+09	3.82292e+09	5.40963e+09	7.94724e+09	1.21186e+10	7.94724e+09	5.40963e+09	3.82292e+09	2.78733e+09	2.08621e+09	1.59655e+09	1.24534e+09	9.87606e+08	7.94636e+08	6.47597e+08	5.33798e+08	4.44494e+08	3.73534e+08	3.16512e+08	
0	3.77257e+08	4.48924e+08	5.39119e+08	6.54052e+08	8.02556e+08	9.97449e+08	1.25776e+09	1.61246e+09	2.107e+09	2.81511e+09	3.86102e+09	5.46354e+09	8.02644e+09	1.22394e+10	8.02644e+09	5.46354e+09	3.86102e+09	2.81511e+09	2.107e+09	1.61246e+09	1.25776e+09	9.97449e+08	8.02556e+08	6.54052e+08	5.39119e+08	4.48924e+08	3.77257e+08	3.19667e+08	
0	3.80997e+08	4.53376e+08	5.44464e+08	6.60537e+08	8.10514e+08	1.00734e+09	1.27023e+09	1.62845e+09	2.1279e+09	2.84302e+09	3.8993e+09	5.51772e+09	8.10603e+09	1.23607e+10	8.10603e+09	5.51772e+09	3.8993e+09	2.84302e+09	2.1279e+09	1.62845e+09	1.27023e+09	1.00734e+09	8.10514e+08	6.60537e+08	5.44464e+08	4.53376e+08	3.80997e+08	3.22836e+08	
0	3.84756e+08	4.57848e+08	5.49835e+08	6.67053e+08	8.1851e+08	1.01728e+09	1.28276e+09	1.64451e+09	2.14889e+09	2.87107e+09	3.93777e+09	5.57215e+09	8.18599e+09	1.24827e+10	8.18599e+09	5.57215e+09	3.93777e+09	2.87107e+09	2.14889e+09	1.64451e+09	1.28276e+09	1.01728e+09	8.1851e+08	6.67053e+08	5.49835e+08	4.57848e+08	3.84756e+08	3.26021e+08	
0	3.88531e+08	4.62341e+08	5.55231e+08	6.73599e+08	8.26542e+08	1.02726e+09	1.29535e+09	1.66065e+09	2.16998e+09	2.89925e+09	3.97641e+09	5.62683e+09	8.26633e+09	1.26052e+10	8.26633e+09	5.62683e+09	3.97641e+09	2.89925e+09	2.16998e+09	1.66065e+09	1.29535e+09	1.02726e+09	8.26542e+08	6.73599e+08	5.55231e+08	4.62341e+08	3.88531e+08	3.2922e+08	
0	3.92325e+08	4.66855e+08	5.60652e+08	6.80175e+08	8.34612e+08	1.03729e+09	1.30799e+09	1.67686e+09	2.19116e+09	2.92755e+09	4.01523e+09	5.68176e+09	8.34703e+09	1.27282e+10	8.34703e+09	5.68176e+09	4.01523e+09	2.92755e+09	2.19116e+09	1.67686e+09	1.30799e+09	1.03729e+09	8.34612e+08	6.80175e+08	5.60652e+08	4.66855e+08	3.92325e+08	3.32434e+08	
0	3.96135e+08	4.71389e+08	5.66097e+08	6.86782e+08	8.42718e+08	1.04736e+09	1.3207e+09	1.69315e+09	2.21244e+09	2.95598e+09	4.05423e+09	5.73695e+09	8.4281e+09	1.28518e+10	8.4281e+09	5.73695e+09	4.05423e+09	2.95598e+09	2.21244e+09	1.69315e+09	1.3207e+09	1.04736e+09	8.42718e+08	6.86782e+08	5.66097e+08	4.71389e+08	3.96135e+08	3.35663e+08	
0	3.99963e+08	4.75944e+08	5.71567e+08	6.93417e+08	8.5086e+08	1.05748e+09	1.33346e+09	1.70951e+09	2.23382e+09	2.98454e+09	4.0934e+09	5.79238e+09	8.50953e+09	1.2976e+10	8.50953e+09	5.79238e+09	4.0934e+09	2.98454e+09	2.23382e+09	1.70951e+09	1.33346e+09	1.05748e+09	8.5086e+08	6.93417e+08	5.71567e+08	4.75944e+08	3.99963e+08	3.38906e+08	
0	4.03807e+08	4.80518e+08	5.7706e+08	7.00082e+08	8.59038e+08	1.06765e+09	1.34627e+09	1.72594e+09	2.25529e+09	3.01323e+09	4.13275e+09	5.84805e+09	8.59133e+09	1.31007e+10	8.59133e+09	5.84805e+09	4.13275e+09	3.01323e+09	2.25529e+09	1.72594e+09	1.34627e+09	1.06765e+09	8.59038e+08	7.00082e+08	5.7706e+08	4.80518e+08	4.03807e+08	3.42164e+08	
0	4.07668e+08	4.85113e+08	5.82578e+08	7.06776e+08	8.67252e+08	1.07786e+09	1.35915e+09	1.74244e+09	2.27685e+09	3.04204e+09	4.17227e+09	5.90397e+09	8.67347e+09	1.3226e+10	8.67347e+09	5.90397e+09	4.17227e+09	3.04204e+09	2.27685e+09	1.74244e+09	1.35915e+09	1.07786e+09	8.67252e+08	7.06776e+08	5.82578e+08	4.85113e+08	4.07668e+08	3.45436e+08	
0	4.11546e+08	4.89727e+08	5.8812e+08	7.13499e+08	8.75501e+08	1.08811e+09	1.37207e+09	1.75902e+09	2.29851e+09	3.07098e+09	4.21195e+09	5.96013e+09	8.75598e+09	1.33518e+10	8.75598e+09	5.96013e+09	4.21195e+09	3.07098e+09	2.29851e+09	1.75902e+09	1.37207e+09	1.08811e+09	8.75501e+08	7.13499e+08	5.8812e+08	4.89727e+08	4.11546e+08	3.48721e+08	
0	4.1544e+08	4.94361e+08	5.93685e+08	7.2025e+08	8.83786e+08	1.0984e+09	1.38506e+09	1.77566e+09	2.32026e+09	3.10004e+09	4.25181e+09	6.01652e+09	8.83883e+09	1.34782e+10	8.83883e+09	6.01652e+09	4.25181e+09	3.10004e+09	2.32026e+09	1.77566e+09	1.38506e+09	1.0984e+09	8.83786e+08	7.2025e+08	5.93685e+08	4.94361e+08	4.1544e+08	3.52021e+08	
0	4.1935e+08	4.99015e+08	5.99273e+08	7.2703e+08	8.92104e+08	1.10874e+09	1.39809e+09	1.79237e+09	2.3421e+09	3.12922e+09	4.29183e+09	6.07316e+09	8.92202e+09	1.3605e+10	8.92202e+09	6.07316e+09	4.29183e+09	3.12922e+09	2.3421e+09	1.79237e+09	1.39809e+09	1.10874e+09	8.92104e+08	7.2703e+08	5.99273e+08	4.99015e+08	4.1935e+08	3.55334e+08	
0	4.23277e+08	5.03687e+08	6.04884e+08	7.33837e+08	9.00458e+08	1.11912e+09	1.41119e+09	1.80916e+09	2.36403e+09	3.15852e+09	4.33201e+09	6.13002e+09	9.00556e+09	1.37324e+10	9.00556e+09	6.13002e+09	4.33201e+09	3.15852e+09	2.36403e+09	1.80916e+09	1.41119e+09	1.11912e+09	9.00458e+08	7.33837e+08	6.04884e+08	5.03687e+08	4.23277e+08	3.58662e+08	
0	4.27219e+08	5.08378e+08	6.10518e+08	7.40672e+08	9.08844e+08	1.12955e+09	1.42433e+09	1.82601e+09	2.38605e+09	3.18794e+09	4.37236e+09	6.18712e+09	9.08944e+09	1.38603e+10	9.08944e+09	6.18712e+09	4.37236e+09	3.18794e+09	2.38605e+09	1.82601e+09	1.42433e+09	1.12955e+09	9.08844e+08	7.40672e+08	6.10518e+08	5.08378e+08	4.27219e+08	3.62002e+08	
0	4.31177e+08	5.13088e+08	6.16174e+08	7.47535e+08	9.17265e+08	1.14001e+09	1.43753e+09	1.84292e+09	2.40816e+09	3.21747e+09	4.41287e+09	6.24444e+09	9.17366e+09	1.39888e+10	9.17366e+09	6.24444e+09	4.41287e+09	3.21747e+09	2.40816e+09	1.84292e+09	1.43753e+09	1.14001e+09	9.17265e+08	7.47535e+08	6.16174e+08	5.13088e+08	4.31177e+08	3.65356e+08	
0	4.35151e+08	5.17817e+08	6.21853e+08	7.54424e+08	9.25719e+08	1.15052e+09	1.45077e+09	1.85991e+09	2.43035e+09	3.24712e+09	4.45354e+09	6.30199e+09	9.2582e+09	1.41177e+10	9.2582e+09	6.30199e+09	4.45354e+09	3.24712e+09	2.43035e+09	1.85991e+09	1.45077e+09	1.15052e+09	9.25719e+08	7.54424e+08	6.21853e+08	5.17817e+08	4.35151e+08	3.68723e+08	
0	4.3914e+08	5.22564e+08	6.27554e+08	7.6134e+08	9.34205e+08	1.16107e+09	1.46407e+09	1.87696e+09	2.45263e+09	3.27689e+09	4.49437e+09	6.35976e+09	9.34307e+09	1.42471e+10	9.34307e+09	6.35976e+09	4.49437e+09	3.27689e+09	2.45263e+09	1.87696e+09	1.46407e+09	1.16107e+09	9.34205e+08	7.6134e+08	6.27554e+08	5.22564e+08	4.3914e+08	3.72103e+08	
0	4.43145e+08	5.27329e+08	6.33276e+08	7.68283e+08	9.42724e+08	1.17165e+09	1.47742e+09	1.89407e+09	2.475e+09	3.30677e+09	4.53535e+09	6.41776e+09	9.42827e+09	1.4377e+10	9.42827e+09	6.41776e+09	4.53535e+09	3.30677e+09	2.475e+09	1.89407e+09	1.47742e+09	1.17165e+09	9.42724e+08	7.68283e+08	6.33276e+08	5.27329e+08	4.43145e+08	3.75497e+08	
0	4.47164e+08	5.32112e+08	6.3902e+08	7.75251e+08	9.51275e+08	1.18228e+09	1.49083e+09	1.91125e+09	2.49744e+09	3.33677e+09	4.57649e+09	6.47597e+09	9.51379e+09	1.45074e+10	9.51379e+09	6.47597e+09	4.57649e+09	3.33677e+09	2.49744e+09	1.91125e+09	1.49083e+09	1.18228e+09	9.51275e+08	7.75251e+08	6.3902e+08	5.32112e+08	4.47164e+08	3.78903e+08	
0	4.51199e+08	5.36913e+08	6.44786e+08	7.82246e+08	9.59857e+08	1.19295e+09	1.50428e+09	1.9285e+09	2.51998e+09	3.36687e+09	4.61778e+09	6.53439e+09	9.59963e+09	1.46383e+10	9.59963e+09	6.53439e+09	4.61778e+09	3.36687e+09	2.51998e+09	1.9285e+09	1.50428e+09	1.19295e+09	9.59857e+08	7.82246e+08	6.44786e+08	5.36913e+08	4.51199e+08	3.82321e+08	
0	4.55248e+08	5.41731e+08	6.50572e+08	7.89266e+08	9.68471e+08	1.20365e+09	1.51778e+09	1.9458e+09	2.54259e+09	3.39709e+09	4.65922e+09	6.59303e+09	9.68577e+09	1.47697e+10	9.68577e+09	6.59303e+09	4.65922e+09	3.39709e+09	2.54259e+09	1.9458e+09	1.51778e+09	1.20365e+09	9.68471e+08	7.89266e+08	6.50572e+08	5.41731e+08	4.55248e+08	3.85752e+08	
0	4.59311e+08	5.46567e+08	6.56379e+08	7.96311e+08	9.77116e+08	1.2144e+09	1.53132e+09	1.96317e+09	2.56529e+09	3.42741e+09	4.70081e+09	6.65188e+09	9.77223e+09	1.49015e+10	9.77223e+09	6.65188e+09	4.70081e+09	3.42741e+09	2.56529e+09	1.96317e+09	1.53132e+09	1.2144e+09	9.77116e+08	7.96311e+08	6.56379e+08	5.46567e+08	4.59311e+08	3.89195e+08	
0	4.63389e+08	5.5142e+08	6.62207e+08	8.0338e+08	9.85791e+08	1.22518e+09	1.54492e+09	1.9806e+09	2.58806e+09	3.45784e+09	4.74254e+09	6.71094e+09	9.85899e+09	1.50338e+10	9.85899e+09	6.71094e+09	4.74254e+09	3.45784e+09	2.58806e+09	1.9806e+09	1.54492e+09	1.22518e+09	9.85791e+08	8.0338e+08	6.62207e+08	5.5142e+08	4.63389e+08	3.92651e+08	
0	4.67481e+08	5.56289e+08	6.68054e+08	8.10475e+08	9.94496e+08	1.236e+09	1.55856e+09	1.99809e+09	2.61092e+09	3.48837e+09	4.78442e+09	6.7702e+09	9.94605e+09	1.51666e+10	9.94605e+09	6.7702e+09	4.78442e+09	3.48837e+09	2.61092e+09	1.99809e+09	1.55856e+09	1.236e+09	9.94496e+08	8.10475e+08	6.68054e+08	5.56289e+08	4.67481e+08	3.96118e+08	
0	4.71587e+08	5.61175e+08	6.73922e+08	8.17593e+08	1.00323e+09	1.24686e+09	1.57225e+09	2.01564e+09	2.63385e+09	3.51901e+09	4.82644e+09	6.82967e+09	1.00334e+10	1.52998e+10	1.00334e+10	6.82967e+09	4.82644e+09	3.51901e+09	2.63385e+09	2.01564e+09	1.57225e+09	1.24686e+09	1.00323e+09	8.17593e+08	6.73922e+08	5.61175e+08	4.71587e+08	3.99597e+08	
0	4.75707e+08	5.66077e+08	6.79809e+08	8.24736e+08	1.01199e+09	1.25775e+09	1.58599e+09	2.03325e+09	2.65686e+09	3.54975e+09	4.86861e+09	6.88933e+09	1.01211e+10	1.54335e+10	1.01211e+10	6.88933e+09	4.86861e+09	3.54975e+09	2.65686e+09	2.03325e+09	1.58599e+09	1.25775e+09	1.01199e+09	8.24736e+08	6.79809e+08	5.66077e+08	4.75707e+08	4.03088e+08	
0	4.7984e+08	5.70996e+08	6.85716e+08	8.31902e+08	1.02079e+09	1.26868e+09	1.59977e+09	2.05092e+09	2.67994e+09	3.5806e+09	4.91091e+09	6.94919e+09	1.0209e+10	1.55676e+10	1.0209e+10	6.94919e+09	4.91091e+09	3.5806e+09	2.67994e+09	2.05092e+09	1.59977e+09	1.26868e+09	1.02079e+09	8.31902e+08	6.85716e+08	5.70996e+08	4.7984e+08	4.0659e+08	
0	4.83987e+08	5.7593e+08	6.91641e+08	8.3909e+08	1.02961e+09	1.27964e+09	1.61359e+09	2.06864e+09	2.7031e+09	3.61154e+09	4.95335e+09	7.00924e+09	1.02972e+10	1.57021e+10	1.02972e+10	7.00924e+09	4.95335e+09	3.61154e+09	2.7031e+09	2.06864e+09	1.61359e+09	1.27964e+09	1.02961e+09	8.3909e+08	6.91641e+08	5.7593e+08	4.83987e+08	4.10104e+08	
0	4.88146e+08	5.8088e+08	6.97586e+08	8.46302e+08	1.03846e+09	1.29064e+09	1.62746e+09	2.08642e+09	2.72633e+09	3.64258e+09	4.99592e+09	7.06948e+09	1.03857e+10	1.58371e+10	1.03857e+10	7.06948e+09	4.99592e+09	3.64258e+09	2.72633e+09	2.08642e+09	1.62746e+09	1.29064e+09	1.03846e+09	8.46302e+08	6.97586e+08	5.8088e+08	4.88146e+08	4.13629e+08	
0	4.92319e+08	5.85845e+08	7.03549e+08	8.53536e+08	1.04733e+09	1.30167e+09	1.64137e+09	2.10425e+09	2.74964e+09	3.67372e+09	5.03862e+09	7.12991e+09	1.04745e+10	1.59724e+10	1.04745e+10	7.12991e+09	5.03862e+09	3.67372e+09	2.74964e+09	2.10425e+09	1.64137e+09	1.30167e+09	1.04733e+09	8.53536e+08	7.03549e+08	5.85845e+08	4.92319e+08	4.17164e+08	
0	4.96505e+08	5.90826e+08	7.0953e+08	8.60793e+08	1.05624e+09	1.31274e+09	1.65532e+09	2.12214e+09	2.77301e+09	3.70495e+09	5.08146e+09	7.19053e+09	1.05635e+10	1.61082e+10	1.05635e+10	7.19053e+09	5.08146e+09	3.70495e+09	2.77301e+09	2.12214e+09	1.65532e+09	1.31274e+09	1.05624e+09	8.60793e+08	7.0953e+08	5.90826e+08	4.96505e+08	4.20711e+08	
0	5.00702e+08	5.95821e+08	7.15529e+08	8.68071e+08	1.06517e+09	1.32383e+09	1.66932e+09	2.14009e+09	2.79646e+09	3.73627e+09	5.12442e+09	7.25132e+09	1.06529e+10	1.62444e+10	1.06529e+10	7.25132e+09	5.12442e+09	3.73627e+09	2.79646e+09	2.14009e+09	1.66932e+09	1.32383e+09	1.06517e+09	8.68071e+08	7.15529e+08	5.95821e+08	5.00702e+08	4.24268e+08	
0	5.04913e+08	6.00831e+08	7.21546e+08	8.7537e+08	1.07413e+09	1.33497e+09	1.68336e+09	2.15808e+09	2.81997e+09	3.76769e+09	5.16751e+09	7.3123e+09	1.07424e+10	1.6381e+10	1.07424e+10	7.3123e+09	5.16751e+09	3.76769e+09	2.81997e+09	2.15808e+09	1.68336e+09	1.33497e+09	1.07413e+09	8.7537e+08	7.21546e+08	6.00831e+08	5.04913e+08	4.27835e+08	
0	5.09135e+08	6.05856e+08	7.2758e+08	8.8269e+08	1.08311e+09	1.34613e+09	1.69743e+09	2.17613e+09	2.84356e+09	3.7992e+09	5.21073e+09	7.37345e+09	1.08323e+10	1.6518e+10	1.08323e+10	7.37345e+09	5.21073e+09	3.7992e+09	2.84356e+09	2.17613e+09	1.69743e+09	1.34613e+09	1.08311e+09	8.8269e+08	7.2758e+08	6.05856e+08	5.09135e+08	4.31413e+08	
0	5.13369e+08	6.10894e+08	7.33631e+08	8.90031e+08	1.09212e+09	1.35733e+09	1.71155e+09	2.19423e+09	2.8672e+09	3.83079e+09	5.25406e+09	7.43477e+09	1.09224e+10	1.66554e+10	1.09224e+10	7.43477e+09	5.25406e+09	3.83079e+09	2.8672e+09	2.19423e+09	1.71155e+09	1.35733e+09	1.09212e+09	8.90031e+08	7.33631e+08	6.10894e+08	5.13369e+08	4.35001e+08	
0	5.17615e+08	6.15947e+08	7.39698e+08	8.97392e+08	1.10115e+09	1.36855e+09	1.72571e+09	2.21237e+09	2.89092e+09	3.86248e+09	5.29752e+09	7.49626e+09	1.10127e+10	1.67931e+10	1.10127e+10	7.49626e+09	5.29752e+09	3.86248e+09	2.89092e+09	2.21237e+09	1.72571e+09	1.36855e+09	1.10115e+09	8.97392e+08	7.39698e+08	6.15947e+08	5.17615e+08	4.38599e+08	
0	5.21873e+08	6.21013e+08	7.45782e+08	9.04773e+08	1.11021e+09	1.37981e+09	1.7399e+09	2.23057e+09	2.9147e+09	3.89425e+09	5.34109e+09	7.55792e+09	1.11033e+10	1.69313e+10	1.11033e+10	7.55792e+09	5.34109e+09	3.89425e+09	2.9147e+09	2.23057e+09	1.7399e+09	1.37981e+09	1.11021e+09	9.04773e+08	7.45782e+08	6.21013e+08	5.21873e+08	4.42206e+08	
0	5.26141e+08	6.26093e+08	7.51882e+08	9.12174e+08	1.11929e+09	1.39109e+09	1.75413e+09	2.24882e+09	2.93854e+09	3.9261e+09	5.38478e+09	7.61974e+09	1.11941e+10	1.70698e+10	1.11941e+10	7.61974e+09	5.38478e+09	3.9261e+09	2.93854e+09	2.24882e+09	1.75413e+09	1.39109e+09	1.11929e+09	9.12174e+08	7.51882e+08	6.26093e+08	5.26141e+08	4.45823e+08	
0	5.30421e+08	6.31185e+08	7.57998e+08	9.19594e+08	1.12839e+09	1.40241e+09	1.7684e+09	2.26711e+09	2.96244e+09	3.95803e+09	5.42858e+09	7.68171e+09	1.12851e+10	1.72086e+10	1.12851e+10	7.68171e+09	5.42858e+09	3.95803e+09	2.96244e+09	2.26711e+09	1.7684e+09	1.40241e+09	1.12839e+09	9.19594e+08	7.57998e+08	6.31185e+08	5.30421e+08	4.4945e+08	
0	5.34711e+08	6.36291e+08	7.64129e+08	9.27032e+08	1.13752e+09	1.41375e+09	1.7827e+09	2.28545e+09	2.9864e+09	3.99005e+09	5.47249e+09	7.74385e+09	1.13764e+10	1.73478e+10	1.13764e+10	7.74385e+09	5.47249e+09	3.99005e+09	2.9864e+09	2.28545e+09	1.7827e+09	1.41375e+09	1.13752e+09	9.27032e+08	7.64129e+08	6.36291e+08	5.34711e+08	4.53085e+08	
0	5.39012e+08	6.41409e+08	7.70276e+08	9.34489e+08	1.14667e+09	1.42512e+09	1.79704e+09	2.30383e+09	3.01042e+09	4.02214e+09	5.5165e+09	7.80614e+09	1.14679e+10	1.74874e+10	1.14679e+10	7.80614e+09	5.5165e+09	4.02214e+09	3.01042e+09	2.30383e+09	1.79704e+09	1.42512e+09	1.14667e+09	9.34489e+08	7.70276e+08	6.41409e+08	5.39012e+08	4.5673e+08	
0	5.43324e+08	6.46539e+08	7.76437e+08	9.41963e+08	1.15584e+09	1.43652e+09	1.81142e+09	2.32226e+09	3.0345e+09	4.05431e+09	5.56063e+09	7.86858e+09	1.15597e+10	1.76272e+10	1.15597e+10	7.86858e+09	5.56063e+09	4.05431e+09	3.0345e+09	2.32226e+09	1.81142e+09	1.43652e+09	1.15584e+09	9.41963e+08	7.76437e+08	6.46539e+08	5.43324e+08	4.60383e+08	
0	5.47645e+08	6.51682e+08	7.82613e+08	9.49456e+08	1.16503e+09	1.44795e+09	1.82582e+09	2.34073e+09	3.05864e+09	4.08656e+09	5.60486e+09	7.93116e+09	1.16516e+10	1.77674e+10	1.16516e+10	7.93116e+09	5.60486e+09	4.08656e+09	3.05864e+09	2.34073e+09	1.82582e+09	1.44795e+09	1.16503e+09	9.49456e+08	7.82613e+08	6.51682e+08	5.47645e+08	4.64045e+08	
0	5.51977e+08	6.56836e+08	7.88802e+08	9.56965e+08	1.17425e+09	1.4594e+09	1.84026e+09	2.35924e+09	3.08283e+09	4.11888e+09	5.64919e+09	7.99389e+09	1.17438e+10	1.7908e+10	1.17438e+10	7.99389e+09	5.64919e+09	4.11888e+09	3.08283e+09	2.35924e+09	1.84026e+09	1.4594e+09	1.17425e+09	9.56965e+08	7.88802e+08	6.56836e+08	5.51977e+08	4.67715e+08	
0	5.56318e+08	6.62002e+08	7.95006e+08	9.64491e+08	1.18348e+09	1.47088e+09	1.85474e+09	2.37779e+09	3.10707e+09	4.15128e+09	5.69361e+09	8.05676e+09	1.18361e+10	1.80488e+10	1.18361e+10	8.05676e+09	5.69361e+09	4.15128e+09	3.10707e+09	2.37779e+09	1.85474e+09	1.47088e+09	1.18348e+09	9.64491e+08	7.95006e+08	6.62002e+08	5.56318e+08	4.71393e+08	
0	5.60668e+08	6.67179e+08	8.01223e+08	9.72033e+08	1.19274e+09	1.48238e+09	1.86924e+09	2.39639e+09	3.13137e+09	4.18374e+09	5.73814e+09	8.11976e+09	1.19287e+10	1.819e+10	1.19287e+10	8.11976e+09	5.73814e+09	4.18374e+09	3.13137e+09	2.39639e+09	1.86924e+09	1.48238e+09	1.19274e+09	9.72033e+08	8.01223e+08	6.67179e+08	5.60668e+08	4.75079e+08	
0	5.65028e+08	6.72366e+08	8.07453e+08	9.79592e+08	1.20201e+09	1.49391e+09	1.88378e+09	2.41502e+09	3.15572e+09	4.21627e+09	5.78276e+09	8.1829e+09	1.20214e+10	1.83314e+10	1.20214e+10	8.1829e+09	5.78276e+09	4.21627e+09	3.15572e+09	2.41502e+09	1.88378e+09	1.49391e+09	1.20201e+09	9.79592e+08	8.07453e+08	6.72366e+08	5.65028e+08	4.78773e+08	
0	5.69396e+08	6.77565e+08	8.13696e+08	9.87166e+08	1.2113e+09	1.50546e+09	1.89834e+09	2.43369e+09	3.18012e+09	4.24887e+09	5.82747e+09	8.24617e+09	1.21144e+10	1.84731e+10	1.21144e+10	8.24617e+09	5.82747e+09	4.24887e+09	3.18012e+09	2.43369e+09	1.89834e+09	1.50546e+09	1.2113e+09	9.87166e+08	8.13696e+08	6.77565e+08	5.69396e+08	4.82475e+08	
0	5.73774e+08	6.82774e+08	8.19951e+08	9.94754e+08	1.22062e+09	1.51703e+09	1.91294e+09	2.4524e+09	3.20457e+09	4.28153e+09	5.87227e+09	8.30956e+09	1.22075e+10	1.86152e+10	1.22075e+10	8.30956e+09	5.87227e+09	4.28153e+09	3.20457e+09	2.4524e+09	1.91294e+09	1.51703e+09	1.22062e+09	9.94754e+08	8.19951e+08	6.82774e+08	5.73774e+08	4.86184e+08	
0	5.78159e+08	6.87993e+08	8.26219e+08	1.00236e+09	1.22995e+09	1.52863e+09	1.92756e+09	2.47115e+09	3.22906e+09	4.31426e+09	5.91715e+09	8.37308e+09	1.23008e+10	1.87574e+10	1.23008e+10	8.37308e+09	5.91715e+09	4.31426e+09	3.22906e+09	2.47115e+09	1.92756e+09	1.52863e+09	1.22995e+09	1.00236e+09	8.26219e+08	6.87993e+08	5.78159e+08	4.89901e+08	
0	5.82553e+08	6.93221e+08	8.32498e+08	1.00998e+09	1.23929e+09	1.54024e+09	1.94221e+09	2.48993e+09	3.2536e+09	4.34705e+09	5.96212e+09	8.43671e+09	1.23943e+10	1.89e+10	1.23943e+10	8.43671e+09	5.96212e+09	4.34705e+09	3.2536e+09	2.48993e+09	1.94221e+09	1.54024e+09	1.23929e+09	1.00998e+09	8.32498e+08	6.93221e+08	5.82553e+08	4.93624e+08	
0	5.86955e+08	6.9846e+08	8.38789e+08	1.01761e+09	1.24866e+09	1.55188e+09	1.95688e+09	2.50875e+09	3.27819e+09	4.3799e+09	6.00718e+09	8.50046e+09	1.2488e+10	1.90428e+10	1.2488e+10	8.50046e+09	6.00718e+09	4.3799e+09	3.27819e+09	2.50875e+09	1.95688e+09	1.55188e+09	1.24866e+09	1.01761e+09	8.38789e+08	6.9846e+08	5.86955e+08	4.97354e+08	
0	5.91365e+08	7.03707e+08	8.45091e+08	1.02525e+09	1.25804e+09	1.56354e+09	1.97158e+09	2.52759e+09	3.30282e+09	4.4128e+09	6.05231e+09	8.56433e+09	1.25818e+10	1.91859e+10	1.25818e+10	8.56433e+09	6.05231e+09	4.4128e+09	3.30282e+09	2.52759e+09	1.97158e+09	1.56354e+09	1.25804e+09	1.02525e+09	8.45091e+08	7.03707e+08	5.91365e+08	5.0109e+08	
0	5.95782e+08	7.08964e+08	8.51403e+08	1.03291e+09	1.26744e+09	1.57522e+09	1.98631e+09	2.54647e+09	3.32749e+09	4.44576e+09	6.09752e+09	8.6283e+09	1.26758e+10	1.93292e+10	1.26758e+10	8.6283e+09	6.09752e+09	4.44576e+09	3.32749e+09	2.54647e+09	1.98631e+09	1.57522e+09	1.26744e+09	1.03291e+09	8.51403e+08	7.08964e+08	5.95782e+08	5.04833e+08	
0	6.00207e+08	7.14229e+08	8.57726e+08	1.04058e+09	1.27685e+09	1.58692e+09	2.00106e+09	2.56538e+09	3.3522e+09	4.47878e+09	6.1428e+09	8.69238e+09	1.27699e+10	1.94728e+10	1.27699e+10	8.69238e+09	6.1428e+09	4.47878e+09	3.3522e+09	2.56538e+09	2.00106e+09	1.58692e+09	1.27685e+09	1.04058e+09	8.57726e+08	7.14229e+08	6.00207e+08	5.08582e+08	
0	6.04638e+08	7.19502e+08	8.64059e+08	1.04826e+09	1.28628e+09	1.59864e+09	2.01584e+09	2.58433e+09	3.37695e+09	4.51185e+09	6.18815e+09	8.75655e+09	1.28642e+10	1.96165e+10	1.28642e+10	8.75655e+09	6.18815e+09	4.51185e+09	3.37695e+09	2.58433e+09	2.01584e+09	1.59864e+09	1.28628e+09	1.04826e+09	8.64059e+08	7.19502e+08	6.04638e+08	5.12337e+08	
0	6.09077e+08	7.24783e+08	8.70401e+08	1.05596e+09	1.29572e+09	1.61037e+09	2.03063e+09	2.6033e+09	3.40174e+09	4.54497e+09	6.23358e+09	8.82083e+09	1.29586e+10	1.97605e+10	1.29586e+10	8.82083e+09	6.23358e+09	4.54497e+09	3.40174e+09	2.6033e+09	2.03063e+09	1.61037e+09	1.29572e+09	1.05596e+09	8.70401e+08	7.24783e+08	6.09077e+08	5.16098e+08	
0	6.13521e+08	7.30073e+08	8.76753e+08	1.06367e+09	1.30517e+09	1.62212e+09	2.04545e+09	2.62229e+09	3.42656e+09	4.57813e+09	6.27907e+09	8.8852e+09	1.30532e+10	1.99047e+10	1.30532e+10	8.8852e+09	6.27907e+09	4.57813e+09	3.42656e+09	2.62229e+09	2.04545e+09	1.62212e+09	1.30517e+09	1.06367e+09	8.76753e+08	7.30073e+08	6.13521e+08	5.19864e+08	
0	6.17972e+08	7.35369e+08	8.83114e+08	1.07138e+09	1.31464e+09	1.63389e+09	2.06029e+09	2.64132e+09	3.45142e+09	4.61135e+09	6.32462e+09	8.94966e+09	1.31479e+10	2.00492e+10	1.31479e+10	8.94966e+09	6.32462e+09	4.61135e+09	3.45142e+09	2.64132e+09	2.06029e+09	1.63389e+09	1.31464e+09	1.07138e+09	8.83114e+08	7.35369e+08	6.17972e+08	5.23636e+08	
0	6.22429e+08	7.40673e+08	8.89483e+08	1.07911e+09	1.32412e+09	1.64568e+09	2.07515e+09	2.66037e+09	3.47631e+09	4.64461e+09	6.37023e+09	9.01421e+09	1.32427e+10	2.01938e+10	1.32427e+10	9.01421e+09	6.37023e+09	4.64461e+09	3.47631e+09	2.66037e+09	2.07515e+09	1.64568e+09	1.32412e+09	1.07911e+09	8.89483e+08	7.40673e+08	6.22429e+08	5.27413e+08	
0	6.26892e+08	7.45983e+08	8.95861e+08	1.08685e+09	1.33362e+09	1.65747e+09	2.09003e+09	2.67944e+09	3.50124e+09	4.67791e+09	6.41591e+09	9.07884e+09	1.33377e+10	2.03385e+10	1.33377e+10	9.07884e+09	6.41591e+09	4.67791e+09	3.50124e+09	2.67944e+09	2.09003e+09	1.65747e+09	1.33362e+09	1.08685e+09	8.95861e+08	7.45983e+08	6.26892e+08	5.31194e+08	
0	6.3136e+08	7.513e+08	9.02246e+08	1.09459e+09	1.34312e+09	1.66929e+09	2.10493e+09	2.69854e+09	3.52619e+09	4.71125e+09	6.46164e+09	9.14355e+09	1.34327e+10	2.04835e+10	1.34327e+10	9.14355e+09	6.46164e+09	4.71125e+09	3.52619e+09	2.69854e+09	2.10493e+09	1.66929e+09	1.34312e+09	1.09459e+09	9.02246e+08	7.513e+08	6.3136e+08	5.3498e+08	
0	6.35834e+08	7.56624e+08	9.08639e+08	1.10235e+09	1.35264e+09	1.68112e+09	2.11984e+09	2.71766e+09	3.55118e+09	4.74463e+09	6.50742e+09	9.20834e+09	1.35279e+10	2.06287e+10	1.35279e+10	9.20834e+09	6.50742e+09	4.74463e+09	3.55118e+09	2.71766e+09	2.11984e+09	1.68112e+09	1.35264e+09	1.10235e+09	9.08639e+08	7.56624e+08	6.35834e+08	5.38771e+08	
0	6.40312e+08	7.61953e+08	9.15039e+08	1.11011e+09	1.36217e+09	1.69296e+09	2.13477e+09	2.7368e+09	3.57619e+09	4.77805e+09	6.55326e+09	9.2732e+09	1.36232e+10	2.0774e+10	1.36232e+10	9.2732e+09	6.55326e+09	4.77805e+09	3.57619e+09	2.7368e+09	2.13477e+09	1.69296e+09	1.36217e+09	1.11011e+09	9.15039e+08	7.61953e+08	6.40312e+08	5.42566e+08	
0	6.44795e+08	7.67288e+08	9.21445e+08	1.11789e+09	1.37171e+09	1.70481e+09	2.14972e+09	2.75596e+09	3.60123e+09	4.8115e+09	6.59914e+09	9.33812e+09	1.37186e+10	2.09194e+10	1.37186e+10	9.33812e+09	6.59914e+09	4.8115e+09	3.60123e+09	2.75596e+09	2.14972e+09	1.70481e+09	1.37171e+09	1.11789e+09	9.21445e+08	7.67288e+08	6.44795e+08	5.46364e+08	
0	6.49283e+08	7.72628e+08	9.27858e+08	1.12567e+09	1.38125e+09	1.71667e+09	2.16468e+09	2.77514e+09	3.62629e+09	4.84499e+09	6.64507e+09	9.40311e+09	1.3814e+10	2.1065e+10	1.3814e+10	9.40311e+09	6.64507e+09	4.84499e+09	3.62629e+09	2.77514e+09	2.16468e+09	1.71667e+09	1.38125e+09	1.12567e+09	9.27858e+08	7.72628e+08	6.49283e+08	5.50167e+08	
0	6.53775e+08	7.77973e+08	9.34277e+08	1.13345e+09	1.39081e+09	1.72855e+09	2.17966e+09	2.79434e+09	3.65138e+09	4.87851e+09	6.69104e+09	9.46816e+09	1.39096e+10	2.12107e+10	1.39096e+10	9.46816e+09	6.69104e+09	4.87851e+09	3.65138e+09	2.79434e+09	2.17966e+09	1.72855e+09	1.39081e+09	1.13345e+09	9.34277e+08	7.77973e+08	6.53775e+08	5.53973e+08	
0	6.58271e+08	7.83323e+08	9.40702e+08	1.14125e+09	1.40037e+09	1.74044e+09	2.19464e+09	2.81356e+09	3.67649e+09	4.91205e+09	6.73705e+09	9.53327e+09	1.40052e+10	2.13566e+10	1.40052e+10	9.53327e+09	6.73705e+09	4.91205e+09	3.67649e+09	2.81356e+09	2.19464e+09	1.74044e+09	1.40037e+09	1.14125e+09	9.40702e+08	7.83323e+08	6.58271e+08	5.57782e+08	
0	6.6277e+08	7.88677e+08	9.47132e+08	1.14905e+09	1.40994e+09	1.75233e+09	2.20964e+09	2.83279e+09	3.70162e+09	4.94563e+09	6.7831e+09	9.59843e+09	1.4101e+10	2.15026e+10	1.4101e+10	9.59843e+09	6.7831e+09	4.94563e+09	3.70162e+09	2.83279e+09	2.20964e+09	1.75233e+09	1.40994e+09	1.14905e+09	9.47132e+08	7.88677e+08	6.6277e+08	5.61595e+08	
0	6.67273e+08	7.94035e+08	9.53566e+08	1.15685e+09	1.41952e+09	1.76424e+09	2.22466e+09	2.85203e+09	3.72676e+09	4.97923e+09	6.82918e+09	9.66364e+09	1.41968e+10	2.16487e+10	1.41968e+10	9.66364e+09	6.82918e+09	4.97923e+09	3.72676e+09	2.85203e+09	2.22466e+09	1.76424e+09	1.41952e+09	1.15685e+09	9.53566e+08	7.94035e+08	6.67273e+08	5.6541e+08	
0	6.71779e+08	7.99397e+08	9.60005e+08	1.16467e+09	1.42911e+09	1.77615e+09	2.23968e+09	2.87129e+09	3.75193e+09	5.01285e+09	6.8753e+09	9.7289e+09	1.42926e+10	2.17949e+10	1.42926e+10	9.7289e+09	6.8753e+09	5.01285e+09	3.75193e+09	2.87129e+09	2.23968e+09	1.77615e+09	1.42911e+09	1.16467e+09	9.60005e+08	7.99397e+08	6.71779e+08	5.69228e+08	
0	6.76287e+08	8.04762e+08	9.66449e+08	1.17248e+09	1.4387e+09	1.78807e+09	2.25471e+09	2.89056e+09	3.77711e+09	5.0465e+09	6.92144e+09	9.79419e+09	1.43886e+10	2.19411e+10	1.43886e+10	9.79419e+09	6.92144e+09	5.0465e+09	3.77711e+09	2.89056e+09	2.25471e+09	1.78807e+09	1.4387e+09	1.17248e+09	9.66449e+08	8.04762e+08	6.76287e+08	5.73049e+08	
0	6.80799e+08	8.1013e+08	9.72895e+08	1.1803e+09	1.4483e+09	1.8e+09	2.26975e+09	2.90985e+09	3.80231e+09	5.08016e+09	6.96761e+09	9.85953e+09	1.44846e+10	2.20875e+10	1.44846e+10	9.85953e+09	6.96761e+09	5.08016e+09	3.80231e+09	2.90985e+09	2.26975e+09	1.8e+09	1.4483e+09	1.1803e+09	9.72895e+08	8.1013e+08	6.80799e+08	5.76871e+08	
0	6.85312e+08	8.15501e+08	9.79346e+08	1.18813e+09	1.4579e+09	1.81193e+09	2.2848e+09	2.92914e+09	3.82752e+09	5.11384e+09	7.01381e+09	9.9249e+09	1.45806e+10	2.22339e+10	1.45806e+10	9.9249e+09	7.01381e+09	5.11384e+09	3.82752e+09	2.92914e+09	2.2848e+09	1.81193e+09	1.4579e+09	1.18813e+09	9.79346e+08	8.15501e+08	6.85312e+08	5.80696e+08	
0	6.89828e+08	8.20875e+08	9.85799e+08	1.19596e+09	1.4675e+09	1.82387e+09	2.29986e+09	2.94844e+09	3.85274e+09	5.14754e+09	7.06002e+09	9.99029e+09	1.46767e+10	2.23805e+10	1.46767e+10	9.99029e+09	7.06002e+09	5.14754e+09	3.85274e+09	2.94844e+09	2.29986e+09	1.82387e+09	1.4675e+09	1.19596e+09	9.85799e+08	8.20875e+08	6.89828e+08	5.84522e+08	
0	6.94345e+08	8.26251e+08	9.92255e+08	1.20379e+09	1.47712e+09	1.83582e+09	2.31492e+09	2.96775e+09	3.87797e+09	5.18125e+09	7.10626e+09	1.00557e+10	1.47728e+10	2.2527e+10	1.47728e+10	1.00557e+10	7.10626e+09	5.18125e+09	3.87797e+09	2.96775e+09	2.31492e+09	1.83582e+09	1.47712e+09	1.20379e+09	9.92255e+08	8.26251e+08	6.94345e+08	5.8835e+08	
0	6.98864e+08	8.31628e+08	9.98712e+08	1.21163e+09	1.48673e+09	1.84777e+09	2.32998e+09	2.98706e+09	3.90321e+09	5.21497e+09	7.15251e+09	1.01212e+10	1.48689e+10	2.26736e+10	1.48689e+10	1.01212e+10	7.15251e+09	5.21497e+09	3.90321e+09	2.98706e+09	2.32998e+09	1.84777e+09	1.48673e+09	1.21163e+09	9.98712e+08	8.31628e+08	6.98864e+08	5.92179e+08	
0	7.03385e+08	8.37007e+08	1.00517e+09	1.21946e+09	1.49634e+09	1.85972e+09	2.34505e+09	3.00638e+09	3.92845e+09	5.2487e+09	7.19877e+09	1.01866e+10	1.49651e+10	2.28203e+10	1.49651e+10	1.01866e+10	7.19877e+09	5.2487e+09	3.92845e+09	3.00638e+09	2.34505e+09	1.85972e+09	1.49634e+09	1.21946e+09	1.00517e+09	8.37007e+08	7.03385e+08	5.9601e+08	
0	7.07906e+08	8.42387e+08	1.01163e+09	1.2273e+09	1.50596e+09	1.87167e+09	2.36013e+09	3.02571e+09	3.9537e+09	5.28244e+09	7.24504e+09	1.02521e+10	1.50613e+10	2.2967e+10	1.50613e+10	1.02521e+10	7.24504e+09	5.28244e+09	3.9537e+09	3.02571e+09	2.36013e+09	1.87167e+09	1.50596e+09	1.2273e+09	1.01163e+09	8.42387e+08	7.07906e+08	5.99841e+08	
0	7.12428e+08	8.47768e+08	1.0181e+09	1.23514e+09	1.51558e+09	1.88363e+09	2.3752e+09	3.04504e+09	3.97896e+09	5.31618e+09	7.29132e+09	1.03176e+10	1.51575e+10	2.31137e+10	1.51575e+10	1.03176e+10	7.29132e+09	5.31618e+09	3.97896e+09	3.04504e+09	2.3752e+09	1.88363e+09	1.51558e+09	1.23514e+09	1.0181e+09	8.47768e+08	7.12428e+08	6.03672e+08	
0	7.1695e+08	8.5315e+08	1.02456e+09	1.24298e+09	1.5252e+09	1.89558e+09	2.39028e+09	3.06436e+09	4.00422e+09	5.34993e+09	7.3376e+09	1.03831e+10	1.52537e+10	2.32604e+10	1.52537e+10	1.03831e+10	7.3376e+09	5.34993e+09	4.00422e+09	3.06436e+09	2.39028e+09	1.89558e+09	1.5252e+09	1.24298e+09	1.02456e+09	8.5315e+08	7.1695e+08	6.07504e+08	
0	7.21473e+08	8.58531e+08	1.03102e+09	1.25082e+09	1.53482e+09	1.90754e+09	2.40536e+09	3.08369e+09	4.02948e+09	5.38367e+09	7.38389e+09	1.04486e+10	1.53499e+10	2.34072e+10	1.53499e+10	1.04486e+10	7.38389e+09	5.38367e+09	4.02948e+09	3.08369e+09	2.40536e+09	1.90754e+09	1.53482e+09	1.25082e+09	1.03102e+09	8.58531e+08	7.21473e+08	6.11336e+08	
0	7.25995e+08	8.63913e+08	1.03748e+09	1.25866e+09	1.54444e+09	1.9195e+09	2.42043e+09	3.10302e+09	4.05473e+09	5.41742e+09	7.43017e+09	1.05141e+10	1.54461e+10	2.35539e+10	1.54461e+10	1.05141e+10	7.43017e+09	5.41742e+09	4.05473e+09	3.10302e+09	2.42043e+09	1.9195e+09	1.54444e+09	1.25866e+09	1.03748e+09	8.63913e+08	7.25995e+08	6.15168e+08	
0	7.30517e+08	8.69294e+08	1.04395e+09	1.2665e+09	1.55406e+09	1.93145e+09	2.43551e+09	3.12235e+09	4.07999e+09	5.45116e+09	7.47645e+09	1.05796e+10	1.55424e+10	2.37006e+10	1.55424e+10	1.05796e+10	7.47645e+09	5.45116e+09	4.07999e+09	3.12235e+09	2.43551e+09	1.93145e+09	1.55406e+09	1.2665e+09	1.04395e+09	8.69294e+08	7.30517e+08	6.19e+08	
0	7.35038e+08	8.74674e+08	1.05041e+09	1.27434e+09	1.56368e+09	1.94341e+09	2.45058e+09	3.14168e+09	4.10524e+09	5.4849e+09	7.52272e+09	1.0645e+10	1.56385e+10	2.38473e+10	1.56385e+10	1.0645e+10	7.52272e+09	5.4849e+09	4.10524e+09	3.14168e+09	2.45058e+09	1.94341e+09	1.56368e+09	1.27434e+09	1.05041e+09	8.74674e+08	7.35038e+08	6.22831e+08	
0	7.39559e+08	8.80053e+08	1.05687e+09	1.28218e+09	1.5733e+09	1.95536e+09	2.46565e+09	3.161e+09	4.13049e+09	5.51863e+09	7.56899e+09	1.07105e+10	1.57347e+10	2.39939e+10	1.57347e+10	1.07105e+10	7.56899e+09	5.51863e+09	4.13049e+09	3.161e+09	2.46565e+09	1.95536e+09	1.5733e+09	1.28218e+09	1.05687e+09	8.80053e+08	7.39559e+08	6.26661e+08	
0	7.44078e+08	8.85431e+08	1.06332e+09	1.29001e+09	1.58291e+09	1.96731e+09	2.48072e+09	3.18031e+09	4.15573e+09	5.55235e+09	7.61524e+09	1.0776e+10	1.58309e+10	2.41406e+10	1.58309e+10	1.0776e+10	7.61524e+09	5.55235e+09	4.15573e+09	3.18031e+09	2.48072e+09	1.96731e+09	1.58291e+09	1.29001e+09	1.06332e+09	8.85431e+08	7.44078e+08	6.30491e+08	
0	7.48595e+08	8.90806e+08	1.06978e+09	1.29784e+09	1.59252e+09	1.97925e+09	2.49578e+09	3.19962e+09	4.18096e+09	5.58606e+09	7.66147e+09	1.08414e+10	1.5927e+10	2.42871e+10	1.5927e+10	1.08414e+10	7.66147e+09	5.58606e+09	4.18096e+09	3.19962e+09	2.49578e+09	1.97925e+09	1.59252e+09	1.29784e+09	1.06978e+09	8.90806e+08	7.48595e+08	6.34319e+08	
0	7.53111e+08	8.9618e+08	1.07623e+09	1.30567e+09	1.60213e+09	1.99119e+09	2.51084e+09	3.21892e+09	4.20618e+09	5.61976e+09	7.70769e+09	1.09068e+10	1.60231e+10	2.44337e+10	1.60231e+10	1.09068e+10	7.70769e+09	5.61976e+09	4.20618e+09	3.21892e+09	2.51084e+09	1.99119e+09	1.60213e+09	1.30567e+09	1.07623e+09	8.9618e+08	7.53111e+08	6.38145e+08	
0	7.57625e+08	9.01551e+08	1.08268e+09	1.3135e+09	1.61173e+09	2.00313e+09	2.52589e+09	3.23822e+09	4.23139e+09	5.65344e+09	7.75389e+09	1.09722e+10	1.61191e+10	2.45801e+10	1.61191e+10	1.09722e+10	7.75389e+09	5.65344e+09	4.23139e+09	3.23822e+09	2.52589e+09	2.00313e+09	1.61173e+09	1.3135e+09	1.08268e+09	9.01551e+08	7.57625e+08	6.4197e+08	
0	7.62136e+08	9.0692e+08	1.08913e+09	1.32132e+09	1.62133e+09	2.01505e+09	2.54093e+09	3.2575e+09	4.25658e+09	5.68711e+09	7.80006e+09	1.10375e+10	1.62151e+10	2.47265e+10	1.62151e+10	1.10375e+10	7.80006e+09	5.68711e+09	4.25658e+09	3.2575e+09	2.54093e+09	2.01505e+09	1.62133e+09	1.32132e+09	1.08913e+09	9.0692e+08	7.62136e+08	6.45793e+08	
0	7.66645e+08	9.12285e+08	1.09557e+09	1.32914e+09	1.63092e+09	2.02697e+09	2.55596e+09	3.27677e+09	4.28177e+09	5.72075e+09	7.8462e+09	1.11028e+10	1.6311e+10	2.48728e+10	1.6311e+10	1.11028e+10	7.8462e+09	5.72075e+09	4.28177e+09	3.27677e+09	2.55596e+09	2.02697e+09	1.63092e+09	1.32914e+09	1.09557e+09	9.12285e+08	7.66645e+08	6.49613e+08	
0	7.71151e+08	9.17647e+08	1.10201e+09	1.33695e+09	1.64051e+09	2.03889e+09	2.57098e+09	3.29603e+09	4.30693e+09	5.75438e+09	7.89232e+09	1.1168e+10	1.64069e+10	2.50189e+10	1.64069e+10	1.1168e+10	7.89232e+09	5.75438e+09	4.30693e+09	3.29603e+09	2.57098e+09	2.03889e+09	1.64051e+09	1.33695e+09	1.10201e+09	9.17647e+08	7.71151e+08	6.53431e+08	
0	7.75654e+08	9.23005e+08	1.10845e+09	1.34476e+09	1.65009e+09	2.05079e+09	2.58599e+09	3.31527e+09	4.33208e+09	5.78798e+09	7.9384e+09	1.12333e+10	1.65027e+10	2.5165e+10	1.65027e+10	1.12333e+10	7.9384e+09	5.78798e+09	4.33208e+09	3.31527e+09	2.58599e+09	2.05079e+09	1.65009e+09	1.34476e+09	1.10845e+09	9.23005e+08	7.75654e+08	6.57246e+08	
0	7.80153e+08	9.28359e+08	1.11488e+09	1.35256e+09	1.65966e+09	2.06269e+09	2.601e+09	3.3345e+09	4.35721e+09	5.82155e+09	7.98445e+09	1.12984e+10	1.65984e+10	2.5311e+10	1.65984e+10	1.12984e+10	7.98445e+09	5.82155e+09	4.35721e+09	3.3345e+09	2.601e+09	2.06269e+09	1.65966e+09	1.35256e+09	1.11488e+09	9.28359e+08	7.80153e+08	6.61059e+08	
0	7.84649e+08	9.33709e+08	1.1213e+09	1.36035e+09	1.66922e+09	2.07458e+09	2.61598e+09	3.35372e+09	4.38232e+09	5.8551e+09	8.03046e+09	1.13635e+10	1.6694e+10	2.54569e+10	1.6694e+10	1.13635e+10	8.03046e+09	5.8551e+09	4.38232e+09	3.35372e+09	2.61598e+09	2.07458e+09	1.66922e+09	1.36035e+09	1.1213e+09	9.33709e+08	7.84649e+08	6.64868e+08	
0	7.8914e+08	9.39054e+08	1.12772e+09	1.36814e+09	1.67878e+09	2.08645e+09	2.63096e+09	3.37292e+09	4.4074e+09	5.88861e+09	8.07643e+09	1.14286e+10	1.67896e+10	2.56026e+10	1.67896e+10	1.14286e+10	8.07643e+09	5.88861e+09	4.4074e+09	3.37292e+09	2.63096e+09	2.08645e+09	1.67878e+09	1.36814e+09	1.12772e+09	9.39054e+08	7.8914e+08	6.68674e+08	
0	7.93627e+08	9.44393e+08	1.13413e+09	1.37592e+09	1.68832e+09	2.09832e+09	2.64592e+09	3.3921e+09	4.43247e+09	5.9221e+09	8.12235e+09	1.14936e+10	1.68851e+10	2.57482e+10	1.68851e+10	1.14936e+10	8.12235e+09	5.9221e+09	4.43247e+09	3.3921e+09	2.64592e+09	2.09832e+09	1.68832e+09	1.37592e+09	1.13413e+09	9.44393e+08	7.93627e+08	6.72476e+08	
0	7.9811e+08	9.49728e+08	1.14054e+09	1.38369e+09	1.69786e+09	2.11017e+09	2.66086e+09	3.41126e+09	4.4575e+09	5.95555e+09	8.16823e+09	1.15585e+10	1.69805e+10	2.58936e+10	1.69805e+10	1.15585e+10	8.16823e+09	5.95555e+09	4.4575e+09	3.41126e+09	2.66086e+09	2.11017e+09	1.69786e+09	1.38369e+09	1.14054e+09	9.49728e+08	7.9811e+08	6.76275e+08	
0	8.02588e+08	9.55056e+08	1.14694e+09	1.39145e+09	1.70738e+09	2.12201e+09	2.67579e+09	3.4304e+09	4.48251e+09	5.98896e+09	8.21406e+09	1.16233e+10	1.70757e+10	2.60389e+10	1.70757e+10	1.16233e+10	8.21406e+09	5.98896e+09	4.48251e+09	3.4304e+09	2.67579e+09	2.12201e+09	1.70738e+09	1.39145e+09	1.14694e+09	9.55056e+08	8.02588e+08	6.80069e+08	
0	8.07061e+08	9.60379e+08	1.15333e+09	1.39921e+09	1.7169e+09	2.13383e+09	2.6907e+09	3.44951e+09	4.50749e+09	6.02234e+09	8.25984e+09	1.16881e+10	1.71709e+10	2.6184e+10	1.71709e+10	1.16881e+10	8.25984e+09	6.02234e+09	4.50749e+09	3.44951e+09	2.6907e+09	2.13383e+09	1.7169e+09	1.39921e+09	1.15333e+09	9.60379e+08	8.07061e+08	6.83859e+08	
0	8.11528e+08	9.65695e+08	1.15971e+09	1.40695e+09	1.7264e+09	2.14564e+09	2.7056e+09	3.46861e+09	4.53244e+09	6.05567e+09	8.30556e+09	1.17528e+10	1.72659e+10	2.6329e+10	1.72659e+10	1.17528e+10	8.30556e+09	6.05567e+09	4.53244e+09	3.46861e+09	2.7056e+09	2.14564e+09	1.7264e+09	1.40695e+09	1.15971e+09	9.65695e+08	8.11528e+08	6.87644e+08	
0	8.1599e+08	9.71004e+08	1.16609e+09	1.41469e+09	1.7359e+09	2.15744e+09	2.72047e+09	3.48768e+09	4.55736e+09	6.08896e+09	8.35122e+09	1.18174e+10	1.73609e+10	2.64737e+10	1.73609e+10	1.18174e+10	8.35122e+09	6.08896e+09	4.55736e+09	3.48768e+09	2.72047e+09	2.15744e+09	1.7359e+09	1.41469e+09	1.16609e+09	9.71004e+08	8.1599e+08	6.91425e+08	
0	8.20445e+08	9.76306e+08	1.17246e+09	1.42241e+09	1.74537e+09	2.16922e+09	2.73533e+09	3.50672e+09	4.58225e+09	6.12221e+09	8.39682e+09	1.18819e+10	1.74557e+10	2.66183e+10	1.74557e+10	1.18819e+10	8.39682e+09	6.12221e+09	4.58225e+09	3.50672e+09	2.73533e+09	2.16922e+09	1.74537e+09	1.42241e+09	1.17246e+09	9.76306e+08	8.20445e+08	6.952e+08	
0	8.24895e+08	9.81601e+08	1.17882e+09	1.43012e+09	1.75484e+09	2.18098e+09	2.75016e+09	3.52574e+09	4.6071e+09	6.15542e+09	8.44236e+09	1.19464e+10	1.75503e+10	2.67627e+10	1.75503e+10	1.19464e+10	8.44236e+09	6.15542e+09	4.6071e+09	3.52574e+09	2.75016e+09	2.18098e+09	1.75484e+09	1.43012e+09	1.17882e+09	9.81601e+08	8.24895e+08	6.98971e+08	
0	8.29338e+08	9.86888e+08	1.18517e+09	1.43783e+09	1.76429e+09	2.19273e+09	2.76498e+09	3.54473e+09	4.63191e+09	6.18857e+09	8.48783e+09	1.20107e+10	1.76448e+10	2.69068e+10	1.76448e+10	1.20107e+10	8.48783e+09	6.18857e+09	4.63191e+09	3.54473e+09	2.76498e+09	2.19273e+09	1.76429e+09	1.43783e+09	1.18517e+09	9.86888e+08	8.29338e+08	7.02735e+08	
0	8.33774e+08	9.92167e+08	1.19151e+09	1.44552e+09	1.77373e+09	2.20446e+09	2.77976e+09	3.56369e+09	4.65669e+09	6.22167e+09	8.53323e+09	1.2075e+10	1.77392e+10	2.70507e+10	1.77392e+10	1.2075e+10	8.53323e+09	6.22167e+09	4.65669e+09	3.56369e+09	2.77976e+09	2.20446e+09	1.77373e+09	1.44552e+09	1.19151e+09	9.92167e+08	8.33774e+08	7.06494e+08	
0	8.38203e+08	9.97437e+08	1.19783e+09	1.4532e+09	1.78315e+09	2.21617e+09	2.79453e+09	3.58262e+09	4.68142e+09	6.25472e+09	8.57856e+09	1.21391e+10	1.78335e+10	2.71944e+10	1.78335e+10	1.21391e+10	8.57856e+09	6.25472e+09	4.68142e+09	3.58262e+09	2.79453e+09	2.21617e+09	1.78315e+09	1.4532e+09	1.19783e+09	9.97437e+08	8.38203e+08	7.10247e+08	
0	8.42625e+08	1.0027e+09	1.20415e+09	1.46086e+09	1.79256e+09	2.22786e+09	2.80927e+09	3.60152e+09	4.70612e+09	6.28772e+09	8.62382e+09	1.22031e+10	1.79275e+10	2.73379e+10	1.79275e+10	1.22031e+10	8.62382e+09	6.28772e+09	4.70612e+09	3.60152e+09	2.80927e+09	2.22786e+09	1.79256e+09	1.46086e+09	1.20415e+09	1.0027e+09	8.42625e+08	7.13994e+08	
0	8.47039e+08	1.00795e+09	1.21046e+09	1.46852e+09	1.80195e+09	2.23953e+09	2.82399e+09	3.62039e+09	4.73077e+09	6.32066e+09	8.66899e+09	1.22671e+10	1.80215e+10	2.74811e+10	1.80215e+10	1.22671e+10	8.66899e+09	6.32066e+09	4.73077e+09	3.62039e+09	2.82399e+09	2.23953e+09	1.80195e+09	1.46852e+09	1.21046e+09	1.00795e+09	8.47039e+08	7.17734e+08	
0	8.51445e+08	1.01319e+09	1.21676e+09	1.47616e+09	1.81132e+09	2.25118e+09	2.83868e+09	3.63922e+09	4.75538e+09	6.35354e+09	8.71409e+09	1.23309e+10	1.81152e+10	2.76241e+10	1.81152e+10	1.23309e+10	8.71409e+09	6.35354e+09	4.75538e+09	3.63922e+09	2.83868e+09	2.25118e+09	1.81132e+09	1.47616e+09	1.21676e+09	1.01319e+09	8.51445e+08	7.21468e+08	
0	8.55843e+08	1.01843e+09	1.22304e+09	1.48378e+09	1.82068e+09	2.26281e+09	2.85334e+09	3.65802e+09	4.77995e+09	6.38635e+09	8.7591e+09	1.23946e+10	1.82088e+10	2.77668e+10	1.82088e+10	1.23946e+10	8.7591e+09	6.38635e+09	4.77995e+09	3.65802e+09	2.85334e+09	2.26281e+09	1.82068e+09	1.48378e+09	1.22304e+09	1.01843e+09	8.55843e+08	7.25195e+08	
0	8.60233e+08	1.02365e+09	1.22932e+09	1.49139e+09	1.83002e+09	2.27442e+09	2.86798e+09	3.67678e+09	4.80446e+09	6.41911e+09	8.80403e+09	1.24582e+10	1.83022e+10	2.79092e+10	1.83022e+10	1.24582e+10	8.80403e+09	6.41911e+09	4.80446e+09	3.67678e+09	2.86798e+09	2.27442e+09	1.83002e+09	1.49139e+09	1.22932e+09	1.02365e+09	8.60233e+08	7.28914e+08	
0	8.64614e+08	1.02886e+09	1.23558e+09	1.49899e+09	1.83934e+09	2.286e+09	2.88258e+09	3.6955e+09	4.82893e+09	6.4518e+09	8.84886e+09	1.25216e+10	1.83954e+10	2.80513e+10	1.83954e+10	1.25216e+10	8.84886e+09	6.4518e+09	4.82893e+09	3.6955e+09	2.88258e+09	2.286e+09	1.83934e+09	1.49899e+09	1.23558e+09	1.02886e+09	8.64614e+08	7.32626e+08	
0	8.68986e+08	1.03407e+09	1.24182e+09	1.50657e+09	1.84864e+09	2.29756e+09	2.89716e+09	3.71419e+09	4.85335e+09	6.48442e+09	8.89361e+09	1.25849e+10	1.84884e+10	2.81932e+10	1.84884e+10	1.25849e+10	8.89361e+09	6.48442e+09	4.85335e+09	3.71419e+09	2.89716e+09	2.29756e+09	1.84864e+09	1.50657e+09	1.24182e+09	1.03407e+09	8.68986e+08	7.36331e+08	
0	8.73348e+08	1.03926e+09	1.24806e+09	1.51413e+09	1.85792e+09	2.30909e+09	2.9117e+09	3.73284e+09	4.87771e+09	6.51698e+09	8.93825e+09	1.26481e+10	1.85812e+10	2.83347e+10	1.85812e+10	1.26481e+10	8.93825e+09	6.51698e+09	4.87771e+09	3.73284e+09	2.9117e+09	2.30909e+09	1.85792e+09	1.51413e+09	1.24806e+09	1.03926e+09	8.73348e+08	7.40027e+08	
0	8.77701e+08	1.04444e+09	1.25428e+09	1.52168e+09	1.86718e+09	2.3206e+09	2.92622e+09	3.75144e+09	4.90202e+09	6.54946e+09	8.98281e+09	1.27111e+10	1.86738e+10	2.84759e+10	1.86738e+10	1.27111e+10	8.98281e+09	6.54946e+09	4.90202e+09	3.75144e+09	2.92622e+09	2.3206e+09	1.86718e+09	1.52168e+09	1.25428e+09	1.04444e+09	8.77701e+08	7.43716e+08	
0	8.82045e+08	1.04961e+09	1.26049e+09	1.52921e+09	1.87642e+09	2.33209e+09	2.9407e+09	3.77001e+09	4.92628e+09	6.58187e+09	9.02726e+09	1.2774e+10	1.87662e+10	2.86169e+10	1.87662e+10	1.2774e+10	9.02726e+09	6.58187e+09	4.92628e+09	3.77001e+09	2.9407e+09	2.33209e+09	1.87642e+09	1.52921e+09	1.26049e+09	1.04961e+09	8.82045e+08	7.47396e+08	
0	8.86378e+08	1.05476e+09	1.26668e+09	1.53672e+09	1.88563e+09	2.34354e+09	2.95514e+09	3.78853e+09	4.95048e+09	6.6142e+09	9.0716e+09	1.28368e+10	1.88584e+10	2.87575e+10	1.88584e+10	1.28368e+10	9.0716e+09	6.6142e+09	4.95048e+09	3.78853e+09	2.95514e+09	2.34354e+09	1.88563e+09	1.53672e+09	1.26668e+09	1.05476e+09	8.86378e+08	7.51068e+08	
0	8.907e+08	1.05991e+09	1.27286e+09	1.54421e+09	1.89483e+09	2.35497e+09	2.96955e+09	3.807e+09	4.97462e+09	6.64646e+09	9.11584e+09	1.28994e+10	1.89504e+10	2.88977e+10	1.89504e+10	1.28994e+10	9.11584e+09	6.64646e+09	4.97462e+09	3.807e+09	2.96955e+09	2.35497e+09	1.89483e+09	1.54421e+09	1.27286e+09	1.05991e+09	8.907e+08	7.54731e+08	
0	8.95013e+08	1.06504e+09	1.27902e+09	1.55169e+09	1.904e+09	2.36637e+09	2.98393e+09	3.82543e+09	4.99871e+09	6.67864e+09	9.15998e+09	1.29618e+10	1.90421e+10	2.90376e+10	1.90421e+10	1.29618e+10	9.15998e+09	6.67864e+09	4.99871e+09	3.82543e+09	2.98393e+09	2.36637e+09	1.904e+09	1.55169e+09	1.27902e+09	1.06504e+09	8.95013e+08	7.58385e+08	
0	8.99314e+08	1.07016e+09	1.28516e+09	1.55915e+09	1.91315e+09	2.37774e+09	2.99827e+09	3.84382e+09	5.02273e+09	6.71073e+09	9.204e+09	1.30241e+10	1.91336e+10	2.91772e+10	1.91336e+10	1.30241e+10	9.204e+09	6.71073e+09	5.02273e+09	3.84382e+09	2.99827e+09	2.37774e+09	1.91315e+09	1.55915e+09	1.28516e+09	1.07016e+09	8.99314e+08	7.62029e+08	
0	9.03604e+08	1.07526e+09	1.2913e+09	1.56658e+09	1.92228e+09	2.38909e+09	3.01257e+09	3.86215e+09	5.04669e+09	6.74275e+09	9.2479e+09	1.30863e+10	1.92249e+10	2.93164e+10	1.92249e+10	1.30863e+10	9.2479e+09	6.74275e+09	5.04669e+09	3.86215e+09	3.01257e+09	2.38909e+09	1.92228e+09	1.56658e+09	1.2913e+09	1.07526e+09	9.03604e+08	7.65664e+08	
0	9.07883e+08	1.08035e+09	1.29741e+09	1.574e+09	1.93138e+09	2.4004e+09	3.02684e+09	3.88044e+09	5.07059e+09	6.77467e+09	9.29169e+09	1.31482e+10	1.9316e+10	2.94552e+10	1.9316e+10	1.31482e+10	9.29169e+09	6.77467e+09	5.07059e+09	3.88044e+09	3.02684e+09	2.4004e+09	1.93138e+09	1.574e+09	1.29741e+09	1.08035e+09	9.07883e+08	7.6929e+08	
0	9.12149e+08	1.08543e+09	1.30351e+09	1.5814e+09	1.94046e+09	2.41168e+09	3.04107e+09	3.89868e+09	5.09442e+09	6.80651e+09	9.33536e+09	1.321e+10	1.94067e+10	2.95936e+10	1.94067e+10	1.321e+10	9.33536e+09	6.80651e+09	5.09442e+09	3.89868e+09	3.04107e+09	2.41168e+09	1.94046e+09	1.5814e+09	1.30351e+09	1.08543e+09	9.12149e+08	7.72905e+08	
0	9.16404e+08	1.09049e+09	1.30959e+09	1.58878e+09	1.94951e+09	2.42293e+09	3.05525e+09	3.91687e+09	5.11818e+09	6.83827e+09	9.37891e+09	1.32716e+10	1.94973e+10	2.97317e+10	1.94973e+10	1.32716e+10	9.37891e+09	6.83827e+09	5.11818e+09	3.91687e+09	3.05525e+09	2.42293e+09	1.94951e+09	1.58878e+09	1.30959e+09	1.09049e+09	9.16404e+08	7.76511e+08	
0	9.20647e+08	1.09554e+09	1.31565e+09	1.59613e+09	1.95854e+09	2.43415e+09	3.0694e+09	3.935e+09	5.14188e+09	6.86992e+09	9.42233e+09	1.33331e+10	1.95875e+10	2.98693e+10	1.95875e+10	1.33331e+10	9.42233e+09	6.86992e+09	5.14188e+09	3.935e+09	3.0694e+09	2.43415e+09	1.95854e+09	1.59613e+09	1.31565e+09	1.09554e+09	9.20647e+08	7.80106e+08	
0	9.24877e+08	1.10058e+09	1.3217e+09	1.60346e+09	1.96754e+09	2.44533e+09	3.0835e+09	3.95308e+09	5.1655e+09	6.90149e+09	9.46563e+09	1.33944e+10	1.96775e+10	3.00066e+10	1.96775e+10	1.33944e+10	9.46563e+09	6.90149e+09	5.1655e+09	3.95308e+09	3.0835e+09	2.44533e+09	1.96754e+09	1.60346e+09	1.3217e+09	1.10058e+09	9.24877e+08	7.8369e+08	
0	9.29095e+08	1.1056e+09	1.32772e+09	1.61078e+09	1.97651e+09	2.45648e+09	3.09756e+09	3.97111e+09	5.18906e+09	6.93296e+09	9.50879e+09	1.34554e+10	1.97673e+10	3.01434e+10	1.97673e+10	1.34554e+10	9.50879e+09	6.93296e+09	5.18906e+09	3.97111e+09	3.09756e+09	2.45648e+09	1.97651e+09	1.61078e+09	1.32772e+09	1.1056e+09	9.29095e+08	7.87264e+08	
0	9.33299e+08	1.1106e+09	1.33373e+09	1.61807e+09	1.98545e+09	2.4676e+09	3.11158e+09	3.98908e+09	5.21254e+09	6.96433e+09	9.55182e+09	1.35163e+10	1.98567e+10	3.02798e+10	1.98567e+10	1.35163e+10	9.55182e+09	6.96433e+09	5.21254e+09	3.98908e+09	3.11158e+09	2.4676e+09	1.98545e+09	1.61807e+09	1.33373e+09	1.1106e+09	9.33299e+08	7.90827e+08	
0	9.3749e+08	1.11559e+09	1.33972e+09	1.62533e+09	1.99437e+09	2.47868e+09	3.12555e+09	4.00699e+09	5.23595e+09	6.99561e+09	9.59471e+09	1.3577e+10	1.99459e+10	3.04158e+10	1.99459e+10	1.3577e+10	9.59471e+09	6.99561e+09	5.23595e+09	4.00699e+09	3.12555e+09	2.47868e+09	1.99437e+09	1.62533e+09	1.33972e+09	1.11559e+09	9.3749e+08	7.94378e+08	
0	9.41668e+08	1.12056e+09	1.34569e+09	1.63257e+09	2.00326e+09	2.48973e+09	3.13948e+09	4.02485e+09	5.25928e+09	7.02678e+09	9.63747e+09	1.36375e+10	2.00348e+10	3.05513e+10	2.00348e+10	1.36375e+10	9.63747e+09	7.02678e+09	5.25928e+09	4.02485e+09	3.13948e+09	2.48973e+09	2.00326e+09	1.63257e+09	1.34569e+09	1.12056e+09	9.41668e+08	7.97918e+08	
0	9.45832e+08	1.12551e+09	1.35164e+09	1.63979e+09	2.01211e+09	2.50074e+09	3.15336e+09	4.04264e+09	5.28254e+09	7.05785e+09	9.68008e+09	1.36978e+10	2.01233e+10	3.06864e+10	2.01233e+10	1.36978e+10	9.68008e+09	7.05785e+09	5.28254e+09	4.04264e+09	3.15336e+09	2.50074e+09	2.01211e+09	1.63979e+09	1.35164e+09	1.12551e+09	9.45832e+08	8.01446e+08	
0	9.49981e+08	1.13045e+09	1.35757e+09	1.64699e+09	2.02094e+09	2.51171e+09	3.16719e+09	4.06038e+09	5.30571e+09	7.08882e+09	9.72255e+09	1.37579e+10	2.02116e+10	3.08211e+10	2.02116e+10	1.37579e+10	9.72255e+09	7.08882e+09	5.30571e+09	4.06038e+09	3.16719e+09	2.51171e+09	2.02094e+09	1.64699e+09	1.35757e+09	1.13045e+09	9.49981e+08	8.04962e+08	
0	9.54117e+08	1.13537e+09	1.36348e+09	1.65416e+09	2.02974e+09	2.52264e+09	3.18098e+09	4.07805e+09	5.32881e+09	7.11968e+09	9.76487e+09	1.38178e+10	2.02996e+10	3.09552e+10	2.02996e+10	1.38178e+10	9.76487e+09	7.11968e+09	5.32881e+09	4.07805e+09	3.18098e+09	2.52264e+09	2.02974e+09	1.65416e+09	1.36348e+09	1.13537e+09	9.54117e+08	8.08466e+08	
0	9.58237e+08	1.14027e+09	1.36937e+09	1.6613e+09	2.03851e+09	2.53354e+09	3.19472e+09	4.09567e+09	5.35182e+09	7.15042e+09	9.80705e+09	1.38775e+10	2.03873e+10	3.10889e+10	2.03873e+10	1.38775e+10	9.80705e+09	7.15042e+09	5.35182e+09	4.09567e+09	3.19472e+09	2.53354e+09	2.03851e+09	1.6613e+09	1.36937e+09	1.14027e+09	9.58237e+08	8.11958e+08	
0	9.62343e+08	1.14516e+09	1.37524e+09	1.66842e+09	2.04724e+09	2.54439e+09	3.20841e+09	4.11322e+09	5.37475e+09	7.18106e+09	9.84907e+09	1.39369e+10	2.04746e+10	3.12222e+10	2.04746e+10	1.39369e+10	9.84907e+09	7.18106e+09	5.37475e+09	4.11322e+09	3.20841e+09	2.54439e+09	2.04724e+09	1.66842e+09	1.37524e+09	1.14516e+09	9.62343e+08	8.15437e+08	
0	9.66434e+08	1.15003e+09	1.38108e+09	1.67551e+09	2.05594e+09	2.55521e+09	3.22205e+09	4.1307e+09	5.3976e+09	7.21159e+09	9.89094e+09	1.39962e+10	2.05617e+10	3.13549e+10	2.05617e+10	1.39962e+10	9.89094e+09	7.21159e+09	5.3976e+09	4.1307e+09	3.22205e+09	2.55521e+09	2.05594e+09	1.67551e+09	1.38108e+09	1.15003e+09	9.66434e+08	8.18903e+08	
0	9.70509e+08	1.15488e+09	1.38691e+09	1.68258e+09	2.06461e+09	2.56598e+09	3.23563e+09	4.14812e+09	5.42036e+09	7.242e+09	9.93265e+09	1.40552e+10	2.06484e+10	3.14871e+10	2.06484e+10	1.40552e+10	9.93265e+09	7.242e+09	5.42036e+09	4.14812e+09	3.23563e+09	2.56598e+09	2.06461e+09	1.68258e+09	1.38691e+09	1.15488e+09	9.70509e+08	8.22356e+08	
0	9.74569e+08	1.15971e+09	1.39271e+09	1.68962e+09	2.07325e+09	2.57672e+09	3.24917e+09	4.16547e+09	5.44304e+09	7.27229e+09	9.9742e+09	1.4114e+10	2.07348e+10	3.16188e+10	2.07348e+10	1.4114e+10	9.9742e+09	7.27229e+09	5.44304e+09	4.16547e+09	3.24917e+09	2.57672e+09	2.07325e+09	1.68962e+09	1.39271e+09	1.15971e+09	9.74569e+08	8.25796e+08	
0	9.78613e+08	1.16452e+09	1.39849e+09	1.69663e+09	2.08185e+09	2.58741e+09	3.26265e+09	4.18276e+09	5.46562e+09	7.30247e+09	1.00156e+10	1.41726e+10	2.08208e+10	3.175e+10	2.08208e+10	1.41726e+10	1.00156e+10	7.30247e+09	5.46562e+09	4.18276e+09	3.26265e+09	2.58741e+09	2.08185e+09	1.69663e+09	1.39849e+09	1.16452e+09	9.78613e+08	8.29223e+08	
0	9.82641e+08	1.16931e+09	1.40424e+09	1.70361e+09	2.09042e+09	2.59806e+09	3.27608e+09	4.19997e+09	5.48812e+09	7.33253e+09	1.00568e+10	1.42309e+10	2.09065e+10	3.18807e+10	2.09065e+10	1.42309e+10	1.00568e+10	7.33253e+09	5.48812e+09	4.19997e+09	3.27608e+09	2.59806e+09	2.09042e+09	1.70361e+09	1.40424e+09	1.16931e+09	9.82641e+08	8.32636e+08	
0	9.86653e+08	1.17409e+09	1.40998e+09	1.71057e+09	2.09895e+09	2.60866e+09	3.28946e+09	4.21712e+09	5.51052e+09	7.36246e+09	1.00979e+10	1.4289e+10	2.09918e+10	3.20109e+10	2.09918e+10	1.4289e+10	1.00979e+10	7.36246e+09	5.51052e+09	4.21712e+09	3.28946e+09	2.60866e+09	2.09895e+09	1.71057e+09	1.40998e+09	1.17409e+09	9.86653e+08	8.36035e+08	
0	9.90648e+08	1.17884e+09	1.41569e+09	1.71749e+09	2.10745e+09	2.61923e+09	3.30277e+09	4.23419e+09	5.53284e+09	7.39227e+09	1.01388e+10	1.43469e+10	2.10768e+10	3.21405e+10	2.10768e+10	1.43469e+10	1.01388e+10	7.39227e+09	5.53284e+09	4.23419e+09	3.30277e+09	2.61923e+09	2.10745e+09	1.71749e+09	1.41569e+09	1.17884e+09	9.90648e+08	8.3942e+08	
0	9.94626e+08	1.18358e+09	1.42137e+09	1.72439e+09	2.11592e+09	2.62975e+09	3.31604e+09	4.2512e+09	5.55505e+09	7.42196e+09	1.01795e+10	1.44045e+10	2.11615e+10	3.22696e+10	2.11615e+10	1.44045e+10	1.01795e+10	7.42196e+09	5.55505e+09	4.2512e+09	3.31604e+09	2.62975e+09	2.11592e+09	1.72439e+09	1.42137e+09	1.18358e+09	9.94626e+08	8.42791e+08	
0	9.98587e+08	1.18829e+09	1.42703e+09	1.73126e+09	2.12434e+09	2.64022e+09	3.32924e+09	4.26813e+09	5.57718e+09	7.45151e+09	1.022e+10	1.44618e+10	2.12458e+10	3.23981e+10	2.12458e+10	1.44618e+10	1.022e+10	7.45151e+09	5.57718e+09	4.26813e+09	3.32924e+09	2.64022e+09	2.12434e+09	1.73126e+09	1.42703e+09	1.18829e+09	9.98587e+08	8.46148e+08	
0	1.00253e+09	1.19298e+09	1.43267e+09	1.73809e+09	2.13273e+09	2.65064e+09	3.34239e+09	4.28498e+09	5.5992e+09	7.48094e+09	1.02604e+10	1.45189e+10	2.13297e+10	3.2526e+10	2.13297e+10	1.45189e+10	1.02604e+10	7.48094e+09	5.5992e+09	4.28498e+09	3.34239e+09	2.65064e+09	2.13273e+09	1.73809e+09	1.43267e+09	1.19298e+09	1.00253e+09	8.49489e+08	
0	1.00646e+09	1.19765e+09	1.43828e+09	1.7449e+09	2.14108e+09	2.66103e+09	3.35548e+09	4.30176e+09	5.62113e+09	7.51024e+09	1.03005e+10	1.45758e+10	2.14132e+10	3.26534e+10	2.14132e+10	1.45758e+10	1.03005e+10	7.51024e+09	5.62113e+09	4.30176e+09	3.35548e+09	2.66103e+09	2.14108e+09	1.7449e+09	1.43828e+09	1.19765e+09	1.00646e+09	8.52816e+08	
0	1.01036e+09	1.2023e+09	1.44386e+09	1.75167e+09	2.1494e+09	2.67136e+09	3.36851e+09	4.31847e+09	5.64296e+09	7.5394e+09	1.03405e+10	1.46324e+10	2.14963e+10	3.27802e+10	2.14963e+10	1.46324e+10	1.03405e+10	7.5394e+09	5.64296e+09	4.31847e+09	3.36851e+09	2.67136e+09	2.1494e+09	1.75167e+09	1.44386e+09	1.2023e+09	1.01036e+09	8.56128e+08	
0	1.01426e+09	1.20693e+09	1.44942e+09	1.75842e+09	2.15767e+09	2.68164e+09	3.38148e+09	4.3351e+09	5.66469e+09	7.56843e+09	1.03804e+10	1.46887e+10	2.15791e+10	3.29064e+10	2.15791e+10	1.46887e+10	1.03804e+10	7.56843e+09	5.66469e+09	4.3351e+09	3.38148e+09	2.68164e+09	2.15767e+09	1.75842e+09	1.44942e+09	1.20693e+09	1.01426e+09	8.59424e+08	
0	1.01813e+09	1.21154e+09	1.45495e+09	1.76513e+09	2.16591e+09	2.69188e+09	3.39439e+09	4.35164e+09	5.68631e+09	7.59732e+09	1.042e+10	1.47448e+10	2.16615e+10	3.30321e+10	2.16615e+10	1.47448e+10	1.042e+10	7.59732e+09	5.68631e+09	4.35164e+09	3.39439e+09	2.69188e+09	2.16591e+09	1.76513e+09	1.45495e+09	1.21154e+09	1.01813e+09	8.62705e+08	
0	1.02198e+09	1.21613e+09	1.46046e+09	1.77181e+09	2.17411e+09	2.70207e+09	3.40724e+09	4.36811e+09	5.70783e+09	7.62608e+09	1.04594e+10	1.48006e+10	2.17435e+10	3.31571e+10	2.17435e+10	1.48006e+10	1.04594e+10	7.62608e+09	5.70783e+09	4.36811e+09	3.40724e+09	2.70207e+09	2.17411e+09	1.77181e+09	1.46046e+09	1.21613e+09	1.02198e+09	8.6597e+08	
0	1.02582e+09	1.22069e+09	1.46594e+09	1.77846e+09	2.18227e+09	2.71221e+09	3.42002e+09	4.38451e+09	5.72925e+09	7.65469e+09	1.04987e+10	1.48562e+10	2.18251e+10	3.32815e+10	2.18251e+10	1.48562e+10	1.04987e+10	7.65469e+09	5.72925e+09	4.38451e+09	3.42002e+09	2.71221e+09	2.18227e+09	1.77846e+09	1.46594e+09	1.22069e+09	1.02582e+09	8.69219e+08	
0	1.02963e+09	1.22523e+09	1.47139e+09	1.78508e+09	2.19038e+09	2.7223e+09	3.43274e+09	4.40081e+09	5.75056e+09	7.68317e+09	1.05377e+10	1.49114e+10	2.19062e+10	3.34053e+10	2.19062e+10	1.49114e+10	1.05377e+10	7.68317e+09	5.75056e+09	4.40081e+09	3.43274e+09	2.7223e+09	2.19038e+09	1.78508e+09	1.47139e+09	1.22523e+09	1.02963e+09	8.72453e+08	
0	1.03343e+09	1.22975e+09	1.47682e+09	1.79166e+09	2.19846e+09	2.73234e+09	3.4454e+09	4.41704e+09	5.77176e+09	7.7115e+09	1.05766e+10	1.49664e+10	2.1987e+10	3.35285e+10	2.1987e+10	1.49664e+10	1.05766e+10	7.7115e+09	5.77176e+09	4.41704e+09	3.4454e+09	2.73234e+09	2.19846e+09	1.79166e+09	1.47682e+09	1.22975e+09	1.03343e+09	8.7567e+08	
0	1.0372e+09	1.23424e+09	1.48222e+09	1.79821e+09	2.2065e+09	2.74232e+09	3.45799e+09	4.43318e+09	5.79286e+09	7.73968e+09	1.06152e+10	1.50211e+10	2.20674e+10	3.36511e+10	2.20674e+10	1.50211e+10	1.06152e+10	7.73968e+09	5.79286e+09	4.43318e+09	3.45799e+09	2.74232e+09	2.2065e+09	1.79821e+09	1.48222e+09	1.23424e+09	1.0372e+09	8.7887e+08	
0	1.04096e+09	1.23871e+09	1.48759e+09	1.80472e+09	2.21449e+09	2.75226e+09	3.47052e+09	4.44924e+09	5.81385e+09	7.76772e+09	1.06537e+10	1.50755e+10	2.21473e+10	3.3773e+10	2.21473e+10	1.50755e+10	1.06537e+10	7.76772e+09	5.81385e+09	4.44924e+09	3.47052e+09	2.75226e+09	2.21449e+09	1.80472e+09	1.48759e+09	1.23871e+09	1.04096e+09	8.82054e+08	
0	1.0447e+09	1.24316e+09	1.49293e+09	1.8112e+09	2.22244e+09	2.76214e+09	3.48298e+09	4.46522e+09	5.83472e+09	7.79561e+09	1.06919e+10	1.51296e+10	2.22268e+10	3.38942e+10	2.22268e+10	1.51296e+10	1.06919e+10	7.79561e+09	5.83472e+09	4.46522e+09	3.48298e+09	2.76214e+09	2.22244e+09	1.8112e+09	1.49293e+09	1.24316e+09	1.0447e+09	8.85221e+08	
0	1.04842e+09	1.24759e+09	1.49824e+09	1.81765e+09	2.23035e+09	2.77197e+09	3.49537e+09	4.48111e+09	5.85548e+09	7.82335e+09	1.073e+10	1.51835e+10	2.23059e+10	3.40148e+10	2.23059e+10	1.51835e+10	1.073e+10	7.82335e+09	5.85548e+09	4.48111e+09	3.49537e+09	2.77197e+09	2.23035e+09	1.81765e+09	1.49824e+09	1.24759e+09	1.04842e+09	8.88371e+08	
0	1.05211e+09	1.25198e+09	1.50352e+09	1.82406e+09	2.23821e+09	2.78174e+09	3.5077e+09	4.49691e+09	5.87613e+09	7.85094e+09	1.07678e+10	1.5237e+10	2.23846e+10	3.41348e+10	2.23846e+10	1.5237e+10	1.07678e+10	7.85094e+09	5.87613e+09	4.49691e+09	3.5077e+09	2.78174e+09	2.23821e+09	1.82406e+09	1.50352e+09	1.25198e+09	1.05211e+09	8.91504e+08	
0	1.05579e+09	1.25636e+09	1.50878e+09	1.83043e+09	2.24603e+09	2.79146e+09	3.51996e+09	4.51262e+09	5.89666e+09	7.87837e+09	1.08055e+10	1.52903e+10	2.24628e+10	3.42541e+10	2.24628e+10	1.52903e+10	1.08055e+10	7.87837e+09	5.89666e+09	4.51262e+09	3.51996e+09	2.79146e+09	2.24603e+09	1.83043e+09	1.50878e+09	1.25636e+09	1.05579e+09	8.94619e+08	
0	1.05945e+09	1.26071e+09	1.514e+09	1.83677e+09	2.25381e+09	2.80113e+09	3.53215e+09	4.52825e+09	5.91708e+09	7.90565e+09	1.08429e+10	1.53432e+10	2.25406e+10	3.43727e+10	2.25406e+10	1.53432e+10	1.08429e+10	7.90565e+09	5.91708e+09	4.52825e+09	3.53215e+09	2.80113e+09	2.25381e+09	1.83677e+09	1.514e+09	1.26071e+09	1.05945e+09	8.97717e+08	
0	1.06308e+09	1.26504e+09	1.5192e+09	1.84307e+09	2.26154e+09	2.81074e+09	3.54426e+09	4.54379e+09	5.93738e+09	7.93277e+09	1.08801e+10	1.53959e+10	2.26179e+10	3.44906e+10	2.26179e+10	1.53959e+10	1.08801e+10	7.93277e+09	5.93738e+09	4.54379e+09	3.54426e+09	2.81074e+09	2.26154e+09	1.84307e+09	1.5192e+09	1.26504e+09	1.06308e+09	9.00796e+08	
0	1.06669e+09	1.26934e+09	1.52436e+09	1.84933e+09	2.26923e+09	2.82029e+09	3.55631e+09	4.55923e+09	5.95756e+09	7.95974e+09	1.0917e+10	1.54482e+10	2.26948e+10	3.46079e+10	2.26948e+10	1.54482e+10	1.0917e+10	7.95974e+09	5.95756e+09	4.55923e+09	3.55631e+09	2.82029e+09	2.26923e+09	1.84933e+09	1.52436e+09	1.26934e+09	1.06669e+09	9.03858e+08	
0	1.07029e+09	1.27361e+09	1.52949e+09	1.85556e+09	2.27687e+09	2.82979e+09	3.56829e+09	4.57458e+09	5.97763e+09	7.98654e+09	1.09538e+10	1.55002e+10	2.27712e+10	3.47244e+10	2.27712e+10	1.55002e+10	1.09538e+10	7.98654e+09	5.97763e+09	4.57458e+09	3.56829e+09	2.82979e+09	2.27687e+09	1.85556e+09	1.52949e+09	1.27361e+09	1.07029e+09	9.06902e+08	
0	1.07386e+09	1.27786e+09	1.5346e+09	1.86175e+09	2.28447e+09	2.83923e+09	3.58019e+09	4.58984e+09	5.99757e+09	8.01319e+09	1.09904e+10	1.55519e+10	2.28472e+10	3.48403e+10	2.28472e+10	1.55519e+10	1.09904e+10	8.01319e+09	5.99757e+09	4.58984e+09	3.58019e+09	2.83923e+09	2.28447e+09	1.86175e+09	1.5346e+09	1.27786e+09	1.07386e+09	9.09928e+08	
0	1.07741e+09	1.28208e+09	1.53967e+09	1.8679e+09	2.29202e+09	2.84861e+09	3.59202e+09	4.60501e+09	6.01739e+09	8.03967e+09	1.10267e+10	1.56033e+10	2.29227e+10	3.49554e+10	2.29227e+10	1.56033e+10	1.10267e+10	8.03967e+09	6.01739e+09	4.60501e+09	3.59202e+09	2.84861e+09	2.29202e+09	1.8679e+09	1.53967e+09	1.28208e+09	1.07741e+09	9.12935e+08	
0	1.08093e+09	1.28628e+09	1.54471e+09	1.87402e+09	2.29952e+09	2.85794e+09	3.60378e+09	4.62009e+09	6.03708e+09	8.06598e+09	1.10628e+10	1.56544e+10	2.29977e+10	3.50698e+10	2.29977e+10	1.56544e+10	1.10628e+10	8.06598e+09	6.03708e+09	4.62009e+09	3.60378e+09	2.85794e+09	2.29952e+09	1.87402e+09	1.54471e+09	1.28628e+09	1.08093e+09	9.15923e+08	
0	1.08444e+09	1.29045e+09	1.54971e+09	1.88009e+09	2.30698e+09	2.8672e+09	3.61546e+09	4.63506e+09	6.05666e+09	8.09213e+09	1.10986e+10	1.57051e+10	2.30723e+10	3.51835e+10	2.30723e+10	1.57051e+10	1.10986e+10	8.09213e+09	6.05666e+09	4.63506e+09	3.61546e+09	2.8672e+09	2.30698e+09	1.88009e+09	1.54971e+09	1.29045e+09	1.08444e+09	9.18892e+08	
0	1.08792e+09	1.29459e+09	1.55469e+09	1.88613e+09	2.31438e+09	2.87641e+09	3.62707e+09	4.64995e+09	6.0761e+09	8.11812e+09	1.11343e+10	1.57556e+10	2.31464e+10	3.52965e+10	2.31464e+10	1.57556e+10	1.11343e+10	8.11812e+09	6.0761e+09	4.64995e+09	3.62707e+09	2.87641e+09	2.31438e+09	1.88613e+09	1.55469e+09	1.29459e+09	1.08792e+09	9.21843e+08	
0	1.09138e+09	1.29871e+09	1.55963e+09	1.89213e+09	2.32174e+09	2.88555e+09	3.63861e+09	4.66473e+09	6.09542e+09	8.14393e+09	1.11697e+10	1.58057e+10	2.322e+10	3.54087e+10	2.322e+10	1.58057e+10	1.11697e+10	8.14393e+09	6.09542e+09	4.66473e+09	3.63861e+09	2.88555e+09	2.32174e+09	1.89213e+09	1.55963e+09	1.29871e+09	1.09138e+09	9.24774e+08	
0	1.09481e+09	1.3028e+09	1.56455e+09	1.89809e+09	2.32905e+09	2.89464e+09	3.65006e+09	4.67942e+09	6.11462e+09	8.16957e+09	1.12048e+10	1.58554e+10	2.32931e+10	3.55202e+10	2.32931e+10	1.58554e+10	1.12048e+10	8.16957e+09	6.11462e+09	4.67942e+09	3.65006e+09	2.89464e+09	2.32905e+09	1.89809e+09	1.56455e+09	1.3028e+09	1.09481e+09	9.27686e+08	
0	1.09823e+09	1.30686e+09	1.56942e+09	1.904e+09	2.33631e+09	2.90366e+09	3.66144e+09	4.69401e+09	6.13368e+09	8.19504e+09	1.12398e+10	1.59049e+10	2.33657e+10	3.5631e+10	2.33657e+10	1.59049e+10	1.12398e+10	8.19504e+09	6.13368e+09	4.69401e+09	3.66144e+09	2.90366e+09	2.33631e+09	1.904e+09	1.56942e+09	1.30686e+09	1.09823e+09	9.30578e+08	
0	1.10162e+09	1.31089e+09	1.57427e+09	1.90988e+09	2.34353e+09	2.91263e+09	3.67274e+09	4.7085e+09	6.15261e+09	8.22034e+09	1.12745e+10	1.5954e+10	2.34378e+10	3.5741e+10	2.34378e+10	1.5954e+10	1.12745e+10	8.22034e+09	6.15261e+09	4.7085e+09	3.67274e+09	2.91263e+09	2.34353e+09	1.90988e+09	1.57427e+09	1.31089e+09	1.10162e+09	9.33451e+08	
0	1.10498e+09	1.3149e+09	1.57908e+09	1.91572e+09	2.35069e+09	2.92153e+09	3.68397e+09	4.72289e+09	6.17142e+09	8.24546e+09	1.13089e+10	1.60027e+10	2.35095e+10	3.58502e+10	2.35095e+10	1.60027e+10	1.13089e+10	8.24546e+09	6.17142e+09	4.72289e+09	3.68397e+09	2.92153e+09	2.35069e+09	1.91572e+09	1.57908e+09	1.3149e+09	1.10498e+09	9.36304e+08	
0	1.10833e+09	1.31888e+09	1.58386e+09	1.92151e+09	2.3578e+09	2.93037e+09	3.69512e+09	4.73718e+09	6.19009e+09	8.27041e+09	1.13431e+10	1.60511e+10	2.35806e+10	3.59587e+10	2.35806e+10	1.60511e+10	1.13431e+10	8.27041e+09	6.19009e+09	4.73718e+09	3.69512e+09	2.93037e+09	2.3578e+09	1.92151e+09	1.58386e+09	1.31888e+09	1.10833e+09	9.39136e+08	
0	1.11165e+09	1.32283e+09	1.5886e+09	1.92727e+09	2.36486e+09	2.93914e+09	3.70618e+09	4.75137e+09	6.20863e+09	8.29518e+09	1.13771e+10	1.60992e+10	2.36512e+10	3.60664e+10	2.36512e+10	1.60992e+10	1.13771e+10	8.29518e+09	6.20863e+09	4.75137e+09	3.70618e+09	2.93914e+09	2.36486e+09	1.92727e+09	1.5886e+09	1.32283e+09	1.11165e+09	9.41949e+08	
0	1.11494e+09	1.32675e+09	1.59331e+09	1.93298e+09	2.37187e+09	2.94786e+09	3.71717e+09	4.76545e+09	6.22703e+09	8.31977e+09	1.14108e+10	1.61469e+10	2.37213e+10	3.61733e+10	2.37213e+10	1.61469e+10	1.14108e+10	8.31977e+09	6.22703e+09	4.76545e+09	3.71717e+09	2.94786e+09	2.37187e+09	1.93298e+09	1.59331e+09	1.32675e+09	1.11494e+09	9.44741e+08	
0	1.11821e+09	1.33064e+09	1.59798e+09	1.93865e+09	2.37883e+09	2.95651e+09	3.72807e+09	4.77943e+09	6.2453e+09	8.34418e+09	1.14443e+10	1.61943e+10	2.37909e+10	3.62794e+10	2.37909e+10	1.61943e+10	1.14443e+10	8.34418e+09	6.2453e+09	4.77943e+09	3.72807e+09	2.95651e+09	2.37883e+09	1.93865e+09	1.59798e+09	1.33064e+09	1.11821e+09	9.47513e+08	
0	1.12146e+09	1.3345e+09	1.60262e+09	1.94428e+09	2.38574e+09	2.96509e+09	3.7389e+09	4.79331e+09	6.26344e+09	8.36841e+09	1.14776e+10	1.62413e+10	2.386e+10	3.63848e+10	2.386e+10	1.62413e+10	1.14776e+10	8.36841e+09	6.26344e+09	4.79331e+09	3.7389e+09	2.96509e+09	2.38574e+09	1.94428e+09	1.60262e+09	1.3345e+09	1.12146e+09	9.50264e+08	
0	1.12468e+09	1.33834e+09	1.60723e+09	1.94987e+09	2.39259e+09	2.97361e+09	3.74964e+09	4.80708e+09	6.28143e+09	8.39245e+09	1.15105e+10	1.6288e+10	2.39286e+10	3.64893e+10	2.39286e+10	1.6288e+10	1.15105e+10	8.39245e+09	6.28143e+09	4.80708e+09	3.74964e+09	2.97361e+09	2.39259e+09	1.94987e+09	1.60723e+09	1.33834e+09	1.12468e+09	9.52994e+08	
0	1.12788e+09	1.34214e+09	1.6118e+09	1.95541e+09	2.39939e+09	2.98206e+09	3.7603e+09	4.82075e+09	6.29929e+09	8.41631e+09	1.15433e+10	1.63343e+10	2.39966e+10	3.65931e+10	2.39966e+10	1.63343e+10	1.15433e+10	8.41631e+09	6.29929e+09	4.82075e+09	3.7603e+09	2.98206e+09	2.39939e+09	1.95541e+09	1.6118e+09	1.34214e+09	1.12788e+09	9.55704e+08	
0	1.13105e+09	1.34592e+09	1.61633e+09	1.96091e+09	2.40614e+09	2.99045e+09	3.77088e+09	4.83431e+09	6.31701e+09	8.43998e+09	1.15757e+10	1.63802e+10	2.40641e+10	3.6696e+10	2.40641e+10	1.63802e+10	1.15757e+10	8.43998e+09	6.31701e+09	4.83431e+09	3.77088e+09	2.99045e+09	2.40614e+09	1.96091e+09	1.61633e+09	1.34592e+09	1.13105e+09	9.58392e+08	
0	1.1342e+09	1.34966e+09	1.62083e+09	1.96637e+09	2.41284e+09	2.99877e+09	3.78137e+09	4.84776e+09	6.33459e+09	8.46347e+09	1.16079e+10	1.64258e+10	2.4131e+10	3.67981e+10	2.4131e+10	1.64258e+10	1.16079e+10	8.46347e+09	6.33459e+09	4.84776e+09	3.78137e+09	2.99877e+09	2.41284e+09	1.96637e+09	1.62083e+09	1.34966e+09	1.1342e+09	9.61059e+08	
0	1.13732e+09	1.35338e+09	1.62529e+09	1.97178e+09	2.41948e+09	3.00703e+09	3.79178e+09	4.86111e+09	6.35203e+09	8.48677e+09	1.16399e+10	1.6471e+10	2.41975e+10	3.68994e+10	2.41975e+10	1.6471e+10	1.16399e+10	8.48677e+09	6.35203e+09	4.86111e+09	3.79178e+09	3.00703e+09	2.41948e+09	1.97178e+09	1.62529e+09	1.35338e+09	1.13732e+09	9.63705e+08	
0	1.14042e+09	1.35707e+09	1.62972e+09	1.97715e+09	2.42607e+09	3.01522e+09	3.80211e+09	4.87434e+09	6.36932e+09	8.50988e+09	1.16716e+10	1.65159e+10	2.42634e+10	3.69999e+10	2.42634e+10	1.65159e+10	1.16716e+10	8.50988e+09	6.36932e+09	4.87434e+09	3.80211e+09	3.01522e+09	2.42607e+09	1.97715e+09	1.62972e+09	1.35707e+09	1.14042e+09	9.66329e+08	
0	1.14349e+09	1.36072e+09	1.63411e+09	1.98248e+09	2.4326e+09	3.02334e+09	3.81235e+09	4.88747e+09	6.38647e+09	8.5328e+09	1.1703e+10	1.65604e+10	2.43287e+10	3.70996e+10	2.43287e+10	1.65604e+10	1.1703e+10	8.5328e+09	6.38647e+09	4.88747e+09	3.81235e+09	3.02334e+09	2.4326e+09	1.98248e+09	1.63411e+09	1.36072e+09	1.14349e+09	9.68931e+08	
0	1.14654e+09	1.36434e+09	1.63846e+09	1.98776e+09	2.43908e+09	3.03139e+09	3.8225e+09	4.90049e+09	6.40348e+09	8.55552e+09	1.17342e+10	1.66045e+10	2.43935e+10	3.71984e+10	2.43935e+10	1.66045e+10	1.17342e+10	8.55552e+09	6.40348e+09	4.90049e+09	3.8225e+09	3.03139e+09	2.43908e+09	1.98776e+09	1.63846e+09	1.36434e+09	1.14654e+09	9.71512e+08	
0	1.14956e+09	1.36794e+09	1.64277e+09	1.99299e+09	2.44551e+09	3.03937e+09	3.83257e+09	4.91339e+09	6.42035e+09	8.57805e+09	1.17651e+10	1.66482e+10	2.44577e+10	3.72964e+10	2.44577e+10	1.66482e+10	1.17651e+10	8.57805e+09	6.42035e+09	4.91339e+09	3.83257e+09	3.03937e+09	2.44551e+09	1.99299e+09	1.64277e+09	1.36794e+09	1.14956e+09	9.7407e+08	
0	1.15255e+09	1.3715e+09	1.64705e+09	1.99818e+09	2.45187e+09	3.04729e+09	3.84255e+09	4.92619e+09	6.43707e+09	8.60039e+09	1.17957e+10	1.66916e+10	2.45214e+10	3.73935e+10	2.45214e+10	1.66916e+10	1.17957e+10	8.60039e+09	6.43707e+09	4.92619e+09	3.84255e+09	3.04729e+09	2.45187e+09	1.99818e+09	1.64705e+09	1.3715e+09	1.15255e+09	9.76607e+08	
0	1.15552e+09	1.37503e+09	1.65129e+09	2.00333e+09	2.45819e+09	3.05513e+09	3.85244e+09	4.93887e+09	6.45364e+09	8.62253e+09	1.18261e+10	1.67345e+10	2.45846e+10	3.74898e+10	2.45846e+10	1.67345e+10	1.18261e+10	8.62253e+09	6.45364e+09	4.93887e+09	3.85244e+09	3.05513e+09	2.45819e+09	2.00333e+09	1.65129e+09	1.37503e+09	1.15552e+09	9.79121e+08	
0	1.15846e+09	1.37853e+09	1.65549e+09	2.00842e+09	2.46444e+09	3.06291e+09	3.86224e+09	4.95144e+09	6.47007e+09	8.64448e+09	1.18562e+10	1.67771e+10	2.46471e+10	3.75852e+10	2.46471e+10	1.67771e+10	1.18562e+10	8.64448e+09	6.47007e+09	4.95144e+09	3.86224e+09	3.06291e+09	2.46444e+09	2.00842e+09	1.65549e+09	1.37853e+09	1.15846e+09	9.81613e+08	
0	1.16137e+09	1.382e+09	1.65966e+09	2.01348e+09	2.47064e+09	3.07061e+09	3.87196e+09	4.9639e+09	6.48634e+09	8.66623e+09	1.1886e+10	1.68193e+10	2.47091e+10	3.76797e+10	2.47091e+10	1.68193e+10	1.1886e+10	8.66623e+09	6.48634e+09	4.9639e+09	3.87196e+09	3.07061e+09	2.47064e+09	2.01348e+09	1.65966e+09	1.382e+09	1.16137e+09	9.84083e+08	
0	1.16426e+09	1.38543e+09	1.66379e+09	2.01848e+09	2.47679e+09	3.07825e+09	3.88159e+09	4.97624e+09	6.50247e+09	8.68777e+09	1.19156e+10	1.68612e+10	2.47706e+10	3.77734e+10	2.47706e+10	1.68612e+10	1.19156e+10	8.68777e+09	6.50247e+09	4.97624e+09	3.88159e+09	3.07825e+09	2.47679e+09	2.01848e+09	1.66379e+09	1.38543e+09	1.16426e+09	9.86529e+08	
0	1.16712e+09	1.38884e+09	1.66787e+09	2.02344e+09	2.48287e+09	3.08581e+09	3.89113e+09	4.98847e+09	6.51845e+09	8.70912e+09	1.19449e+10	1.69026e+10	2.48314e+10	3.78663e+10	2.48314e+10	1.69026e+10	1.19449e+10	8.70912e+09	6.51845e+09	4.98847e+09	3.89113e+09	3.08581e+09	2.48287e+09	2.02344e+09	1.66787e+09	1.38884e+09	1.16712e+09	9.88954e+08	
0	1.16995e+09	1.39221e+09	1.67192e+09	2.02836e+09	2.4889e+09	3.09331e+09	3.90057e+09	5.00058e+09	6.53427e+09	8.73027e+09	1.19739e+10	1.69436e+10	2.48917e+10	3.79582e+10	2.48917e+10	1.69436e+10	1.19739e+10	8.73027e+09	6.53427e+09	5.00058e+09	3.90057e+09	3.09331e+09	2.4889e+09	2.02836e+09	1.67192e+09	1.39221e+09	1.16995e+09	9.91355e+08	
0	1.17276e+09	1.39555e+09	1.67593e+09	2.03322e+09	2.49487e+09	3.10073e+09	3.90993e+09	5.01257e+09	6.54995e+09	8.75121e+09	1.20026e+10	1.69843e+10	2.49515e+10	3.80493e+10	2.49515e+10	1.69843e+10	1.20026e+10	8.75121e+09	6.54995e+09	5.01257e+09	3.90993e+09	3.10073e+09	2.49487e+09	2.03322e+09	1.67593e+09	1.39555e+09	1.17276e+09	9.93733e+08	
0	1.17554e+09	1.39886e+09	1.67991e+09	2.03804e+09	2.50078e+09	3.10807e+09	3.9192e+09	5.02445e+09	6.56547e+09	8.77195e+09	1.2031e+10	1.70245e+10	2.50106e+10	3.81395e+10	2.50106e+10	1.70245e+10	1.2031e+10	8.77195e+09	6.56547e+09	5.02445e+09	3.9192e+09	3.10807e+09	2.50078e+09	2.03804e+09	1.67991e+09	1.39886e+09	1.17554e+09	9.96088e+08	
0	1.17829e+09	1.40213e+09	1.68384e+09	2.04281e+09	2.50664e+09	3.11535e+09	3.92837e+09	5.03622e+09	6.58084e+09	8.79249e+09	1.20592e+10	1.70644e+10	2.50691e+10	3.82288e+10	2.50691e+10	1.70644e+10	1.20592e+10	8.79249e+09	6.58084e+09	5.03622e+09	3.92837e+09	3.11535e+09	2.50664e+09	2.04281e+09	1.68384e+09	1.40213e+09	1.17829e+09	9.9842e+08	
0	1.18102e+09	1.40537e+09	1.68773e+09	2.04753e+09	2.51243e+09	3.12255e+09	3.93746e+09	5.04786e+09	6.59606e+09	8.81282e+09	1.20871e+10	1.71038e+10	2.51271e+10	3.83172e+10	2.51271e+10	1.71038e+10	1.20871e+10	8.81282e+09	6.59606e+09	5.04786e+09	3.93746e+09	3.12255e+09	2.51243e+09	2.04753e+09	1.68773e+09	1.40537e+09	1.18102e+09	1.00073e+09	
0	1.18371e+09	1.40858e+09	1.69159e+09	2.05221e+09	2.51817e+09	3.12968e+09	3.94645e+09	5.05939e+09	6.61112e+09	8.83294e+09	1.21147e+10	1.71429e+10	2.51845e+10	3.84046e+10	2.51845e+10	1.71429e+10	1.21147e+10	8.83294e+09	6.61112e+09	5.05939e+09	3.94645e+09	3.12968e+09	2.51817e+09	2.05221e+09	1.69159e+09	1.40858e+09	1.18371e+09	1.00301e+09	
0	1.18638e+09	1.41176e+09	1.6954e+09	2.05684e+09	2.52385e+09	3.13674e+09	3.95534e+09	5.0708e+09	6.62603e+09	8.85285e+09	1.2142e+10	1.71815e+10	2.52413e+10	3.84912e+10	2.52413e+10	1.71815e+10	1.2142e+10	8.85285e+09	6.62603e+09	5.0708e+09	3.95534e+09	3.13674e+09	2.52385e+09	2.05684e+09	1.6954e+09	1.41176e+09	1.18638e+09	1.00528e+09	
0	1.18902e+09	1.4149e+09	1.69917e+09	2.06142e+09	2.52947e+09	3.14372e+09	3.96415e+09	5.08208e+09	6.64078e+09	8.87256e+09	1.2169e+10	1.72198e+10	2.52974e+10	3.85769e+10	2.52974e+10	1.72198e+10	1.2169e+10	8.87256e+09	6.64078e+09	5.08208e+09	3.96415e+09	3.14372e+09	2.52947e+09	2.06142e+09	1.69917e+09	1.4149e+09	1.18902e+09	1.00751e+09	
0	1.19164e+09	1.41801e+09	1.70291e+09	2.06595e+09	2.53503e+09	3.15063e+09	3.97286e+09	5.09325e+09	6.65537e+09	8.89206e+09	1.21958e+10	1.72576e+10	2.5353e+10	3.86617e+10	2.5353e+10	1.72576e+10	1.21958e+10	8.89206e+09	6.65537e+09	5.09325e+09	3.97286e+09	3.15063e+09	2.53503e+09	2.06595e+09	1.70291e+09	1.41801e+09	1.19164e+09	1.00973e+09	
0	1.19422e+09	1.42109e+09	1.7066e+09	2.07043e+09	2.54052e+09	3.15747e+09	3.98148e+09	5.1043e+09	6.66981e+09	8.91135e+09	1.22222e+10	1.72951e+10	2.5408e+10	3.87456e+10	2.5408e+10	1.72951e+10	1.22222e+10	8.91135e+09	6.66981e+09	5.1043e+09	3.98148e+09	3.15747e+09	2.54052e+09	2.07043e+09	1.7066e+09	1.42109e+09	1.19422e+09	1.01192e+09	
0	1.19678e+09	1.42413e+09	1.71025e+09	2.07486e+09	2.54596e+09	3.16422e+09	3.99e+09	5.11522e+09	6.68408e+09	8.93042e+09	1.22484e+10	1.73321e+10	2.54624e+10	3.88285e+10	2.54624e+10	1.73321e+10	1.22484e+10	8.93042e+09	6.68408e+09	5.11522e+09	3.99e+09	3.16422e+09	2.54596e+09	2.07486e+09	1.71025e+09	1.42413e+09	1.19678e+09	1.01408e+09	
0	1.1993e+09	1.42714e+09	1.71387e+09	2.07924e+09	2.55134e+09	3.17091e+09	3.99843e+09	5.12603e+09	6.6982e+09	8.94929e+09	1.22742e+10	1.73687e+10	2.55162e+10	3.89105e+10	2.55162e+10	1.73687e+10	1.22742e+10	8.94929e+09	6.6982e+09	5.12603e+09	3.99843e+09	3.17091e+09	2.55134e+09	2.07924e+09	1.71387e+09	1.42714e+09	1.1993e+09	1.01623e+09	
0	1.2018e+09	1.43011e+09	1.71744e+09	2.08357e+09	2.55666e+09	3.17752e+09	4.00676e+09	5.13671e+09	6.71216e+09	8.96794e+09	1.22998e+10	1.74049e+10	2.55694e+10	3.89916e+10	2.55694e+10	1.74049e+10	1.22998e+10	8.96794e+09	6.71216e+09	5.13671e+09	4.00676e+09	3.17752e+09	2.55666e+09	2.08357e+09	1.71744e+09	1.43011e+09	1.2018e+09	1.01834e+09	
0	1.20427e+09	1.43305e+09	1.72097e+09	2.08786e+09	2.56191e+09	3.18405e+09	4.015e+09	5.14727e+09	6.72596e+09	8.98637e+09	1.23251e+10	1.74407e+10	2.56219e+10	3.90718e+10	2.56219e+10	1.74407e+10	1.23251e+10	8.98637e+09	6.72596e+09	5.14727e+09	4.015e+09	3.18405e+09	2.56191e+09	2.08786e+09	1.72097e+09	1.43305e+09	1.20427e+09	1.02044e+09	
0	1.20672e+09	1.43596e+09	1.72446e+09	2.09209e+09	2.56711e+09	3.1905e+09	4.02314e+09	5.15771e+09	6.7396e+09	9.00459e+09	1.23501e+10	1.7476e+10	2.56739e+10	3.9151e+10	2.56739e+10	1.7476e+10	1.23501e+10	9.00459e+09	6.7396e+09	5.15771e+09	4.02314e+09	3.1905e+09	2.56711e+09	2.09209e+09	1.72446e+09	1.43596e+09	1.20672e+09	1.02251e+09	
0	1.20913e+09	1.43883e+09	1.72791e+09	2.09627e+09	2.57224e+09	3.19688e+09	4.03118e+09	5.16802e+09	6.75307e+09	9.0226e+09	1.23748e+10	1.7511e+10	2.57252e+10	3.92293e+10	2.57252e+10	1.7511e+10	1.23748e+10	9.0226e+09	6.75307e+09	5.16802e+09	4.03118e+09	3.19688e+09	2.57224e+09	2.09627e+09	1.72791e+09	1.43883e+09	1.20913e+09	1.02455e+09	
0	1.21151e+09	1.44167e+09	1.73131e+09	2.10041e+09	2.57731e+09	3.20319e+09	4.03913e+09	5.17821e+09	6.76639e+09	9.04039e+09	1.23992e+10	1.75455e+10	2.5776e+10	3.93067e+10	2.5776e+10	1.75455e+10	1.23992e+10	9.04039e+09	6.76639e+09	5.17821e+09	4.03913e+09	3.20319e+09	2.57731e+09	2.10041e+09	1.73131e+09	1.44167e+09	1.21151e+09	1.02657e+09	
0	1.21387e+09	1.44447e+09	1.73468e+09	2.10449e+09	2.58232e+09	3.20941e+09	4.04698e+09	5.18828e+09	6.77954e+09	9.05796e+09	1.24233e+10	1.75796e+10	2.5826e+10	3.93831e+10	2.5826e+10	1.75796e+10	1.24233e+10	9.05796e+09	6.77954e+09	5.18828e+09	4.04698e+09	3.20941e+09	2.58232e+09	2.10449e+09	1.73468e+09	1.44447e+09	1.21387e+09	1.02857e+09	
0	1.21619e+09	1.44723e+09	1.738e+09	2.10852e+09	2.58727e+09	3.21556e+09	4.05473e+09	5.19821e+09	6.79253e+09	9.07531e+09	1.24471e+10	1.76133e+10	2.58755e+10	3.94585e+10	2.58755e+10	1.76133e+10	1.24471e+10	9.07531e+09	6.79253e+09	5.19821e+09	4.05473e+09	3.21556e+09	2.58727e+09	2.10852e+09	1.738e+09	1.44723e+09	1.21619e+09	1.03054e+09	
0	1.21849e+09	1.44997e+09	1.74128e+09	2.1125e+09	2.59215e+09	3.22163e+09	4.06239e+09	5.20803e+09	6.80535e+09	9.09245e+09	1.24706e+10	1.76465e+10	2.59244e+10	3.9533e+10	2.59244e+10	1.76465e+10	1.24706e+10	9.09245e+09	6.80535e+09	5.20803e+09	4.06239e+09	3.22163e+09	2.59215e+09	2.1125e+09	1.74128e+09	1.44997e+09	1.21849e+09	1.03248e+09	
0	1.22076e+09	1.45266e+09	1.74452e+09	2.11643e+09	2.59698e+09	3.22763e+09	4.06995e+09	5.21772e+09	6.81801e+09	9.10936e+09	1.24938e+10	1.76794e+10	2.59726e+10	3.96066e+10	2.59726e+10	1.76794e+10	1.24938e+10	9.10936e+09	6.81801e+09	5.21772e+09	4.06995e+09	3.22763e+09	2.59698e+09	2.11643e+09	1.74452e+09	1.45266e+09	1.22076e+09	1.0344e+09	
0	1.22299e+09	1.45533e+09	1.74772e+09	2.12031e+09	2.60173e+09	3.23354e+09	4.07741e+09	5.22728e+09	6.83051e+09	9.12605e+09	1.25167e+10	1.77118e+10	2.60202e+10	3.96792e+10	2.60202e+10	1.77118e+10	1.25167e+10	9.12605e+09	6.83051e+09	5.22728e+09	4.07741e+09	3.23354e+09	2.60173e+09	2.12031e+09	1.74772e+09	1.45533e+09	1.22299e+09	1.0363e+09	
0	1.2252e+09	1.45795e+09	1.75087e+09	2.12414e+09	2.60643e+09	3.23938e+09	4.08477e+09	5.23672e+09	6.84284e+09	9.14253e+09	1.25393e+10	1.77437e+10	2.60672e+10	3.97508e+10	2.60672e+10	1.77437e+10	1.25393e+10	9.14253e+09	6.84284e+09	5.23672e+09	4.08477e+09	3.23938e+09	2.60643e+09	2.12414e+09	1.75087e+09	1.45795e+09	1.2252e+09	1.03817e+09	
0	1.22738e+09	1.46055e+09	1.75399e+09	2.12791e+09	2.61106e+09	3.24514e+09	4.09203e+09	5.24602e+09	6.855e+09	9.15878e+09	1.25616e+10	1.77753e+10	2.61135e+10	3.98215e+10	2.61135e+10	1.77753e+10	1.25616e+10	9.15878e+09	6.855e+09	5.24602e+09	4.09203e+09	3.24514e+09	2.61106e+09	2.12791e+09	1.75399e+09	1.46055e+09	1.22738e+09	1.04001e+09	
0	1.22953e+09	1.4631e+09	1.75706e+09	2.13164e+09	2.61563e+09	3.25081e+09	4.09919e+09	5.25521e+09	6.867e+09	9.17481e+09	1.25836e+10	1.78064e+10	2.61592e+10	3.98912e+10	2.61592e+10	1.78064e+10	1.25836e+10	9.17481e+09	6.867e+09	5.25521e+09	4.09919e+09	3.25081e+09	2.61563e+09	2.13164e+09	1.75706e+09	1.4631e+09	1.22953e+09	1.04183e+09	
0	1.23165e+09	1.46562e+09	1.76008e+09	2.13531e+09	2.62014e+09	3.25641e+09	4.10625e+09	5.26426e+09	6.87883e+09	9.19061e+09	1.26052e+10	1.78371e+10	2.62043e+10	3.99599e+10	2.62043e+10	1.78371e+10	1.26052e+10	9.19061e+09	6.87883e+09	5.26426e+09	4.10625e+09	3.25641e+09	2.62014e+09	2.13531e+09	1.76008e+09	1.46562e+09	1.23165e+09	1.04363e+09	
0	1.23373e+09	1.46811e+09	1.76307e+09	2.13893e+09	2.62458e+09	3.26194e+09	4.11321e+09	5.27318e+09	6.89049e+09	9.2062e+09	1.26266e+10	1.78673e+10	2.62487e+10	4.00276e+10	2.62487e+10	1.78673e+10	1.26266e+10	9.2062e+09	6.89049e+09	5.27318e+09	4.11321e+09	3.26194e+09	2.62458e+09	2.13893e+09	1.76307e+09	1.46811e+09	1.23373e+09	1.0454e+09	
0	1.23579e+09	1.47056e+09	1.76601e+09	2.1425e+09	2.62896e+09	3.26738e+09	4.12007e+09	5.28198e+09	6.90198e+09	9.22155e+09	1.26477e+10	1.78971e+10	2.62925e+10	4.00944e+10	2.62925e+10	1.78971e+10	1.26477e+10	9.22155e+09	6.90198e+09	5.28198e+09	4.12007e+09	3.26738e+09	2.62896e+09	2.1425e+09	1.76601e+09	1.47056e+09	1.23579e+09	1.04714e+09	
0	1.23782e+09	1.47297e+09	1.76891e+09	2.14601e+09	2.63327e+09	3.27274e+09	4.12684e+09	5.29065e+09	6.91331e+09	9.23669e+09	1.26684e+10	1.79265e+10	2.63356e+10	4.01602e+10	2.63356e+10	1.79265e+10	1.26684e+10	9.23669e+09	6.91331e+09	5.29065e+09	4.12684e+09	3.27274e+09	2.63327e+09	2.14601e+09	1.76891e+09	1.47297e+09	1.23782e+09	1.04886e+09	
0	1.23982e+09	1.47535e+09	1.77176e+09	2.14948e+09	2.63752e+09	3.27802e+09	4.1335e+09	5.29919e+09	6.92447e+09	9.25159e+09	1.26889e+10	1.79554e+10	2.63781e+10	4.02251e+10	2.63781e+10	1.79554e+10	1.26889e+10	9.25159e+09	6.92447e+09	5.29919e+09	4.1335e+09	3.27802e+09	2.63752e+09	2.14948e+09	1.77176e+09	1.47535e+09	1.23982e+09	1.05055e+09	
0	1.24178e+09	1.47769e+09	1.77457e+09	2.15289e+09	2.64171e+09	3.28322e+09	4.14005e+09	5.3076e+09	6.93546e+09	9.26627e+09	1.2709e+10	1.79839e+10	2.642e+10	4.02889e+10	2.642e+10	1.79839e+10	1.2709e+10	9.26627e+09	6.93546e+09	5.3076e+09	4.14005e+09	3.28322e+09	2.64171e+09	2.15289e+09	1.77457e+09	1.47769e+09	1.24178e+09	1.05222e+09	
0	1.24372e+09	1.47999e+09	1.77734e+09	2.15625e+09	2.64583e+09	3.28834e+09	4.14651e+09	5.31588e+09	6.94627e+09	9.28073e+09	1.27288e+10	1.8012e+10	2.64612e+10	4.03517e+10	2.64612e+10	1.8012e+10	1.27288e+10	9.28073e+09	6.94627e+09	5.31588e+09	4.14651e+09	3.28834e+09	2.64583e+09	2.15625e+09	1.77734e+09	1.47999e+09	1.24372e+09	1.05386e+09	
0	1.24563e+09	1.48226e+09	1.78007e+09	2.15955e+09	2.64989e+09	3.29339e+09	4.15287e+09	5.32402e+09	6.95692e+09	9.29496e+09	1.27483e+10	1.80396e+10	2.65018e+10	4.04136e+10	2.65018e+10	1.80396e+10	1.27483e+10	9.29496e+09	6.95692e+09	5.32402e+09	4.15287e+09	3.29339e+09	2.64989e+09	2.15955e+09	1.78007e+09	1.48226e+09	1.24563e+09	1.05548e+09	
0	1.2475e+09	1.48449e+09	1.78275e+09	2.16281e+09	2.65388e+09	3.29835e+09	4.15912e+09	5.33204e+09	6.9674e+09	9.30896e+09	1.27675e+10	1.80667e+10	2.65417e+10	4.04745e+10	2.65417e+10	1.80667e+10	1.27675e+10	9.30896e+09	6.9674e+09	5.33204e+09	4.15912e+09	3.29835e+09	2.65388e+09	2.16281e+09	1.78275e+09	1.48449e+09	1.2475e+09	1.05707e+09	
0	1.24935e+09	1.48669e+09	1.78538e+09	2.16601e+09	2.6578e+09	3.30323e+09	4.16528e+09	5.33993e+09	6.97771e+09	9.32273e+09	1.27864e+10	1.80935e+10	2.6581e+10	4.05344e+10	2.6581e+10	1.80935e+10	1.27864e+10	9.32273e+09	6.97771e+09	5.33993e+09	4.16528e+09	3.30323e+09	2.6578e+09	2.16601e+09	1.78538e+09	1.48669e+09	1.24935e+09	1.05863e+09	
0	1.25117e+09	1.48885e+09	1.78798e+09	2.16915e+09	2.66167e+09	3.30802e+09	4.17133e+09	5.34769e+09	6.98785e+09	9.33627e+09	1.2805e+10	1.81197e+10	2.66196e+10	4.05933e+10	2.66196e+10	1.81197e+10	1.2805e+10	9.33627e+09	6.98785e+09	5.34769e+09	4.17133e+09	3.30802e+09	2.66167e+09	2.16915e+09	1.78798e+09	1.48885e+09	1.25117e+09	1.06017e+09	
0	1.25295e+09	1.49097e+09	1.79053e+09	2.17225e+09	2.66546e+09	3.31274e+09	4.17728e+09	5.35531e+09	6.99781e+09	9.34958e+09	1.28233e+10	1.81456e+10	2.66575e+10	4.06511e+10	2.66575e+10	1.81456e+10	1.28233e+10	9.34958e+09	6.99781e+09	5.35531e+09	4.17728e+09	3.31274e+09	2.66546e+09	2.17225e+09	1.79053e+09	1.49097e+09	1.25295e+09	1.06168e+09	
0	1.2547e+09	1.49306e+09	1.79303e+09	2.17529e+09	2.66919e+09	3.31738e+09	4.18312e+09	5.36281e+09	7.0076e+09	9.36267e+09	1.28412e+10	1.8171e+10	2.66948e+10	4.0708e+10	2.66948e+10	1.8171e+10	1.28412e+10	9.36267e+09	7.0076e+09	5.36281e+09	4.18312e+09	3.31738e+09	2.66919e+09	2.17529e+09	1.79303e+09	1.49306e+09	1.2547e+09	1.06317e+09	
0	1.25643e+09	1.49511e+09	1.7955e+09	2.17827e+09	2.67286e+09	3.32193e+09	4.18887e+09	5.37017e+09	7.01722e+09	9.37552e+09	1.28588e+10	1.81959e+10	2.67315e+10	4.07639e+10	2.67315e+10	1.81959e+10	1.28588e+10	9.37552e+09	7.01722e+09	5.37017e+09	4.18887e+09	3.32193e+09	2.67286e+09	2.17827e+09	1.7955e+09	1.49511e+09	1.25643e+09	1.06463e+09	
0	1.25812e+09	1.49712e+09	1.79791e+09	2.1812e+09	2.67645e+09	3.3264e+09	4.19451e+09	5.3774e+09	7.02667e+09	9.38815e+09	1.28762e+10	1.82204e+10	2.67675e+10	4.08188e+10	2.67675e+10	1.82204e+10	1.28762e+10	9.38815e+09	7.02667e+09	5.3774e+09	4.19451e+09	3.3264e+09	2.67645e+09	2.1812e+09	1.79791e+09	1.49712e+09	1.25812e+09	1.06606e+09	
0	1.25978e+09	1.4991e+09	1.80029e+09	2.18408e+09	2.67999e+09	3.3308e+09	4.20004e+09	5.3845e+09	7.03595e+09	9.40054e+09	1.28932e+10	1.82445e+10	2.68028e+10	4.08727e+10	2.68028e+10	1.82445e+10	1.28932e+10	9.40054e+09	7.03595e+09	5.3845e+09	4.20004e+09	3.3308e+09	2.67999e+09	2.18408e+09	1.80029e+09	1.4991e+09	1.25978e+09	1.06747e+09	
0	1.26141e+09	1.50104e+09	1.80262e+09	2.18691e+09	2.68346e+09	3.33511e+09	4.20548e+09	5.39147e+09	7.04505e+09	9.4127e+09	1.29098e+10	1.82681e+10	2.68375e+10	4.09256e+10	2.68375e+10	1.82681e+10	1.29098e+10	9.4127e+09	7.04505e+09	5.39147e+09	4.20548e+09	3.33511e+09	2.68346e+09	2.18691e+09	1.80262e+09	1.50104e+09	1.26141e+09	1.06885e+09	
0	1.26301e+09	1.50294e+09	1.8049e+09	2.18968e+09	2.68686e+09	3.33933e+09	4.21081e+09	5.3983e+09	7.05398e+09	9.42463e+09	1.29262e+10	1.82912e+10	2.68715e+10	4.09775e+10	2.68715e+10	1.82912e+10	1.29262e+10	9.42463e+09	7.05398e+09	5.3983e+09	4.21081e+09	3.33933e+09	2.68686e+09	2.18968e+09	1.8049e+09	1.50294e+09	1.26301e+09	1.0702e+09	
0	1.26457e+09	1.50481e+09	1.80714e+09	2.1924e+09	2.69019e+09	3.34348e+09	4.21603e+09	5.405e+09	7.06274e+09	9.43633e+09	1.29422e+10	1.83139e+10	2.69049e+10	4.10284e+10	2.69049e+10	1.83139e+10	1.29422e+10	9.43633e+09	7.06274e+09	5.405e+09	4.21603e+09	3.34348e+09	2.69019e+09	2.1924e+09	1.80714e+09	1.50481e+09	1.26457e+09	1.07153e+09	
0	1.26611e+09	1.50664e+09	1.80934e+09	2.19506e+09	2.69346e+09	3.34754e+09	4.22116e+09	5.41157e+09	7.07132e+09	9.4478e+09	1.2958e+10	1.83362e+10	2.69376e+10	4.10782e+10	2.69376e+10	1.83362e+10	1.2958e+10	9.4478e+09	7.07132e+09	5.41157e+09	4.22116e+09	3.34754e+09	2.69346e+09	2.19506e+09	1.80934e+09	1.50664e+09	1.26611e+09	1.07283e+09	
0	1.26762e+09	1.50843e+09	1.81149e+09	2.19767e+09	2.69666e+09	3.35152e+09	4.22618e+09	5.41801e+09	7.07973e+09	9.45903e+09	1.29734e+10	1.8358e+10	2.69696e+10	4.11271e+10	2.69696e+10	1.8358e+10	1.29734e+10	9.45903e+09	7.07973e+09	5.41801e+09	4.22618e+09	3.35152e+09	2.69666e+09	2.19767e+09	1.81149e+09	1.50843e+09	1.26762e+09	1.07411e+09	
0	1.26909e+09	1.51018e+09	1.8136e+09	2.20023e+09	2.6998e+09	3.35542e+09	4.23109e+09	5.42431e+09	7.08796e+09	9.47004e+09	1.29885e+10	1.83794e+10	2.7001e+10	4.11749e+10	2.7001e+10	1.83794e+10	1.29885e+10	9.47004e+09	7.08796e+09	5.42431e+09	4.23109e+09	3.35542e+09	2.6998e+09	2.20023e+09	1.8136e+09	1.51018e+09	1.26909e+09	1.07536e+09	
0	1.27053e+09	1.5119e+09	1.81566e+09	2.20273e+09	2.70287e+09	3.35924e+09	4.2359e+09	5.43048e+09	7.09602e+09	9.48081e+09	1.30032e+10	1.84003e+10	2.70317e+10	4.12218e+10	2.70317e+10	1.84003e+10	1.30032e+10	9.48081e+09	7.09602e+09	5.43048e+09	4.2359e+09	3.35924e+09	2.70287e+09	2.20273e+09	1.81566e+09	1.5119e+09	1.27053e+09	1.07658e+09	
0	1.27195e+09	1.51358e+09	1.81768e+09	2.20518e+09	2.70587e+09	3.36297e+09	4.24061e+09	5.43651e+09	7.10391e+09	9.49134e+09	1.30177e+10	1.84207e+10	2.70617e+10	4.12676e+10	2.70617e+10	1.84207e+10	1.30177e+10	9.49134e+09	7.10391e+09	5.43651e+09	4.24061e+09	3.36297e+09	2.70587e+09	2.20518e+09	1.81768e+09	1.51358e+09	1.27195e+09	1.07778e+09	
0	1.27333e+09	1.51522e+09	1.81965e+09	2.20757e+09	2.70881e+09	3.36662e+09	4.24522e+09	5.44241e+09	7.11162e+09	9.50164e+09	1.30318e+10	1.84407e+10	2.70911e+10	4.13124e+10	2.70911e+10	1.84407e+10	1.30318e+10	9.50164e+09	7.11162e+09	5.44241e+09	4.24522e+09	3.36662e+09	2.70881e+09	2.20757e+09	1.81965e+09	1.51522e+09	1.27333e+09	1.07895e+09	
0	1.27468e+09	1.51683e+09	1.82158e+09	2.20991e+09	2.71168e+09	3.37019e+09	4.24971e+09	5.44818e+09	7.11916e+09	9.51171e+09	1.30456e+10	1.84602e+10	2.71198e+10	4.13562e+10	2.71198e+10	1.84602e+10	1.30456e+10	9.51171e+09	7.11916e+09	5.44818e+09	4.24971e+09	3.37019e+09	2.71168e+09	2.20991e+09	1.82158e+09	1.51683e+09	1.27468e+09	1.08009e+09	
0	1.27599e+09	1.5184e+09	1.82346e+09	2.2122e+09	2.71449e+09	3.37367e+09	4.25411e+09	5.45381e+09	7.12652e+09	9.52155e+09	1.30591e+10	1.84793e+10	2.71478e+10	4.13989e+10	2.71478e+10	1.84793e+10	1.30591e+10	9.52155e+09	7.12652e+09	5.45381e+09	4.25411e+09	3.37367e+09	2.71449e+09	2.2122e+09	1.82346e+09	1.5184e+09	1.27599e+09	1.08121e+09	
0	1.27728e+09	1.51993e+09	1.8253e+09	2.21443e+09	2.71722e+09	3.37707e+09	4.2584e+09	5.45931e+09	7.13371e+09	9.53115e+09	1.30723e+10	1.8498e+10	2.71752e+10	4.14407e+10	2.71752e+10	1.8498e+10	1.30723e+10	9.53115e+09	7.13371e+09	5.45931e+09	4.2584e+09	3.37707e+09	2.71722e+09	2.21443e+09	1.8253e+09	1.51993e+09	1.27728e+09	1.0823e+09	
0	1.27854e+09	1.52142e+09	1.82709e+09	2.21661e+09	2.71989e+09	3.38039e+09	4.26258e+09	5.46468e+09	7.14072e+09	9.54052e+09	1.30851e+10	1.85162e+10	2.72019e+10	4.14814e+10	2.72019e+10	1.85162e+10	1.30851e+10	9.54052e+09	7.14072e+09	5.46468e+09	4.26258e+09	3.38039e+09	2.71989e+09	2.21661e+09	1.82709e+09	1.52142e+09	1.27854e+09	1.08336e+09	
0	1.27976e+09	1.52288e+09	1.82884e+09	2.21873e+09	2.7225e+09	3.38363e+09	4.26666e+09	5.46991e+09	7.14755e+09	9.54965e+09	1.30977e+10	1.85339e+10	2.7228e+10	4.15211e+10	2.7228e+10	1.85339e+10	1.30977e+10	9.54965e+09	7.14755e+09	5.46991e+09	4.26666e+09	3.38363e+09	2.7225e+09	2.21873e+09	1.82884e+09	1.52288e+09	1.27976e+09	1.0844e+09	
0	1.28095e+09	1.5243e+09	1.83055e+09	2.2208e+09	2.72504e+09	3.38678e+09	4.27064e+09	5.47501e+09	7.15422e+09	9.55855e+09	1.31099e+10	1.85512e+10	2.72533e+10	4.15598e+10	2.72533e+10	1.85512e+10	1.31099e+10	9.55855e+09	7.15422e+09	5.47501e+09	4.27064e+09	3.38678e+09	2.72504e+09	2.2208e+09	1.83055e+09	1.5243e+09	1.28095e+09	1.08541e+09	
0	1.28211e+09	1.52568e+09	1.83221e+09	2.22281e+09	2.72751e+09	3.38985e+09	4.27451e+09	5.47997e+09	7.1607e+09	9.56722e+09	1.31218e+10	1.8568e+10	2.7278e+10	4.15975e+10	2.7278e+10	1.8568e+10	1.31218e+10	9.56722e+09	7.1607e+09	5.47997e+09	4.27451e+09	3.38985e+09	2.72751e+09	2.22281e+09	1.83221e+09	1.52568e+09	1.28211e+09	1.08639e+09	
0	1.28324e+09	1.52702e+09	1.83382e+09	2.22477e+09	2.72991e+09	3.39284e+09	4.27828e+09	5.4848e+09	7.16701e+09	9.57565e+09	1.31333e+10	1.85843e+10	2.73021e+10	4.16342e+10	2.73021e+10	1.85843e+10	1.31333e+10	9.57565e+09	7.16701e+09	5.4848e+09	4.27828e+09	3.39284e+09	2.72991e+09	2.22477e+09	1.83382e+09	1.52702e+09	1.28324e+09	1.08735e+09	
0	1.28434e+09	1.52833e+09	1.83539e+09	2.22667e+09	2.73225e+09	3.39574e+09	4.28194e+09	5.4895e+09	7.17315e+09	9.58384e+09	1.31446e+10	1.86002e+10	2.73255e+10	4.16698e+10	2.73255e+10	1.86002e+10	1.31446e+10	9.58384e+09	7.17315e+09	5.4895e+09	4.28194e+09	3.39574e+09	2.73225e+09	2.22667e+09	1.83539e+09	1.52833e+09	1.28434e+09	1.08828e+09	
0	1.28541e+09	1.5296e+09	1.83692e+09	2.22852e+09	2.73452e+09	3.39857e+09	4.2855e+09	5.49406e+09	7.1791e+09	9.59181e+09	1.31555e+10	1.86157e+10	2.73482e+10	4.17044e+10	2.73482e+10	1.86157e+10	1.31555e+10	9.59181e+09	7.1791e+09	5.49406e+09	4.2855e+09	3.39857e+09	2.73452e+09	2.22852e+09	1.83692e+09	1.5296e+09	1.28541e+09	1.08919e+09	
0	1.28645e+09	1.53083e+09	1.8384e+09	2.23032e+09	2.73672e+09	3.4013e+09	4.28895e+09	5.49848e+09	7.18489e+09	9.59953e+09	1.31661e+10	1.86307e+10	2.73702e+10	4.1738e+10	2.73702e+10	1.86307e+10	1.31661e+10	9.59953e+09	7.18489e+09	5.49848e+09	4.28895e+09	3.4013e+09	2.73672e+09	2.23032e+09	1.8384e+09	1.53083e+09	1.28645e+09	1.09006e+09	
0	1.28745e+09	1.53203e+09	1.83983e+09	2.23206e+09	2.73885e+09	3.40396e+09	4.2923e+09	5.50277e+09	7.1905e+09	9.60703e+09	1.31764e+10	1.86452e+10	2.73915e+10	4.17706e+10	2.73915e+10	1.86452e+10	1.31764e+10	9.60703e+09	7.1905e+09	5.50277e+09	4.2923e+09	3.40396e+09	2.73885e+09	2.23206e+09	1.83983e+09	1.53203e+09	1.28745e+09	1.09091e+09	
0	1.28842e+09	1.53318e+09	1.84122e+09	2.23374e+09	2.74092e+09	3.40653e+09	4.29554e+09	5.50693e+09	7.19593e+09	9.61428e+09	1.31863e+10	1.86593e+10	2.74122e+10	4.18022e+10	2.74122e+10	1.86593e+10	1.31863e+10	9.61428e+09	7.19593e+09	5.50693e+09	4.29554e+09	3.40653e+09	2.74092e+09	2.23374e+09	1.84122e+09	1.53318e+09	1.28842e+09	1.09174e+09	
0	1.28936e+09	1.5343e+09	1.84257e+09	2.23538e+09	2.74293e+09	3.40902e+09	4.29868e+09	5.51095e+09	7.20118e+09	9.62131e+09	1.31959e+10	1.86729e+10	2.74323e+10	4.18327e+10	2.74323e+10	1.86729e+10	1.31959e+10	9.62131e+09	7.20118e+09	5.51095e+09	4.29868e+09	3.40902e+09	2.74293e+09	2.23538e+09	1.84257e+09	1.5343e+09	1.28936e+09	1.09254e+09	
0	1.29027e+09	1.53539e+09	1.84387e+09	2.23695e+09	2.74486e+09	3.41142e+09	4.30171e+09	5.51484e+09	7.20627e+09	9.6281e+09	1.32053e+10	1.86861e+10	2.74516e+10	4.18623e+10	2.74516e+10	1.86861e+10	1.32053e+10	9.6281e+09	7.20627e+09	5.51484e+09	4.30171e+09	3.41142e+09	2.74486e+09	2.23695e+09	1.84387e+09	1.53539e+09	1.29027e+09	1.09331e+09	
0	1.29115e+09	1.53643e+09	1.84512e+09	2.23848e+09	2.74673e+09	3.41375e+09	4.30464e+09	5.5186e+09	7.21117e+09	9.63465e+09	1.32142e+10	1.86988e+10	2.74703e+10	4.18908e+10	2.74703e+10	1.86988e+10	1.32142e+10	9.63465e+09	7.21117e+09	5.5186e+09	4.30464e+09	3.41375e+09	2.74673e+09	2.23848e+09	1.84512e+09	1.53643e+09	1.29115e+09	1.09405e+09	
0	1.292e+09	1.53744e+09	1.84633e+09	2.23994e+09	2.74853e+09	3.41599e+09	4.30746e+09	5.52222e+09	7.2159e+09	9.64097e+09	1.32229e+10	1.87111e+10	2.74883e+10	4.19182e+10	2.74883e+10	1.87111e+10	1.32229e+10	9.64097e+09	7.2159e+09	5.52222e+09	4.30746e+09	3.41599e+09	2.74853e+09	2.23994e+09	1.84633e+09	1.53744e+09	1.292e+09	1.09477e+09	
0	1.29281e+09	1.53841e+09	1.8475e+09	2.24136e+09	2.75027e+09	3.41814e+09	4.31018e+09	5.5257e+09	7.22046e+09	9.64706e+09	1.32313e+10	1.87229e+10	2.75057e+10	4.19447e+10	2.75057e+10	1.87229e+10	1.32313e+10	9.64706e+09	7.22046e+09	5.5257e+09	4.31018e+09	3.41814e+09	2.75027e+09	2.24136e+09	1.8475e+09	1.53841e+09	1.29281e+09	1.09546e+09	
0	1.2936e+09	1.53934e+09	1.84862e+09	2.24272e+09	2.75193e+09	3.42021e+09	4.3128e+09	5.52905e+09	7.22484e+09	9.65291e+09	1.32393e+10	1.87343e+10	2.75224e+10	4.19702e+10	2.75224e+10	1.87343e+10	1.32393e+10	9.65291e+09	7.22484e+09	5.52905e+09	4.3128e+09	3.42021e+09	2.75193e+09	2.24272e+09	1.84862e+09	1.53934e+09	1.2936e+09	1.09612e+09	
0	1.29435e+09	1.54024e+09	1.84969e+09	2.24402e+09	2.75354e+09	3.42221e+09	4.31531e+09	5.53227e+09	7.22904e+09	9.65852e+09	1.3247e+10	1.87452e+10	2.75384e+10	4.19946e+10	2.75384e+10	1.87452e+10	1.3247e+10	9.65852e+09	7.22904e+09	5.53227e+09	4.31531e+09	3.42221e+09	2.75354e+09	2.24402e+09	1.84969e+09	1.54024e+09	1.29435e+09	1.09676e+09	
0	1.29507e+09	1.5411e+09	1.85072e+09	2.24527e+09	2.75507e+09	3.42411e+09	4.31771e+09	5.53536e+09	7.23307e+09	9.66391e+09	1.32544e+10	1.87556e+10	2.75537e+10	4.2018e+10	2.75537e+10	1.87556e+10	1.32544e+10	9.66391e+09	7.23307e+09	5.53536e+09	4.31771e+09	3.42411e+09	2.75507e+09	2.24527e+09	1.85072e+09	1.5411e+09	1.29507e+09	1.09737e+09	
0	1.29576e+09	1.54192e+09	1.85171e+09	2.24647e+09	2.75654e+09	3.42594e+09	4.32001e+09	5.53831e+09	7.23693e+09	9.66906e+09	1.32614e+10	1.87656e+10	2.75684e+10	4.20404e+10	2.75684e+10	1.87656e+10	1.32614e+10	9.66906e+09	7.23693e+09	5.53831e+09	4.32001e+09	3.42594e+09	2.75654e+09	2.24647e+09	1.85171e+09	1.54192e+09	1.29576e+09	1.09796e+09	
0	1.29642e+09	1.5427e+09	1.85265e+09	2.24761e+09	2.75794e+09	3.42768e+09	4.32221e+09	5.54112e+09	7.24061e+09	9.67398e+09	1.32682e+10	1.87752e+10	2.75824e+10	4.20618e+10	2.75824e+10	1.87752e+10	1.32682e+10	9.67398e+09	7.24061e+09	5.54112e+09	4.32221e+09	3.42768e+09	2.75794e+09	2.24761e+09	1.85265e+09	1.5427e+09	1.29642e+09	1.09852e+09	
0	1.29705e+09	1.54345e+09	1.85355e+09	2.2487e+09	2.75928e+09	3.42934e+09	4.3243e+09	5.5438e+09	7.24411e+09	9.67866e+09	1.32746e+10	1.87843e+10	2.75958e+10	4.20822e+10	2.75958e+10	1.87843e+10	1.32746e+10	9.67866e+09	7.24411e+09	5.5438e+09	4.3243e+09	3.42934e+09	2.75928e+09	2.2487e+09	1.85355e+09	1.54345e+09	1.29705e+09	1.09905e+09	
0	1.29765e+09	1.54416e+09	1.8544e+09	2.24973e+09	2.76054e+09	3.43092e+09	4.32629e+09	5.54635e+09	7.24744e+09	9.68311e+09	1.32807e+10	1.87929e+10	2.76085e+10	4.21015e+10	2.76085e+10	1.87929e+10	1.32807e+10	9.68311e+09	7.24744e+09	5.54635e+09	4.32629e+09	3.43092e+09	2.76054e+09	2.24973e+09	1.8544e+09	1.54416e+09	1.29765e+09	1.09955e+09	
0	1.29821e+09	1.54483e+09	1.85521e+09	2.25071e+09	2.76175e+09	3.43241e+09	4.32818e+09	5.54877e+09	7.2506e+09	9.68733e+09	1.32865e+10	1.88011e+10	2.76205e+10	4.21198e+10	2.76205e+10	1.88011e+10	1.32865e+10	9.68733e+09	7.2506e+09	5.54877e+09	4.32818e+09	3.43241e+09	2.76175e+09	2.25071e+09	1.85521e+09	1.54483e+09	1.29821e+09	1.10003e+09	
0	1.29874e+09	1.54547e+09	1.85597e+09	2.25164e+09	2.76288e+09	3.43382e+09	4.32996e+09	5.55105e+09	7.25358e+09	9.69131e+09	1.3292e+10	1.88088e+10	2.76319e+10	4.21372e+10	2.76319e+10	1.88088e+10	1.3292e+10	9.69131e+09	7.25358e+09	5.55105e+09	4.32996e+09	3.43382e+09	2.76288e+09	2.25164e+09	1.85597e+09	1.54547e+09	1.29874e+09	1.10048e+09	
0	1.29925e+09	1.54607e+09	1.85669e+09	2.25251e+09	2.76395e+09	3.43515e+09	4.33163e+09	5.5532e+09	7.25639e+09	9.69506e+09	1.32971e+10	1.88161e+10	2.76426e+10	4.21535e+10	2.76426e+10	1.88161e+10	1.32971e+10	9.69506e+09	7.25639e+09	5.5532e+09	4.33163e+09	3.43515e+09	2.76395e+09	2.25251e+09	1.85669e+09	1.54607e+09	1.29925e+09	1.10091e+09	
0	1.29972e+09	1.54663e+09	1.85736e+09	2.25333e+09	2.76496e+09	3.4364e+09	4.3332e+09	5.55522e+09	7.25902e+09	9.69858e+09	1.33019e+10	1.88229e+10	2.76526e+10	4.21688e+10	2.76526e+10	1.88229e+10	1.33019e+10	9.69858e+09	7.25902e+09	5.55522e+09	4.3332e+09	3.4364e+09	2.76496e+09	2.25333e+09	1.85736e+09	1.54663e+09	1.29972e+09	1.10131e+09	
0	1.30016e+09	1.54715e+09	1.85799e+09	2.25409e+09	2.76589e+09	3.43756e+09	4.33467e+09	5.5571e+09	7.26148e+09	9.70187e+09	1.33064e+10	1.88293e+10	2.7662e+10	4.21831e+10	2.7662e+10	1.88293e+10	1.33064e+10	9.70187e+09	7.26148e+09	5.5571e+09	4.33467e+09	3.43756e+09	2.76589e+09	2.25409e+09	1.85799e+09	1.54715e+09	1.30016e+09	1.10168e+09	
0	1.30057e+09	1.54764e+09	1.85858e+09	2.2548e+09	2.76676e+09	3.43865e+09	4.33604e+09	5.55885e+09	7.26377e+09	9.70492e+09	1.33106e+10	1.88352e+10	2.76707e+10	4.21964e+10	2.76707e+10	1.88352e+10	1.33106e+10	9.70492e+09	7.26377e+09	5.55885e+09	4.33604e+09	3.43865e+09	2.76676e+09	2.2548e+09	1.85858e+09	1.54764e+09	1.30057e+09	1.10203e+09	
0	1.30095e+09	1.54809e+09	1.85912e+09	2.25546e+09	2.76757e+09	3.43965e+09	4.3373e+09	5.56047e+09	7.26588e+09	9.70775e+09	1.33145e+10	1.88407e+10	2.76787e+10	4.22087e+10	2.76787e+10	1.88407e+10	1.33145e+10	9.70775e+09	7.26588e+09	5.56047e+09	4.3373e+09	3.43965e+09	2.76757e+09	2.25546e+09	1.85912e+09	1.54809e+09	1.30095e+09	1.10235e+09	
0	1.3013e+09	1.5485e+09	1.85962e+09	2.25606e+09	2.76831e+09	3.44057e+09	4.33846e+09	5.56195e+09	7.26783e+09	9.71034e+09	1.33181e+10	1.88457e+10	2.76861e+10	4.222e+10	2.76861e+10	1.88457e+10	1.33181e+10	9.71034e+09	7.26783e+09	5.56195e+09	4.33846e+09	3.44057e+09	2.76831e+09	2.25606e+09	1.85962e+09	1.5485e+09	1.3013e+09	1.10265e+09	
0	1.30161e+09	1.54888e+09	1.86007e+09	2.25661e+09	2.76898e+09	3.4414e+09	4.33952e+09	5.56331e+09	7.26959e+09	9.71271e+09	1.33213e+10	1.88503e+10	2.76929e+10	4.22302e+10	2.76929e+10	1.88503e+10	1.33213e+10	9.71271e+09	7.26959e+09	5.56331e+09	4.33952e+09	3.4414e+09	2.76898e+09	2.25661e+09	1.86007e+09	1.54888e+09	1.30161e+09	1.10291e+09	
0	1.3019e+09	1.54922e+09	1.86048e+09	2.25711e+09	2.76959e+09	3.44216e+09	4.34047e+09	5.56453e+09	7.27119e+09	9.71484e+09	1.33242e+10	1.88545e+10	2.7699e+10	4.22395e+10	2.7699e+10	1.88545e+10	1.33242e+10	9.71484e+09	7.27119e+09	5.56453e+09	4.34047e+09	3.44216e+09	2.76959e+09	2.25711e+09	1.86048e+09	1.54922e+09	1.3019e+09	1.10316e+09	
0	1.30215e+09	1.54952e+09	1.86084e+09	2.25755e+09	2.77013e+09	3.44283e+09	4.34132e+09	5.56562e+09	7.27262e+09	9.71674e+09	1.33268e+10	1.88582e+10	2.77044e+10	4.22478e+10	2.77044e+10	1.88582e+10	1.33268e+10	9.71674e+09	7.27262e+09	5.56562e+09	4.34132e+09	3.44283e+09	2.77013e+09	2.25755e+09	1.86084e+09	1.54952e+09	1.30215e+09	1.10337e+09	
0	1.30238e+09	1.54979e+09	1.86116e+09	2.25794e+09	2.77061e+09	3.44343e+09	4.34207e+09	5.56658e+09	7.27387e+09	9.71842e+09	1.33291e+10	1.88614e+10	2.77092e+10	4.22551e+10	2.77092e+10	1.88614e+10	1.33291e+10	9.71842e+09	7.27387e+09	5.56658e+09	4.34207e+09	3.44343e+09	2.77061e+09	2.25794e+09	1.86116e+09	1.54979e+09	1.30238e+09	1.10356e+09	
0	1.30257e+09	1.55002e+09	1.86144e+09	2.25827e+09	2.77102e+09	3.44394e+09	4.34271e+09	5.56741e+09	7.27495e+09	9.71986e+09	1.33311e+10	1.88642e+10	2.77133e+10	4.22614e+10	2.77133e+10	1.88642e+10	1.33311e+10	9.71986e+09	7.27495e+09	5.56741e+09	4.34271e+09	3.44394e+09	2.77102e+09	2.25827e+09	1.86144e+09	1.55002e+09	1.30257e+09	1.10373e+09	
0	1.30273e+09	1.55021e+09	1.86167e+09	2.25856e+09	2.77137e+09	3.44437e+09	4.34326e+09	5.5681e+09	7.27586e+09	9.72108e+09	1.33328e+10	1.88666e+10	2.77167e+10	4.22667e+10	2.77167e+10	1.88666e+10	1.33328e+10	9.72108e+09	7.27586e+09	5.5681e+09	4.34326e+09	3.44437e+09	2.77137e+09	2.25856e+09	1.86167e+09	1.55021e+09	1.30273e+09	1.10387e+09	
0	1.30287e+09	1.55037e+09	1.86186e+09	2.25879e+09	2.77165e+09	3.44472e+09	4.3437e+09	5.56867e+09	7.2766e+09	9.72207e+09	1.33341e+10	1.88685e+10	2.77196e+10	4.2271e+10	2.77196e+10	1.88685e+10	1.33341e+10	9.72207e+09	7.2766e+09	5.56867e+09	4.3437e+09	3.44472e+09	2.77165e+09	2.25879e+09	1.86186e+09	1.55037e+09	1.30287e+09	1.10398e+09	
0	1.30297e+09	1.55049e+09	1.86201e+09	2.25896e+09	2.77187e+09	3.44499e+09	4.34404e+09	5.5691e+09	7.27717e+09	9.72283e+09	1.33352e+10	1.887e+10	2.77217e+10	4.22743e+10	2.77217e+10	1.887e+10	1.33352e+10	9.72283e+09	7.27717e+09	5.5691e+09	4.34404e+09	3.44499e+09	2.77187e+09	2.25896e+09	1.86201e+09	1.55049e+09	1.30297e+09	1.10406e+09	
0	1.30304e+09	1.55058e+09	1.86211e+09	2.25909e+09	2.77202e+09	3.44518e+09	4.34427e+09	5.56941e+09	7.27757e+09	9.72336e+09	1.33359e+10	1.8871e+10	2.77232e+10	4.22766e+10	2.77232e+10	1.8871e+10	1.33359e+10	9.72336e+09	7.27757e+09	5.56941e+09	4.34427e+09	3.44518e+09	2.77202e+09	2.25909e+09	1.86211e+09	1.55058e+09	1.30304e+09	1.10412e+09	
0	1.30308e+09	1.55063e+09	1.86217e+09	2.25916e+09	2.77211e+09	3.44529e+09	4.34441e+09	5.56958e+09	7.2778e+09	9.72367e+09	1.33363e+10	1.88716e+10	2.77241e+10	4.22779e+10	2.77241e+10	1.88716e+10	1.33363e+10	9.72367e+09	7.2778e+09	5.56958e+09	4.34441e+09	3.44529e+09	2.77211e+09	2.25916e+09	1.86217e+09	1.55063e+09	1.30308e+09	1.10416e+09	
0	1.30309e+09	1.55064e+09	1.86218e+09	2.25918e+09	2.77213e+09	3.44531e+09	4.34445e+09	5.56963e+09	7.27786e+09	9.72375e+09	1.33364e+10	1.88718e+10	2.77243e+10	4.22783e+10	2.77243e+10	1.88718e+10	1.33364e+10	9.72375e+09	7.27786e+09	5.56963e+09	4.34445e+09	3.44531e+09	2.77213e+09	2.25918e+09	1.86218e+09	1.55064e+09	1.30309e+09	1.10417e+09	
0	1.30307e+09	1.55062e+09	1.86216e+09	2.25914e+09	2.77209e+09	3.44526e+09	4.34438e+09	5.56955e+09	7.27775e+09	9.7236e+09	1.33362e+10	1.88715e+10	2.77239e+10	4.22777e+10	2.77239e+10	1.88715e+10	1.33362e+10	9.7236e+09	7.27775e+09	5.56955e+09	4.34438e+09	3.44526e+09	2.77209e+09	2.25914e+09	1.86216e+09	1.55062e+09	1.30307e+09	1.10415e+09	
0	1.30302e+09	1.55056e+09	1.86208e+09	2.25906e+09	2.77198e+09	3.44513e+09	4.34422e+09	5.56933e+09	7.27747e+09	9.72323e+09	1.33357e+10	1.88708e+10	2.77229e+10	4.22761e+10	2.77229e+10	1.88708e+10	1.33357e+10	9.72323e+09	7.27747e+09	5.56933e+09	4.34422e+09	3.44513e+09	2.77198e+09	2.25906e+09	1.86208e+09	1.55056e+09	1.30302e+09	1.10411e+09	
0	1.30294e+09	1.55046e+09	1.86197e+09	2.25892e+09	2.77181e+09	3.44492e+09	4.34395e+09	5.56899e+09	7.27702e+09	9.72263e+09	1.33349e+10	1.88696e+10	2.77212e+10	4.22735e+10	2.77212e+10	1.88696e+10	1.33349e+10	9.72263e+09	7.27702e+09	5.56899e+09	4.34395e+09	3.44492e+09	2.77181e+09	2.25892e+09	1.86197e+09	1.55046e+09	1.30294e+09	1.10404e+09	
0	1.30283e+09	1.55033e+09	1.86181e+09	2.25873e+09	2.77158e+09	3.44463e+09	4.34358e+09	5.56852e+09	7.27641e+09	9.72181e+09	1.33338e+10	1.8868e+10	2.77188e+10	4.22699e+10	2.77188e+10	1.8868e+10	1.33338e+10	9.72181e+09	7.27641e+09	5.56852e+09	4.34358e+09	3.44463e+09	2.77158e+09	2.25873e+09	1.86181e+09	1.55033e+09	1.30283e+09	1.10395e+09	
0	1.30269e+09	1.55017e+09	1.86161e+09	2.25848e+09	2.77128e+09	3.44426e+09	4.34312e+09	5.56792e+09	7.27563e+09	9.72077e+09	1.33324e+10	1.8866e+10	2.77159e+10	4.22654e+10	2.77159e+10	1.8866e+10	1.33324e+10	9.72077e+09	7.27563e+09	5.56792e+09	4.34312e+09	3.44426e+09	2.77128e+09	2.25848e+09	1.86161e+09	1.55017e+09	1.30269e+09	1.10383e+09	
0	1.30252e+09	1.54996e+09	1.86137e+09	2.25819e+09	2.77092e+09	3.44381e+09	4.34255e+09	5.5672e+09	7.27468e+09	9.7195e+09	1.33306e+10	1.88635e+10	2.77122e+10	4.22599e+10	2.77122e+10	1.88635e+10	1.33306e+10	9.7195e+09	7.27468e+09	5.5672e+09	4.34255e+09	3.44381e+09	2.77092e+09	2.25819e+09	1.86137e+09	1.54996e+09	1.30252e+09	1.10369e+09	
0	1.30232e+09	1.54973e+09	1.86109e+09	2.25784e+09	2.7705e+09	3.44328e+09	4.34189e+09	5.56635e+09	7.27357e+09	9.71801e+09	1.33286e+10	1.88606e+10	2.7708e+10	4.22534e+10	2.7708e+10	1.88606e+10	1.33286e+10	9.71801e+09	7.27357e+09	5.56635e+09	4.34189e+09	3.44328e+09	2.7705e+09	2.25784e+09	1.86109e+09	1.54973e+09	1.30232e+09	1.10352e+09	
0	1.30209e+09	1.54945e+09	1.86076e+09	2.25745e+09	2.77001e+09	3.44268e+09	4.34112e+09	5.56537e+09	7.27229e+09	9.7163e+09	1.33262e+10	1.88573e+10	2.77031e+10	4.2246e+10	2.77031e+10	1.88573e+10	1.33262e+10	9.7163e+09	7.27229e+09	5.56537e+09	4.34112e+09	3.44268e+09	2.77001e+09	2.25745e+09	1.86076e+09	1.54945e+09	1.30209e+09	1.10332e+09	
0	1.30183e+09	1.54915e+09	1.86039e+09	2.257e+09	2.76946e+09	3.44199e+09	4.34026e+09	5.56426e+09	7.27084e+09	9.71437e+09	1.33236e+10	1.88536e+10	2.76976e+10	4.22376e+10	2.76976e+10	1.88536e+10	1.33236e+10	9.71437e+09	7.27084e+09	5.56426e+09	4.34026e+09	3.44199e+09	2.76946e+09	2.257e+09	1.86039e+09	1.54915e+09	1.30183e+09	1.1031e+09	
0	1.30155e+09	1.5488e+09	1.85998e+09	2.2565e+09	2.76884e+09	3.44123e+09	4.3393e+09	5.56303e+09	7.26923e+09	9.71222e+09	1.33206e+10	1.88494e+10	2.76915e+10	4.22282e+10	2.76915e+10	1.88494e+10	1.33206e+10	9.71222e+09	7.26923e+09	5.56303e+09	4.3393e+09	3.44123e+09	2.76884e+09	2.2565e+09	1.85998e+09	1.5488e+09	1.30155e+09	1.10286e+09	
0	1.30123e+09	1.54842e+09	1.85952e+09	2.25595e+09	2.76817e+09	3.44039e+09	4.33824e+09	5.56167e+09	7.26745e+09	9.70985e+09	1.33174e+10	1.88448e+10	2.76847e+10	4.22179e+10	2.76847e+10	1.88448e+10	1.33174e+10	9.70985e+09	7.26745e+09	5.56167e+09	4.33824e+09	3.44039e+09	2.76817e+09	2.25595e+09	1.85952e+09	1.54842e+09	1.30123e+09	1.10259e+09	
0	1.30088e+09	1.54801e+09	1.85902e+09	2.25534e+09	2.76743e+09	3.43947e+09	4.33708e+09	5.56018e+09	7.26551e+09	9.70725e+09	1.33138e+10	1.88397e+10	2.76773e+10	4.22067e+10	2.76773e+10	1.88397e+10	1.33138e+10	9.70725e+09	7.26551e+09	5.56018e+09	4.33708e+09	3.43947e+09	2.76743e+09	2.25534e+09	1.85902e+09	1.54801e+09	1.30088e+09	1.1023e+09	
0	1.3005e+09	1.54756e+09	1.85849e+09	2.25469e+09	2.76663e+09	3.43847e+09	4.33582e+09	5.55857e+09	7.26341e+09	9.70444e+09	1.331e+10	1.88343e+10	2.76693e+10	4.21944e+10	2.76693e+10	1.88343e+10	1.331e+10	9.70444e+09	7.26341e+09	5.55857e+09	4.33582e+09	3.43847e+09	2.76663e+09	2.25469e+09	1.85849e+09	1.54756e+09	1.3005e+09	1.10198e+09	
0	1.3001e+09	1.54708e+09	1.85791e+09	2.25399e+09	2.76576e+09	3.4374e+09	4.33447e+09	5.55684e+09	7.26114e+09	9.70141e+09	1.33058e+10	1.88284e+10	2.76607e+10	4.21813e+10	2.76607e+10	1.88284e+10	1.33058e+10	9.70141e+09	7.26114e+09	5.55684e+09	4.33447e+09	3.4374e+09	2.76576e+09	2.25399e+09	1.85791e+09	1.54708e+09	1.3001e+09	1.10163e+09	
0	1.29966e+09	1.54656e+09	1.85728e+09	2.25323e+09	2.76484e+09	3.43625e+09	4.33302e+09	5.55498e+09	7.25871e+09	9.69817e+09	1.33014e+10	1.88221e+10	2.76514e+10	4.21672e+10	2.76514e+10	1.88221e+10	1.33014e+10	9.69817e+09	7.25871e+09	5.55498e+09	4.33302e+09	3.43625e+09	2.76484e+09	2.25323e+09	1.85728e+09	1.54656e+09	1.29966e+09	1.10126e+09	
0	1.2992e+09	1.54601e+09	1.85662e+09	2.25243e+09	2.76385e+09	3.43502e+09	4.33147e+09	5.553e+09	7.25612e+09	9.69471e+09	1.32966e+10	1.88154e+10	2.76415e+10	4.21521e+10	2.76415e+10	1.88154e+10	1.32966e+10	9.69471e+09	7.25612e+09	5.553e+09	4.33147e+09	3.43502e+09	2.76385e+09	2.25243e+09	1.85662e+09	1.54601e+09	1.2992e+09	1.10087e+09	
0	1.29871e+09	1.54542e+09	1.85592e+09	2.25158e+09	2.7628e+09	3.43372e+09	4.32983e+09	5.55089e+09	7.25337e+09	9.69103e+09	1.32916e+10	1.88083e+10	2.76311e+10	4.21361e+10	2.76311e+10	1.88083e+10	1.32916e+10	9.69103e+09	7.25337e+09	5.55089e+09	4.32983e+09	3.43372e+09	2.7628e+09	2.25158e+09	1.85592e+09	1.54542e+09	1.29871e+09	1.10045e+09	
0	1.29819e+09	1.5448e+09	1.85517e+09	2.25067e+09	2.76169e+09	3.43234e+09	4.32809e+09	5.54866e+09	7.25045e+09	9.68713e+09	1.32862e+10	1.88007e+10	2.762e+10	4.21192e+10	2.762e+10	1.88007e+10	1.32862e+10	9.68713e+09	7.25045e+09	5.54866e+09	4.32809e+09	3.43234e+09	2.76169e+09	2.25067e+09	1.85517e+09	1.5448e+09	1.29819e+09	1.10001e+09	
0	1.29763e+09	1.54415e+09	1.85439e+09	2.24972e+09	2.76052e+09	3.43089e+09	4.32625e+09	5.54631e+09	7.24738e+09	9.68303e+09	1.32806e+10	1.87927e+10	2.76082e+10	4.21014e+10	2.76082e+10	1.87927e+10	1.32806e+10	9.68303e+09	7.24738e+09	5.54631e+09	4.32625e+09	3.43089e+09	2.76052e+09	2.24972e+09	1.85439e+09	1.54415e+09	1.29763e+09	1.09954e+09	
0	1.29706e+09	1.54346e+09	1.85356e+09	2.24871e+09	2.75929e+09	3.42936e+09	4.32432e+09	5.54383e+09	7.24415e+09	9.67871e+09	1.32747e+10	1.87843e+10	2.75959e+10	4.20826e+10	2.75959e+10	1.87843e+10	1.32747e+10	9.67871e+09	7.24415e+09	5.54383e+09	4.32432e+09	3.42936e+09	2.75929e+09	2.24871e+09	1.85356e+09	1.54346e+09	1.29706e+09	1.09905e+09	
0	1.29645e+09	1.54273e+09	1.85269e+09	2.24766e+09	2.758e+09	3.42775e+09	4.3223e+09	5.54123e+09	7.24075e+09	9.67417e+09	1.32685e+10	1.87755e+10	2.7583e+10	4.20629e+10	2.7583e+10	1.87755e+10	1.32685e+10	9.67417e+09	7.24075e+09	5.54123e+09	4.3223e+09	3.42775e+09	2.758e+09	2.24766e+09	1.85269e+09	1.54273e+09	1.29645e+09	1.09854e+09	
0	1.29581e+09	1.54198e+09	1.85178e+09	2.24656e+09	2.75664e+09	3.42607e+09	4.32018e+09	5.53852e+09	7.2372e+09	9.66943e+09	1.32619e+10	1.87663e+10	2.75695e+10	4.20422e+10	2.75695e+10	1.87663e+10	1.32619e+10	9.66943e+09	7.2372e+09	5.53852e+09	4.32018e+09	3.42607e+09	2.75664e+09	2.24656e+09	1.85178e+09	1.54198e+09	1.29581e+09	1.098e+09	
0	1.29515e+09	1.54119e+09	1.85083e+09	2.2454e+09	2.75523e+09	3.42431e+09	4.31796e+09	5.53568e+09	7.23349e+09	9.66447e+09	1.32551e+10	1.87567e+10	2.75553e+10	4.20207e+10	2.75553e+10	1.87567e+10	1.32551e+10	9.66447e+09	7.23349e+09	5.53568e+09	4.31796e+09	3.42431e+09	2.75523e+09	2.2454e+09	1.85083e+09	1.54119e+09	1.29515e+09	1.09744e+09	
0	1.29446e+09	1.54036e+09	1.84984e+09	2.2442e+09	2.75376e+09	3.42248e+09	4.31565e+09	5.53272e+09	7.22962e+09	9.6593e+09	1.32481e+10	1.87467e+10	2.75406e+10	4.19982e+10	2.75406e+10	1.87467e+10	1.32481e+10	9.6593e+09	7.22962e+09	5.53272e+09	4.31565e+09	3.42248e+09	2.75376e+09	2.2442e+09	1.84984e+09	1.54036e+09	1.29446e+09	1.09685e+09	
0	1.29373e+09	1.53951e+09	1.84881e+09	2.24295e+09	2.75223e+09	3.42058e+09	4.31325e+09	5.52964e+09	7.2256e+09	9.65393e+09	1.32407e+10	1.87363e+10	2.75253e+10	4.19749e+10	2.75253e+10	1.87363e+10	1.32407e+10	9.65393e+09	7.2256e+09	5.52964e+09	4.31325e+09	3.42058e+09	2.75223e+09	2.24295e+09	1.84881e+09	1.53951e+09	1.29373e+09	1.09624e+09	
0	1.29299e+09	1.53862e+09	1.84774e+09	2.24166e+09	2.75063e+09	3.4186e+09	4.31076e+09	5.52644e+09	7.22142e+09	9.64834e+09	1.3233e+10	1.87254e+10	2.75093e+10	4.19506e+10	2.75093e+10	1.87254e+10	1.3233e+10	9.64834e+09	7.22142e+09	5.52644e+09	4.31076e+09	3.4186e+09	2.75063e+09	2.24166e+09	1.84774e+09	1.53862e+09	1.29299e+09	1.09561e+09	
0	1.29221e+09	1.53769e+09	1.84663e+09	2.24031e+09	2.74898e+09	3.41654e+09	4.30817e+09	5.52312e+09	7.21708e+09	9.64255e+09	1.32251e+10	1.87142e+10	2.74928e+10	4.19254e+10	2.74928e+10	1.87142e+10	1.32251e+10	9.64255e+09	7.21708e+09	5.52312e+09	4.30817e+09	3.41654e+09	2.74898e+09	2.24031e+09	1.84663e+09	1.53769e+09	1.29221e+09	1.09495e+09	
0	1.29141e+09	1.53673e+09	1.84548e+09	2.23892e+09	2.74727e+09	3.41442e+09	4.30549e+09	5.51968e+09	7.21259e+09	9.63654e+09	1.32168e+10	1.87025e+10	2.74757e+10	4.18993e+10	2.74757e+10	1.87025e+10	1.32168e+10	9.63654e+09	7.21259e+09	5.51968e+09	4.30549e+09	3.41442e+09	2.74727e+09	2.23892e+09	1.84548e+09	1.53673e+09	1.29141e+09	1.09427e+09	
0	1.29057e+09	1.53574e+09	1.84429e+09	2.23747e+09	2.7455e+09	3.41222e+09	4.30271e+09	5.51613e+09	7.20794e+09	9.63034e+09	1.32083e+10	1.86905e+10	2.7458e+10	4.18723e+10	2.7458e+10	1.86905e+10	1.32083e+10	9.63034e+09	7.20794e+09	5.51613e+09	4.30271e+09	3.41222e+09	2.7455e+09	2.23747e+09	1.84429e+09	1.53574e+09	1.29057e+09	1.09356e+09	
0	1.28971e+09	1.53472e+09	1.84307e+09	2.23598e+09	2.74367e+09	3.40995e+09	4.29985e+09	5.51245e+09	7.20314e+09	9.62392e+09	1.31995e+10	1.8678e+10	2.74397e+10	4.18444e+10	2.74397e+10	1.8678e+10	1.31995e+10	9.62392e+09	7.20314e+09	5.51245e+09	4.29985e+09	3.40995e+09	2.74367e+09	2.23598e+09	1.84307e+09	1.53472e+09	1.28971e+09	1.09283e+09	
0	1.28883e+09	1.53367e+09	1.8418e+09	2.23445e+09	2.74179e+09	3.4076e+09	4.29689e+09	5.50866e+09	7.19819e+09	9.61731e+09	1.31905e+10	1.86652e+10	2.74209e+10	4.18157e+10	2.74209e+10	1.86652e+10	1.31905e+10	9.61731e+09	7.19819e+09	5.50866e+09	4.29689e+09	3.4076e+09	2.74179e+09	2.23445e+09	1.8418e+09	1.53367e+09	1.28883e+09	1.09208e+09	
0	1.28791e+09	1.53258e+09	1.84049e+09	2.23286e+09	2.73984e+09	3.40518e+09	4.29384e+09	5.50476e+09	7.19309e+09	9.61049e+09	1.31811e+10	1.86519e+10	2.74014e+10	4.1786e+10	2.74014e+10	1.86519e+10	1.31811e+10	9.61049e+09	7.19309e+09	5.50476e+09	4.29384e+09	3.40518e+09	2.73984e+09	2.23286e+09	1.84049e+09	1.53258e+09	1.28791e+09	1.09131e+09	
0	1.28697e+09	1.53146e+09	1.83915e+09	2.23123e+09	2.73784e+09	3.4027e+09	4.29071e+09	5.50073e+09	7.18783e+09	9.60346e+09	1.31715e+10	1.86383e+10	2.73814e+10	4.17555e+10	2.73814e+10	1.86383e+10	1.31715e+10	9.60346e+09	7.18783e+09	5.50073e+09	4.29071e+09	3.4027e+09	2.73784e+09	2.23123e+09	1.83915e+09	1.53146e+09	1.28697e+09	1.09051e+09	
0	1.286e+09	1.53031e+09	1.83776e+09	2.22955e+09	2.73578e+09	3.40014e+09	4.28748e+09	5.49659e+09	7.18242e+09	9.59624e+09	1.31616e+10	1.86243e+10	2.73608e+10	4.17241e+10	2.73608e+10	1.86243e+10	1.31616e+10	9.59624e+09	7.18242e+09	5.49659e+09	4.28748e+09	3.40014e+09	2.73578e+09	2.22955e+09	1.83776e+09	1.53031e+09	1.286e+09	1.08969e+09	
0	1.28501e+09	1.52912e+09	1.83634e+09	2.22783e+09	2.73366e+09	3.3975e+09	4.28416e+09	5.49234e+09	7.17686e+09	9.58881e+09	1.31514e+10	1.86099e+10	2.73396e+10	4.16918e+10	2.73396e+10	1.86099e+10	1.31514e+10	9.58881e+09	7.17686e+09	5.49234e+09	4.28416e+09	3.3975e+09	2.73366e+09	2.22783e+09	1.83634e+09	1.52912e+09	1.28501e+09	1.08885e+09	
0	1.28399e+09	1.52791e+09	1.83488e+09	2.22605e+09	2.73149e+09	3.3948e+09	4.28075e+09	5.48797e+09	7.17116e+09	9.58119e+09	1.31409e+10	1.85951e+10	2.73179e+10	4.16586e+10	2.73179e+10	1.85951e+10	1.31409e+10	9.58119e+09	7.17116e+09	5.48797e+09	4.28075e+09	3.3948e+09	2.73149e+09	2.22605e+09	1.83488e+09	1.52791e+09	1.28399e+09	1.08798e+09	
0	1.28294e+09	1.52666e+09	1.83338e+09	2.22424e+09	2.72926e+09	3.39203e+09	4.27726e+09	5.48349e+09	7.1653e+09	9.57336e+09	1.31302e+10	1.85799e+10	2.72956e+10	4.16246e+10	2.72956e+10	1.85799e+10	1.31302e+10	9.57336e+09	7.1653e+09	5.48349e+09	4.27726e+09	3.39203e+09	2.72926e+09	2.22424e+09	1.83338e+09	1.52666e+09	1.28294e+09	1.08709e+09	
0	1.28186e+09	1.52538e+09	1.83185e+09	2.22237e+09	2.72697e+09	3.38919e+09	4.27367e+09	5.4789e+09	7.15929e+09	9.56534e+09	1.31192e+10	1.85643e+10	2.72727e+10	4.15898e+10	2.72727e+10	1.85643e+10	1.31192e+10	9.56534e+09	7.15929e+09	5.4789e+09	4.27367e+09	3.38919e+09	2.72697e+09	2.22237e+09	1.83185e+09	1.52538e+09	1.28186e+09	1.08618e+09	
0	1.28076e+09	1.52407e+09	1.83027e+09	2.22046e+09	2.72463e+09	3.38627e+09	4.27e+09	5.47419e+09	7.15314e+09	9.55712e+09	1.31079e+10	1.85484e+10	2.72493e+10	4.1554e+10	2.72493e+10	1.85484e+10	1.31079e+10	9.55712e+09	7.15314e+09	5.47419e+09	4.27e+09	3.38627e+09	2.72463e+09	2.22046e+09	1.83027e+09	1.52407e+09	1.28076e+09	1.08525e+09	
0	1.27963e+09	1.52273e+09	1.82866e+09	2.21851e+09	2.72223e+09	3.38329e+09	4.26624e+09	5.46937e+09	7.14684e+09	9.5487e+09	1.30964e+10	1.8532e+10	2.72253e+10	4.15174e+10	2.72253e+10	1.8532e+10	1.30964e+10	9.5487e+09	7.14684e+09	5.46937e+09	4.26624e+09	3.38329e+09	2.72223e+09	2.21851e+09	1.82866e+09	1.52273e+09	1.27963e+09	1.08429e+09	
0	1.27848e+09	1.52135e+09	1.82701e+09	2.21651e+09	2.71977e+09	3.38024e+09	4.26239e+09	5.46443e+09	7.1404e+09	9.54009e+09	1.30846e+10	1.85153e+10	2.72007e+10	4.148e+10	2.72007e+10	1.85153e+10	1.30846e+10	9.54009e+09	7.1404e+09	5.46443e+09	4.26239e+09	3.38024e+09	2.71977e+09	2.21651e+09	1.82701e+09	1.52135e+09	1.27848e+09	1.08331e+09	
0	1.2773e+09	1.51995e+09	1.82532e+09	2.21446e+09	2.71726e+09	3.37712e+09	4.25846e+09	5.45939e+09	7.13381e+09	9.53128e+09	1.30725e+10	1.84982e+10	2.71756e+10	4.14417e+10	2.71756e+10	1.84982e+10	1.30725e+10	9.53128e+09	7.13381e+09	5.45939e+09	4.25846e+09	3.37712e+09	2.71726e+09	2.21446e+09	1.82532e+09	1.51995e+09	1.2773e+09	1.08231e+09	
0	1.27609e+09	1.51851e+09	1.8236e+09	2.21237e+09	2.7147e+09	3.37393e+09	4.25444e+09	5.45423e+09	7.12707e+09	9.52228e+09	1.30601e+10	1.84808e+10	2.71499e+10	4.14026e+10	2.71499e+10	1.84808e+10	1.30601e+10	9.52228e+09	7.12707e+09	5.45423e+09	4.25444e+09	3.37393e+09	2.7147e+09	2.21237e+09	1.8236e+09	1.51851e+09	1.27609e+09	1.08129e+09	
0	1.27486e+09	1.51705e+09	1.82184e+09	2.21023e+09	2.71208e+09	3.37068e+09	4.25033e+09	5.44897e+09	7.12019e+09	9.51309e+09	1.30475e+10	1.84629e+10	2.71237e+10	4.13626e+10	2.71237e+10	1.84629e+10	1.30475e+10	9.51309e+09	7.12019e+09	5.44897e+09	4.25033e+09	3.37068e+09	2.71208e+09	2.21023e+09	1.82184e+09	1.51705e+09	1.27486e+09	1.08025e+09	
0	1.2736e+09	1.51555e+09	1.82004e+09	2.20805e+09	2.7094e+09	3.36735e+09	4.24614e+09	5.4436e+09	7.11317e+09	9.50371e+09	1.30347e+10	1.84447e+10	2.7097e+10	4.13218e+10	2.7097e+10	1.84447e+10	1.30347e+10	9.50371e+09	7.11317e+09	5.4436e+09	4.24614e+09	3.36735e+09	2.7094e+09	2.20805e+09	1.82004e+09	1.51555e+09	1.2736e+09	1.07918e+09	
0	1.27232e+09	1.51402e+09	1.81821e+09	2.20583e+09	2.70667e+09	3.36396e+09	4.24186e+09	5.43811e+09	7.106e+09	9.49414e+09	1.30215e+10	1.84261e+10	2.70697e+10	4.12802e+10	2.70697e+10	1.84261e+10	1.30215e+10	9.49414e+09	7.106e+09	5.43811e+09	4.24186e+09	3.36396e+09	2.70667e+09	2.20583e+09	1.81821e+09	1.51402e+09	1.27232e+09	1.0781e+09	
0	1.27101e+09	1.51247e+09	1.81634e+09	2.20356e+09	2.70389e+09	3.3605e+09	4.2375e+09	5.43252e+09	7.0987e+09	9.48437e+09	1.30081e+10	1.84072e+10	2.70418e+10	4.12378e+10	2.70418e+10	1.84072e+10	1.30081e+10	9.48437e+09	7.0987e+09	5.43252e+09	4.2375e+09	3.3605e+09	2.70389e+09	2.20356e+09	1.81634e+09	1.51247e+09	1.27101e+09	1.07699e+09	
0	1.26968e+09	1.51088e+09	1.81444e+09	2.20125e+09	2.70105e+09	3.35697e+09	4.23305e+09	5.42682e+09	7.09125e+09	9.47442e+09	1.29945e+10	1.83879e+10	2.70135e+10	4.11945e+10	2.70135e+10	1.83879e+10	1.29945e+10	9.47442e+09	7.09125e+09	5.42682e+09	4.23305e+09	3.35697e+09	2.70105e+09	2.20125e+09	1.81444e+09	1.51088e+09	1.26968e+09	1.07586e+09	
0	1.26832e+09	1.50926e+09	1.81249e+09	2.1989e+09	2.69816e+09	3.35338e+09	4.22852e+09	5.42102e+09	7.08366e+09	9.46429e+09	1.29806e+10	1.83682e+10	2.69846e+10	4.11504e+10	2.69846e+10	1.83682e+10	1.29806e+10	9.46429e+09	7.08366e+09	5.42102e+09	4.22852e+09	3.35338e+09	2.69816e+09	2.1989e+09	1.81249e+09	1.50926e+09	1.26832e+09	1.07471e+09	
0	1.26694e+09	1.50762e+09	1.81052e+09	2.1965e+09	2.69522e+09	3.34973e+09	4.22391e+09	5.4151e+09	7.07594e+09	9.45396e+09	1.29664e+10	1.83482e+10	2.69551e+10	4.11056e+10	2.69551e+10	1.83482e+10	1.29664e+10	9.45396e+09	7.07594e+09	5.4151e+09	4.22391e+09	3.34973e+09	2.69522e+09	2.1965e+09	1.81052e+09	1.50762e+09	1.26694e+09	1.07353e+09	
0	1.26553e+09	1.50594e+09	1.80851e+09	2.19406e+09	2.69222e+09	3.346e+09	4.21922e+09	5.40908e+09	7.06807e+09	9.44346e+09	1.2952e+10	1.83278e+10	2.69252e+10	4.10599e+10	2.69252e+10	1.83278e+10	1.2952e+10	9.44346e+09	7.06807e+09	5.40908e+09	4.21922e+09	3.346e+09	2.69222e+09	2.19406e+09	1.80851e+09	1.50594e+09	1.26553e+09	1.07234e+09	
0	1.2641e+09	1.50424e+09	1.80646e+09	2.19157e+09	2.68917e+09	3.34221e+09	4.21444e+09	5.40296e+09	7.06007e+09	9.43276e+09	1.29374e+10	1.8307e+10	2.68947e+10	4.10134e+10	2.68947e+10	1.8307e+10	1.29374e+10	9.43276e+09	7.06007e+09	5.40296e+09	4.21444e+09	3.34221e+09	2.68917e+09	2.19157e+09	1.80646e+09	1.50424e+09	1.2641e+09	1.07113e+09	
0	1.26264e+09	1.5025e+09	1.80438e+09	2.18904e+09	2.68607e+09	3.33836e+09	4.20958e+09	5.39673e+09	7.05193e+09	9.42189e+09	1.29224e+10	1.82859e+10	2.68637e+10	4.09661e+10	2.68637e+10	1.82859e+10	1.29224e+10	9.42189e+09	7.05193e+09	5.39673e+09	4.20958e+09	3.33836e+09	2.68607e+09	2.18904e+09	1.80438e+09	1.5025e+09	1.26264e+09	1.06989e+09	
0	1.26116e+09	1.50074e+09	1.80226e+09	2.18648e+09	2.68292e+09	3.33444e+09	4.20464e+09	5.3904e+09	7.04365e+09	9.41083e+09	1.29073e+10	1.82645e+10	2.68322e+10	4.09181e+10	2.68322e+10	1.82645e+10	1.29073e+10	9.41083e+09	7.04365e+09	5.3904e+09	4.20464e+09	3.33444e+09	2.68292e+09	2.18648e+09	1.80226e+09	1.50074e+09	1.26116e+09	1.06864e+09	
0	1.25965e+09	1.49895e+09	1.80011e+09	2.18386e+09	2.67972e+09	3.33046e+09	4.19962e+09	5.38396e+09	7.03524e+09	9.3996e+09	1.28919e+10	1.82427e+10	2.68001e+10	4.08692e+10	2.68001e+10	1.82427e+10	1.28919e+10	9.3996e+09	7.03524e+09	5.38396e+09	4.19962e+09	3.33046e+09	2.67972e+09	2.18386e+09	1.80011e+09	1.49895e+09	1.25965e+09	1.06736e+09	
0	1.25812e+09	1.49713e+09	1.79792e+09	2.18121e+09	2.67646e+09	3.32642e+09	4.19452e+09	5.37742e+09	7.0267e+09	9.38818e+09	1.28762e+10	1.82205e+10	2.67676e+10	4.08196e+10	2.67676e+10	1.82205e+10	1.28762e+10	9.38818e+09	7.0267e+09	5.37742e+09	4.19452e+09	3.32642e+09	2.67646e+09	2.18121e+09	1.79792e+09	1.49713e+09	1.25812e+09	1.06606e+09	
0	1.25657e+09	1.49528e+09	1.7957e+09	2.17852e+09	2.67316e+09	3.32231e+09	4.18934e+09	5.37078e+09	7.01802e+09	9.37658e+09	1.28603e+10	1.8198e+10	2.67345e+10	4.07692e+10	2.67345e+10	1.8198e+10	1.28603e+10	9.37658e+09	7.01802e+09	5.37078e+09	4.18934e+09	3.32231e+09	2.67316e+09	2.17852e+09	1.7957e+09	1.49528e+09	1.25657e+09	1.06475e+09	
0	1.25499e+09	1.4934e+09	1.79344e+09	2.17578e+09	2.6698e+09	3.31814e+09	4.18408e+09	5.36404e+09	7.00921e+09	9.36481e+09	1.28442e+10	1.81751e+10	2.6701e+10	4.0718e+10	2.6701e+10	1.81751e+10	1.28442e+10	9.36481e+09	7.00921e+09	5.36404e+09	4.18408e+09	3.31814e+09	2.6698e+09	2.17578e+09	1.79344e+09	1.4934e+09	1.25499e+09	1.06341e+09	
0	1.25339e+09	1.4915e+09	1.79116e+09	2.17301e+09	2.6664e+09	3.3139e+09	4.17874e+09	5.35719e+09	7.00027e+09	9.35286e+09	1.28278e+10	1.8152e+10	2.66669e+10	4.0666e+10	2.66669e+10	1.8152e+10	1.28278e+10	9.35286e+09	7.00027e+09	5.35719e+09	4.17874e+09	3.3139e+09	2.6664e+09	2.17301e+09	1.79116e+09	1.4915e+09	1.25339e+09	1.06205e+09	
0	1.25176e+09	1.48956e+09	1.78883e+09	2.17019e+09	2.66294e+09	3.30961e+09	4.17332e+09	5.35025e+09	6.99119e+09	9.34074e+09	1.28111e+10	1.81284e+10	2.66323e+10	4.06133e+10	2.66323e+10	1.81284e+10	1.28111e+10	9.34074e+09	6.99119e+09	5.35025e+09	4.17332e+09	3.30961e+09	2.66294e+09	2.17019e+09	1.78883e+09	1.48956e+09	1.25176e+09	1.06068e+09	
0	1.25012e+09	1.4876e+09	1.78648e+09	2.16733e+09	2.65943e+09	3.30525e+09	4.16783e+09	5.3432e+09	6.98199e+09	9.32844e+09	1.27943e+10	1.81046e+10	2.65973e+10	4.05599e+10	2.65973e+10	1.81046e+10	1.27943e+10	9.32844e+09	6.98199e+09	5.3432e+09	4.16783e+09	3.30525e+09	2.65943e+09	2.16733e+09	1.78648e+09	1.4876e+09	1.25012e+09	1.05928e+09	
0	1.24844e+09	1.48561e+09	1.78409e+09	2.16444e+09	2.65588e+09	3.30083e+09	4.16226e+09	5.33606e+09	6.97265e+09	9.31597e+09	1.27772e+10	1.80804e+10	2.65617e+10	4.05056e+10	2.65617e+10	1.80804e+10	1.27772e+10	9.31597e+09	6.97265e+09	5.33606e+09	4.16226e+09	3.30083e+09	2.65588e+09	2.16444e+09	1.78409e+09	1.48561e+09	1.24844e+09	1.05786e+09	
0	1.24675e+09	1.4836e+09	1.78167e+09	2.1615e+09	2.65227e+09	3.29635e+09	4.15661e+09	5.32882e+09	6.96319e+09	9.30333e+09	1.27598e+10	1.80558e+10	2.65257e+10	4.04507e+10	2.65257e+10	1.80558e+10	1.27598e+10	9.30333e+09	6.96319e+09	5.32882e+09	4.15661e+09	3.29635e+09	2.65227e+09	2.1615e+09	1.78167e+09	1.4836e+09	1.24675e+09	1.05643e+09	
0	1.24503e+09	1.48155e+09	1.77922e+09	2.15852e+09	2.64862e+09	3.29181e+09	4.15089e+09	5.32148e+09	6.9536e+09	9.29052e+09	1.27423e+10	1.80309e+10	2.64891e+10	4.0395e+10	2.64891e+10	1.80309e+10	1.27423e+10	9.29052e+09	6.9536e+09	5.32148e+09	4.15089e+09	3.29181e+09	2.64862e+09	2.15852e+09	1.77922e+09	1.48155e+09	1.24503e+09	1.05497e+09	
0	1.24329e+09	1.47948e+09	1.77673e+09	2.15551e+09	2.64492e+09	3.28721e+09	4.14509e+09	5.31405e+09	6.94388e+09	9.27753e+09	1.27245e+10	1.80058e+10	2.64521e+10	4.03385e+10	2.64521e+10	1.80058e+10	1.27245e+10	9.27753e+09	6.94388e+09	5.31405e+09	4.14509e+09	3.28721e+09	2.64492e+09	2.15551e+09	1.77673e+09	1.47948e+09	1.24329e+09	1.0535e+09	
0	1.24153e+09	1.47739e+09	1.77421e+09	2.15245e+09	2.64117e+09	3.28255e+09	4.13921e+09	5.30651e+09	6.93404e+09	9.26438e+09	1.27064e+10	1.79802e+10	2.64146e+10	4.02814e+10	2.64146e+10	1.79802e+10	1.27064e+10	9.26438e+09	6.93404e+09	5.30651e+09	4.13921e+09	3.28255e+09	2.64117e+09	2.15245e+09	1.77421e+09	1.47739e+09	1.24153e+09	1.05201e+09	
0	1.23975e+09	1.47526e+09	1.77166e+09	2.14936e+09	2.63737e+09	3.27783e+09	4.13326e+09	5.29888e+09	6.92407e+09	9.25107e+09	1.26881e+10	1.79544e+10	2.63766e+10	4.02235e+10	2.63766e+10	1.79544e+10	1.26881e+10	9.25107e+09	6.92407e+09	5.29888e+09	4.13326e+09	3.27783e+09	2.63737e+09	2.14936e+09	1.77166e+09	1.47526e+09	1.23975e+09	1.05049e+09	
0	1.23794e+09	1.47311e+09	1.76908e+09	2.14622e+09	2.63353e+09	3.27306e+09	4.12724e+09	5.29116e+09	6.91398e+09	9.23758e+09	1.26697e+10	1.79282e+10	2.63382e+10	4.01648e+10	2.63382e+10	1.79282e+10	1.26697e+10	9.23758e+09	6.91398e+09	5.29116e+09	4.12724e+09	3.27306e+09	2.63353e+09	2.14622e+09	1.76908e+09	1.47311e+09	1.23794e+09	1.04896e+09	
0	1.23611e+09	1.47094e+09	1.76646e+09	2.14305e+09	2.62964e+09	3.26822e+09	4.12114e+09	5.28334e+09	6.90377e+09	9.22393e+09	1.26509e+10	1.79017e+10	2.62993e+10	4.01055e+10	2.62993e+10	1.79017e+10	1.26509e+10	9.22393e+09	6.90377e+09	5.28334e+09	4.12114e+09	3.26822e+09	2.62964e+09	2.14305e+09	1.76646e+09	1.47094e+09	1.23611e+09	1.04741e+09	
0	1.23426e+09	1.46873e+09	1.76382e+09	2.13984e+09	2.6257e+09	3.26333e+09	4.11497e+09	5.27543e+09	6.89343e+09	9.21012e+09	1.2632e+10	1.78749e+10	2.62599e+10	4.00454e+10	2.62599e+10	1.78749e+10	1.2632e+10	9.21012e+09	6.89343e+09	5.27543e+09	4.11497e+09	3.26333e+09	2.6257e+09	2.13984e+09	1.76382e+09	1.46873e+09	1.23426e+09	1.04584e+09	
0	1.23239e+09	1.4665e+09	1.76114e+09	2.1366e+09	2.62172e+09	3.25838e+09	4.10872e+09	5.26743e+09	6.88297e+09	9.19615e+09	1.26128e+10	1.78478e+10	2.62201e+10	3.99847e+10	2.62201e+10	1.78478e+10	1.26128e+10	9.19615e+09	6.88297e+09	5.26743e+09	4.10872e+09	3.25838e+09	2.62172e+09	2.1366e+09	1.76114e+09	1.4665e+09	1.23239e+09	1.04426e+09	
0	1.23049e+09	1.46425e+09	1.75844e+09	2.13331e+09	2.61769e+09	3.25337e+09	4.10241e+09	5.25933e+09	6.87239e+09	9.18201e+09	1.25934e+10	1.78204e+10	2.61798e+10	3.99232e+10	2.61798e+10	1.78204e+10	1.25934e+10	9.18201e+09	6.87239e+09	5.25933e+09	4.10241e+09	3.25337e+09	2.61769e+09	2.13331e+09	1.75844e+09	1.46425e+09	1.23049e+09	1.04265e+09	
0	1.22858e+09	1.46197e+09	1.7557e+09	2.12999e+09	2.61361e+09	3.2483e+09	4.09602e+09	5.25114e+09	6.86169e+09	9.16772e+09	1.25738e+10	1.77926e+10	2.6139e+10	3.98611e+10	2.6139e+10	1.77926e+10	1.25738e+10	9.16772e+09	6.86169e+09	5.25114e+09	4.09602e+09	3.2483e+09	2.61361e+09	2.12999e+09	1.7557e+09	1.46197e+09	1.22858e+09	1.04103e+09	
0	1.22664e+09	1.45967e+09	1.75293e+09	2.12663e+09	2.60949e+09	3.24318e+09	4.08956e+09	5.24287e+09	6.85087e+09	9.15326e+09	1.2554e+10	1.77646e+10	2.60978e+10	3.97982e+10	2.60978e+10	1.77646e+10	1.2554e+10	9.15326e+09	6.85087e+09	5.24287e+09	4.08956e+09	3.24318e+09	2.60949e+09	2.12663e+09	1.75293e+09	1.45967e+09	1.22664e+09	1.03939e+09	
0	1.22468e+09	1.45734e+09	1.75013e+09	2.12324e+09	2.60533e+09	3.238e+09	4.08303e+09	5.2345e+09	6.83994e+09	9.13865e+09	1.2534e+10	1.77362e+10	2.60561e+10	3.97347e+10	2.60561e+10	1.77362e+10	1.2534e+10	9.13865e+09	6.83994e+09	5.2345e+09	4.08303e+09	3.238e+09	2.60533e+09	2.12324e+09	1.75013e+09	1.45734e+09	1.22468e+09	1.03773e+09	
0	1.2227e+09	1.45498e+09	1.7473e+09	2.11981e+09	2.60112e+09	3.23277e+09	4.07644e+09	5.22604e+09	6.82888e+09	9.12388e+09	1.25137e+10	1.77076e+10	2.6014e+10	3.96705e+10	2.6014e+10	1.77076e+10	1.25137e+10	9.12388e+09	6.82888e+09	5.22604e+09	4.07644e+09	3.23277e+09	2.60112e+09	2.11981e+09	1.7473e+09	1.45498e+09	1.2227e+09	1.03605e+09	
0	1.2207e+09	1.4526e+09	1.74445e+09	2.11634e+09	2.59686e+09	3.22748e+09	4.06977e+09	5.21749e+09	6.81771e+09	9.10896e+09	1.24932e+10	1.76786e+10	2.59715e+10	3.96056e+10	2.59715e+10	1.76786e+10	1.24932e+10	9.10896e+09	6.81771e+09	5.21749e+09	4.06977e+09	3.22748e+09	2.59686e+09	2.11634e+09	1.74445e+09	1.4526e+09	1.2207e+09	1.03436e+09	
0	1.21868e+09	1.4502e+09	1.74156e+09	2.11284e+09	2.59256e+09	3.22214e+09	4.06303e+09	5.20885e+09	6.80643e+09	9.09388e+09	1.24726e+10	1.76493e+10	2.59285e+10	3.95401e+10	2.59285e+10	1.76493e+10	1.24726e+10	9.09388e+09	6.80643e+09	5.20885e+09	4.06303e+09	3.22214e+09	2.59256e+09	2.11284e+09	1.74156e+09	1.4502e+09	1.21868e+09	1.03264e+09	
0	1.21664e+09	1.44777e+09	1.73864e+09	2.1093e+09	2.58822e+09	3.21675e+09	4.05623e+09	5.20013e+09	6.79503e+09	9.07865e+09	1.24517e+10	1.76198e+10	2.58851e+10	3.94739e+10	2.58851e+10	1.76198e+10	1.24517e+10	9.07865e+09	6.79503e+09	5.20013e+09	4.05623e+09	3.21675e+09	2.58822e+09	2.1093e+09	1.73864e+09	1.44777e+09	1.21664e+09	1.03092e+09	
0	1.21458e+09	1.44532e+09	1.7357e+09	2.10572e+09	2.58384e+09	3.2113e+09	4.04936e+09	5.19132e+09	6.78352e+09	9.06327e+09	1.24306e+10	1.75899e+10	2.58412e+10	3.9407e+10	2.58412e+10	1.75899e+10	1.24306e+10	9.06327e+09	6.78352e+09	5.19132e+09	4.04936e+09	3.2113e+09	2.58384e+09	2.10572e+09	1.7357e+09	1.44532e+09	1.21458e+09	1.02917e+09	
0	1.2125e+09	1.44284e+09	1.73272e+09	2.10212e+09	2.57941e+09	3.20579e+09	4.04242e+09	5.18242e+09	6.77189e+09	9.04774e+09	1.24093e+10	1.75598e+10	2.57969e+10	3.93395e+10	2.57969e+10	1.75598e+10	1.24093e+10	9.04774e+09	6.77189e+09	5.18242e+09	4.04242e+09	3.20579e+09	2.57941e+09	2.10212e+09	1.73272e+09	1.44284e+09	1.2125e+09	1.02741e+09	
0	1.2104e+09	1.44034e+09	1.72972e+09	2.09847e+09	2.57494e+09	3.20024e+09	4.03541e+09	5.17344e+09	6.76016e+09	9.03206e+09	1.23878e+10	1.75293e+10	2.57522e+10	3.92713e+10	2.57522e+10	1.75293e+10	1.23878e+10	9.03206e+09	6.76016e+09	5.17344e+09	4.03541e+09	3.20024e+09	2.57494e+09	2.09847e+09	1.72972e+09	1.44034e+09	1.2104e+09	1.02562e+09	
0	1.20828e+09	1.43781e+09	1.72669e+09	2.0948e+09	2.57043e+09	3.19463e+09	4.02834e+09	5.16438e+09	6.74831e+09	9.01623e+09	1.23661e+10	1.74986e+10	2.57071e+10	3.92025e+10	2.57071e+10	1.74986e+10	1.23661e+10	9.01623e+09	6.74831e+09	5.16438e+09	4.02834e+09	3.19463e+09	2.57043e+09	2.0948e+09	1.72669e+09	1.43781e+09	1.20828e+09	1.02383e+09	
0	1.20614e+09	1.43527e+09	1.72363e+09	2.09108e+09	2.56587e+09	3.18897e+09	4.0212e+09	5.15523e+09	6.73635e+09	9.00026e+09	1.23442e+10	1.74676e+10	2.56615e+10	3.9133e+10	2.56615e+10	1.74676e+10	1.23442e+10	9.00026e+09	6.73635e+09	5.15523e+09	4.0212e+09	3.18897e+09	2.56587e+09	2.09108e+09	1.72363e+09	1.43527e+09	1.20614e+09	1.02201e+09	
0	1.20398e+09	1.4327e+09	1.72054e+09	2.08734e+09	2.56128e+09	3.18326e+09	4.014e+09	5.14599e+09	6.72429e+09	8.98414e+09	1.2322e+10	1.74363e+10	2.56156e+10	3.90629e+10	2.56156e+10	1.74363e+10	1.2322e+10	8.98414e+09	6.72429e+09	5.14599e+09	4.014e+09	3.18326e+09	2.56128e+09	2.08734e+09	1.72054e+09	1.4327e+09	1.20398e+09	1.02018e+09	
0	1.2018e+09	1.4301e+09	1.71743e+09	2.08356e+09	2.55664e+09	3.17749e+09	4.00673e+09	5.13668e+09	6.71211e+09	8.96787e+09	1.22997e+10	1.74048e+10	2.55692e+10	3.89922e+10	2.55692e+10	1.74048e+10	1.22997e+10	8.96787e+09	6.71211e+09	5.13668e+09	4.00673e+09	3.17749e+09	2.55664e+09	2.08356e+09	1.71743e+09	1.4301e+09	1.2018e+09	1.01834e+09	
0	1.1996e+09	1.42749e+09	1.71428e+09	2.07975e+09	2.55196e+09	3.17168e+09	3.9994e+09	5.12728e+09	6.69983e+09	8.95147e+09	1.22772e+10	1.73729e+10	2.55224e+10	3.89209e+10	2.55224e+10	1.73729e+10	1.22772e+10	8.95147e+09	6.69983e+09	5.12728e+09	3.9994e+09	3.17168e+09	2.55196e+09	2.07975e+09	1.71428e+09	1.42749e+09	1.1996e+09	1.01647e+09	
0	1.19738e+09	1.42485e+09	1.71112e+09	2.0759e+09	2.54724e+09	3.16582e+09	3.99201e+09	5.1178e+09	6.68745e+09	8.93492e+09	1.22545e+10	1.73408e+10	2.54752e+10	3.88489e+10	2.54752e+10	1.73408e+10	1.22545e+10	8.93492e+09	6.68745e+09	5.1178e+09	3.99201e+09	3.16582e+09	2.54724e+09	2.0759e+09	1.71112e+09	1.42485e+09	1.19738e+09	1.01459e+09	
0	1.19514e+09	1.42219e+09	1.70792e+09	2.07203e+09	2.54249e+09	3.1599e+09	3.98455e+09	5.10824e+09	6.67496e+09	8.91823e+09	1.22317e+10	1.73084e+10	2.54277e+10	3.87764e+10	2.54277e+10	1.73084e+10	1.22317e+10	8.91823e+09	6.67496e+09	5.10824e+09	3.98455e+09	3.1599e+09	2.54249e+09	2.07203e+09	1.70792e+09	1.42219e+09	1.19514e+09	1.0127e+09	
0	1.19289e+09	1.4195e+09	1.7047e+09	2.06812e+09	2.53769e+09	3.15394e+09	3.97703e+09	5.0986e+09	6.66236e+09	8.9014e+09	1.22086e+10	1.72758e+10	2.53797e+10	3.87032e+10	2.53797e+10	1.72758e+10	1.22086e+10	8.9014e+09	6.66236e+09	5.0986e+09	3.97703e+09	3.15394e+09	2.53769e+09	2.06812e+09	1.7047e+09	1.4195e+09	1.19289e+09	1.01079e+09	
0	1.19061e+09	1.4168e+09	1.70145e+09	2.06417e+09	2.53285e+09	3.14793e+09	3.96945e+09	5.08888e+09	6.64966e+09	8.88444e+09	1.21853e+10	1.72428e+10	2.53313e+10	3.86295e+10	2.53313e+10	1.72428e+10	1.21853e+10	8.88444e+09	6.64966e+09	5.08888e+09	3.96945e+09	3.14793e+09	2.53285e+09	2.06417e+09	1.70145e+09	1.4168e+09	1.19061e+09	1.00886e+09	
0	1.18832e+09	1.41407e+09	1.69817e+09	2.0602e+09	2.52798e+09	3.14187e+09	3.96181e+09	5.07909e+09	6.63686e+09	8.86733e+09	1.21618e+10	1.72096e+10	2.52825e+10	3.85551e+10	2.52825e+10	1.72096e+10	1.21618e+10	8.86733e+09	6.63686e+09	5.07909e+09	3.96181e+09	3.14187e+09	2.52798e+09	2.0602e+09	1.69817e+09	1.41407e+09	1.18832e+09	1.00692e+09	
0	1.18601e+09	1.41132e+09	1.69487e+09	2.0562e+09	2.52306e+09	3.13576e+09	3.95411e+09	5.06922e+09	6.62396e+09	8.8501e+09	1.21382e+10	1.71762e+10	2.52334e+10	3.84802e+10	2.52334e+10	1.71762e+10	1.21382e+10	8.8501e+09	6.62396e+09	5.06922e+09	3.95411e+09	3.13576e+09	2.52306e+09	2.0562e+09	1.69487e+09	1.41132e+09	1.18601e+09	1.00496e+09	
0	1.18368e+09	1.40855e+09	1.69154e+09	2.05216e+09	2.51811e+09	3.12961e+09	3.94635e+09	5.05926e+09	6.61096e+09	8.83273e+09	1.21144e+10	1.71425e+10	2.51839e+10	3.84046e+10	2.51839e+10	1.71425e+10	1.21144e+10	8.83273e+09	6.61096e+09	5.05926e+09	3.94635e+09	3.12961e+09	2.51811e+09	2.05216e+09	1.69154e+09	1.40855e+09	1.18368e+09	1.00299e+09	
0	1.18134e+09	1.40576e+09	1.68819e+09	2.04809e+09	2.51312e+09	3.12341e+09	3.93853e+09	5.04924e+09	6.59786e+09	8.81522e+09	1.20904e+10	1.71085e+10	2.5134e+10	3.83285e+10	2.5134e+10	1.71085e+10	1.20904e+10	8.81522e+09	6.59786e+09	5.04924e+09	3.93853e+09	3.12341e+09	2.51312e+09	2.04809e+09	1.68819e+09	1.40576e+09	1.18134e+09	1.001e+09	
0	1.17898e+09	1.40295e+09	1.68482e+09	2.044e+09	2.50809e+09	3.11716e+09	3.93065e+09	5.03914e+09	6.58466e+09	8.79759e+09	1.20662e+10	1.70743e+10	2.50837e+10	3.82519e+10	2.50837e+10	1.70743e+10	1.20662e+10	8.79759e+09	6.58466e+09	5.03914e+09	3.93065e+09	3.11716e+09	2.50809e+09	2.044e+09	1.68482e+09	1.40295e+09	1.17898e+09	9.98999e+08	
0	1.17659e+09	1.40011e+09	1.68141e+09	2.03987e+09	2.50303e+09	3.11086e+09	3.92271e+09	5.02896e+09	6.57136e+09	8.77982e+09	1.20418e+10	1.70398e+10	2.5033e+10	3.81746e+10	2.5033e+10	1.70398e+10	1.20418e+10	8.77982e+09	6.57136e+09	5.02896e+09	3.92271e+09	3.11086e+09	2.50303e+09	2.03987e+09	1.68141e+09	1.40011e+09	1.17659e+09	9.96982e+08	
0	1.1742e+09	1.39726e+09	1.67799e+09	2.03571e+09	2.49793e+09	3.10452e+09	3.91472e+09	5.01871e+09	6.55797e+09	8.76193e+09	1.20173e+10	1.70051e+10	2.4982e+10	3.80968e+10	2.4982e+10	1.70051e+10	1.20173e+10	8.76193e+09	6.55797e+09	5.01871e+09	3.91472e+09	3.10452e+09	2.49793e+09	2.03571e+09	1.67799e+09	1.39726e+09	1.1742e+09	9.9495e+08	
0	1.17178e+09	1.39439e+09	1.67453e+09	2.03152e+09	2.49279e+09	3.09814e+09	3.90667e+09	5.00839e+09	6.54448e+09	8.7439e+09	1.19926e+10	1.69701e+10	2.49306e+10	3.80185e+10	2.49306e+10	1.69701e+10	1.19926e+10	8.7439e+09	6.54448e+09	5.00839e+09	3.90667e+09	3.09814e+09	2.49279e+09	2.03152e+09	1.67453e+09	1.39439e+09	1.17178e+09	9.92903e+08	
0	1.16935e+09	1.39149e+09	1.67106e+09	2.02731e+09	2.48761e+09	3.09171e+09	3.89856e+09	4.99799e+09	6.5309e+09	8.72575e+09	1.19677e+10	1.69349e+10	2.48789e+10	3.79396e+10	2.48789e+10	1.69349e+10	1.19677e+10	8.72575e+09	6.5309e+09	4.99799e+09	3.89856e+09	3.09171e+09	2.48761e+09	2.02731e+09	1.67106e+09	1.39149e+09	1.16935e+09	9.90842e+08	
0	1.1669e+09	1.38858e+09	1.66756e+09	2.02306e+09	2.4824e+09	3.08523e+09	3.89039e+09	4.98753e+09	6.51722e+09	8.70748e+09	1.19426e+10	1.68994e+10	2.48268e+10	3.78601e+10	2.48268e+10	1.68994e+10	1.19426e+10	8.70748e+09	6.51722e+09	4.98753e+09	3.89039e+09	3.08523e+09	2.4824e+09	2.02306e+09	1.66756e+09	1.38858e+09	1.1669e+09	9.88767e+08	
0	1.16443e+09	1.38564e+09	1.66404e+09	2.01879e+09	2.47716e+09	3.07871e+09	3.88217e+09	4.97699e+09	6.50345e+09	8.68908e+09	1.19174e+10	1.68637e+10	2.47743e+10	3.77801e+10	2.47743e+10	1.68637e+10	1.19174e+10	8.68908e+09	6.50345e+09	4.97699e+09	3.88217e+09	3.07871e+09	2.47716e+09	2.01879e+09	1.66404e+09	1.38564e+09	1.16443e+09	9.86678e+08	
0	1.16195e+09	1.38269e+09	1.66049e+09	2.01448e+09	2.47188e+09	3.07215e+09	3.8739e+09	4.96638e+09	6.48959e+09	8.67056e+09	1.1892e+10	1.68278e+10	2.47215e+10	3.76996e+10	2.47215e+10	1.68278e+10	1.1892e+10	8.67056e+09	6.48959e+09	4.96638e+09	3.8739e+09	3.07215e+09	2.47188e+09	2.01448e+09	1.66049e+09	1.38269e+09	1.16195e+09	9.84575e+08	
0	1.15945e+09	1.37972e+09	1.65692e+09	2.01015e+09	2.46657e+09	3.06555e+09	3.86557e+09	4.9557e+09	6.47564e+09	8.65192e+09	1.18664e+10	1.67916e+10	2.46684e+10	3.76186e+10	2.46684e+10	1.67916e+10	1.18664e+10	8.65192e+09	6.47564e+09	4.9557e+09	3.86557e+09	3.06555e+09	2.46657e+09	2.01015e+09	1.65692e+09	1.37972e+09	1.15945e+09	9.82459e+08	
0	1.15694e+09	1.37673e+09	1.65333e+09	2.00579e+09	2.46122e+09	3.0589e+09	3.85719e+09	4.94496e+09	6.4616e+09	8.63316e+09	1.18407e+10	1.67552e+10	2.46149e+10	3.7537e+10	2.46149e+10	1.67552e+10	1.18407e+10	8.63316e+09	6.4616e+09	4.94496e+09	3.85719e+09	3.0589e+09	2.46122e+09	2.00579e+09	1.65333e+09	1.37673e+09	1.15694e+09	9.80328e+08	
0	1.15441e+09	1.37371e+09	1.64971e+09	2.00141e+09	2.45583e+09	3.05221e+09	3.84875e+09	4.93414e+09	6.44746e+09	8.61428e+09	1.18148e+10	1.67185e+10	2.4561e+10	3.74549e+10	2.4561e+10	1.67185e+10	1.18148e+10	8.61428e+09	6.44746e+09	4.93414e+09	3.84875e+09	3.05221e+09	2.45583e+09	2.00141e+09	1.64971e+09	1.37371e+09	1.15441e+09	9.78184e+08	
0	1.15186e+09	1.37069e+09	1.64607e+09	1.99699e+09	2.45042e+09	3.04548e+09	3.84027e+09	4.92326e+09	6.43325e+09	8.59529e+09	1.17887e+10	1.66817e+10	2.45069e+10	3.73723e+10	2.45069e+10	1.66817e+10	1.17887e+10	8.59529e+09	6.43325e+09	4.92326e+09	3.84027e+09	3.04548e+09	2.45042e+09	1.99699e+09	1.64607e+09	1.37069e+09	1.15186e+09	9.76027e+08	
0	1.1493e+09	1.36764e+09	1.64241e+09	1.99255e+09	2.44497e+09	3.03871e+09	3.83173e+09	4.91231e+09	6.41894e+09	8.57617e+09	1.17625e+10	1.66446e+10	2.44524e+10	3.72892e+10	2.44524e+10	1.66446e+10	1.17625e+10	8.57617e+09	6.41894e+09	4.91231e+09	3.83173e+09	3.03871e+09	2.44497e+09	1.99255e+09	1.64241e+09	1.36764e+09	1.1493e+09	9.73857e+08	
0	1.14673e+09	1.36457e+09	1.63873e+09	1.98809e+09	2.43949e+09	3.03189e+09	3.82314e+09	4.9013e+09	6.40455e+09	8.55694e+09	1.17361e+10	1.66072e+10	2.43976e+10	3.72056e+10	2.43976e+10	1.66072e+10	1.17361e+10	8.55694e+09	6.40455e+09	4.9013e+09	3.82314e+09	3.03189e+09	2.43949e+09	1.98809e+09	1.63873e+09	1.36457e+09	1.14673e+09	9.71673e+08	
0	1.14413e+09	1.36149e+09	1.63503e+09	1.98359e+09	2.43397e+09	3.02504e+09	3.81449e+09	4.89022e+09	6.39007e+09	8.5376e+09	1.17096e+10	1.65697e+10	2.43424e+10	3.71215e+10	2.43424e+10	1.65697e+10	1.17096e+10	8.5376e+09	6.39007e+09	4.89022e+09	3.81449e+09	3.02504e+09	2.43397e+09	1.98359e+09	1.63503e+09	1.36149e+09	1.14413e+09	9.69477e+08	
0	1.14153e+09	1.35838e+09	1.6313e+09	1.97907e+09	2.42843e+09	3.01815e+09	3.8058e+09	4.87908e+09	6.37551e+09	8.51815e+09	1.16829e+10	1.65319e+10	2.42869e+10	3.70369e+10	2.42869e+10	1.65319e+10	1.16829e+10	8.51815e+09	6.37551e+09	4.87908e+09	3.8058e+09	3.01815e+09	2.42843e+09	1.97907e+09	1.6313e+09	1.35838e+09	1.14153e+09	9.67268e+08	
0	1.13891e+09	1.35526e+09	1.62755e+09	1.97453e+09	2.42285e+09	3.01122e+09	3.79706e+09	4.86787e+09	6.36087e+09	8.49858e+09	1.16561e+10	1.6494e+10	2.42312e+10	3.69519e+10	2.42312e+10	1.6494e+10	1.16561e+10	8.49858e+09	6.36087e+09	4.86787e+09	3.79706e+09	3.01122e+09	2.42285e+09	1.97453e+09	1.62755e+09	1.35526e+09	1.13891e+09	9.65046e+08	
0	1.13627e+09	1.35213e+09	1.62379e+09	1.96996e+09	2.41724e+09	3.00424e+09	3.78827e+09	4.8566e+09	6.34614e+09	8.47891e+09	1.16291e+10	1.64558e+10	2.41751e+10	3.68663e+10	2.41751e+10	1.64558e+10	1.16291e+10	8.47891e+09	6.34614e+09	4.8566e+09	3.78827e+09	3.00424e+09	2.41724e+09	1.96996e+09	1.62379e+09	1.35213e+09	1.13627e+09	9.62812e+08	
0	1.13362e+09	1.34897e+09	1.62e+09	1.96536e+09	2.4116e+09	2.99724e+09	3.77943e+09	4.84527e+09	6.33134e+09	8.45913e+09	1.1602e+10	1.64174e+10	2.41187e+10	3.67803e+10	2.41187e+10	1.64174e+10	1.1602e+10	8.45913e+09	6.33134e+09	4.84527e+09	3.77943e+09	2.99724e+09	2.4116e+09	1.96536e+09	1.62e+09	1.34897e+09	1.13362e+09	9.60566e+08	
0	1.13095e+09	1.3458e+09	1.61619e+09	1.96074e+09	2.40593e+09	2.99019e+09	3.77055e+09	4.83388e+09	6.31645e+09	8.43924e+09	1.15747e+10	1.63788e+10	2.4062e+10	3.66938e+10	2.4062e+10	1.63788e+10	1.15747e+10	8.43924e+09	6.31645e+09	4.83388e+09	3.77055e+09	2.99019e+09	2.40593e+09	1.96074e+09	1.61619e+09	1.3458e+09	1.13095e+09	9.58307e+08	
0	1.12827e+09	1.34261e+09	1.61236e+09	1.95609e+09	2.40023e+09	2.9831e+09	3.76161e+09	4.82243e+09	6.30149e+09	8.41924e+09	1.15473e+10	1.634e+10	2.40049e+10	3.66069e+10	2.40049e+10	1.634e+10	1.15473e+10	8.41924e+09	6.30149e+09	4.82243e+09	3.76161e+09	2.9831e+09	2.40023e+09	1.95609e+09	1.61236e+09	1.34261e+09	1.12827e+09	9.56037e+08	
0	1.12558e+09	1.33941e+09	1.60851e+09	1.95142e+09	2.3945e+09	2.97598e+09	3.75263e+09	4.81091e+09	6.28644e+09	8.39914e+09	1.15197e+10	1.6301e+10	2.39476e+10	3.65195e+10	2.39476e+10	1.6301e+10	1.15197e+10	8.39914e+09	6.28644e+09	4.81091e+09	3.75263e+09	2.97598e+09	2.3945e+09	1.95142e+09	1.60851e+09	1.33941e+09	1.12558e+09	9.53754e+08	
0	1.12287e+09	1.33618e+09	1.60464e+09	1.94673e+09	2.38874e+09	2.96882e+09	3.7436e+09	4.79934e+09	6.27132e+09	8.37894e+09	1.1492e+10	1.62618e+10	2.389e+10	3.64317e+10	2.389e+10	1.62618e+10	1.1492e+10	8.37894e+09	6.27132e+09	4.79934e+09	3.7436e+09	2.96882e+09	2.38874e+09	1.94673e+09	1.60464e+09	1.33618e+09	1.12287e+09	9.5146e+08	
0	1.12015e+09	1.33295e+09	1.60075e+09	1.94201e+09	2.38295e+09	2.96163e+09	3.73453e+09	4.78771e+09	6.25612e+09	8.35863e+09	1.14641e+10	1.62224e+10	2.38321e+10	3.63434e+10	2.38321e+10	1.62224e+10	1.14641e+10	8.35863e+09	6.25612e+09	4.78771e+09	3.73453e+09	2.96163e+09	2.38295e+09	1.94201e+09	1.60075e+09	1.33295e+09	1.12015e+09	9.49155e+08	
0	1.11742e+09	1.32969e+09	1.59684e+09	1.93727e+09	2.37713e+09	2.9544e+09	3.72542e+09	4.77602e+09	6.24085e+09	8.33823e+09	1.14362e+10	1.61828e+10	2.3774e+10	3.62547e+10	2.3774e+10	1.61828e+10	1.14362e+10	8.33823e+09	6.24085e+09	4.77602e+09	3.72542e+09	2.9544e+09	2.37713e+09	1.93727e+09	1.59684e+09	1.32969e+09	1.11742e+09	9.46837e+08	
0	1.11467e+09	1.32642e+09	1.59292e+09	1.93251e+09	2.37129e+09	2.94713e+09	3.71625e+09	4.76428e+09	6.2255e+09	8.31772e+09	1.1408e+10	1.6143e+10	2.37155e+10	3.61655e+10	2.37155e+10	1.6143e+10	1.1408e+10	8.31772e+09	6.2255e+09	4.76428e+09	3.71625e+09	2.94713e+09	2.37129e+09	1.93251e+09	1.59292e+09	1.32642e+09	1.11467e+09	9.44509e+08	
0	1.11191e+09	1.32314e+09	1.58897e+09	1.92772e+09	2.36542e+09	2.93983e+09	3.70705e+09	4.75248e+09	6.21008e+09	8.29712e+09	1.13798e+10	1.6103e+10	2.36568e+10	3.60759e+10	2.36568e+10	1.6103e+10	1.13798e+10	8.29712e+09	6.21008e+09	4.75248e+09	3.70705e+09	2.93983e+09	2.36542e+09	1.92772e+09	1.58897e+09	1.32314e+09	1.11191e+09	9.42169e+08	
0	1.10913e+09	1.31984e+09	1.58501e+09	1.92291e+09	2.35951e+09	2.9325e+09	3.6978e+09	4.74062e+09	6.19459e+09	8.27642e+09	1.13514e+10	1.60628e+10	2.35977e+10	3.59859e+10	2.35977e+10	1.60628e+10	1.13514e+10	8.27642e+09	6.19459e+09	4.74062e+09	3.6978e+09	2.9325e+09	2.35951e+09	1.92291e+09	1.58501e+09	1.31984e+09	1.10913e+09	9.39819e+08	
0	1.10635e+09	1.31652e+09	1.58103e+09	1.91808e+09	2.35359e+09	2.92513e+09	3.68851e+09	4.72871e+09	6.17902e+09	8.25563e+09	1.13229e+10	1.60224e+10	2.35384e+10	3.58955e+10	2.35384e+10	1.60224e+10	1.13229e+10	8.25563e+09	6.17902e+09	4.72871e+09	3.68851e+09	2.92513e+09	2.35359e+09	1.91808e+09	1.58103e+09	1.31652e+09	1.10635e+09	9.37457e+08	
0	1.10355e+09	1.31319e+09	1.57702e+09	1.91323e+09	2.34763e+09	2.91773e+09	3.67918e+09	4.71674e+09	6.16339e+09	8.23474e+09	1.12942e+10	1.59819e+10	2.34789e+10	3.58047e+10	2.34789e+10	1.59819e+10	1.12942e+10	8.23474e+09	6.16339e+09	4.71674e+09	3.67918e+09	2.91773e+09	2.34763e+09	1.91323e+09	1.57702e+09	1.31319e+09	1.10355e+09	9.35085e+08	
0	1.10074e+09	1.30984e+09	1.57301e+09	1.90835e+09	2.34165e+09	2.91029e+09	3.6698e+09	4.70473e+09	6.14768e+09	8.21375e+09	1.12654e+10	1.59412e+10	2.34191e+10	3.57135e+10	2.34191e+10	1.59412e+10	1.12654e+10	8.21375e+09	6.14768e+09	4.70473e+09	3.6698e+09	2.91029e+09	2.34165e+09	1.90835e+09	1.57301e+09	1.30984e+09	1.10074e+09	9.32703e+08	
0	1.09791e+09	1.30648e+09	1.56897e+09	1.90345e+09	2.33564e+09	2.90283e+09	3.66039e+09	4.69265e+09	6.13191e+09	8.19268e+09	1.12365e+10	1.59003e+10	2.3359e+10	3.56219e+10	2.3359e+10	1.59003e+10	1.12365e+10	8.19268e+09	6.13191e+09	4.69265e+09	3.66039e+09	2.90283e+09	2.33564e+09	1.90345e+09	1.56897e+09	1.30648e+09	1.09791e+09	9.3031e+08	
0	1.09507e+09	1.30311e+09	1.56492e+09	1.89854e+09	2.32961e+09	2.89533e+09	3.65093e+09	4.68053e+09	6.11607e+09	8.17151e+09	1.12075e+10	1.58592e+10	2.32986e+10	3.55298e+10	2.32986e+10	1.58592e+10	1.12075e+10	8.17151e+09	6.11607e+09	4.68053e+09	3.65093e+09	2.89533e+09	2.32961e+09	1.89854e+09	1.56492e+09	1.30311e+09	1.09507e+09	9.27906e+08	
0	1.09223e+09	1.29972e+09	1.56085e+09	1.8936e+09	2.32355e+09	2.8878e+09	3.64143e+09	4.66836e+09	6.10016e+09	8.15026e+09	1.11784e+10	1.5818e+10	2.3238e+10	3.54374e+10	2.3238e+10	1.5818e+10	1.11784e+10	8.15026e+09	6.10016e+09	4.66836e+09	3.64143e+09	2.8878e+09	2.32355e+09	1.8936e+09	1.56085e+09	1.29972e+09	1.09223e+09	9.25493e+08	
0	1.08937e+09	1.29631e+09	1.55676e+09	1.88864e+09	2.31746e+09	2.88024e+09	3.6319e+09	4.65613e+09	6.08419e+09	8.12892e+09	1.11491e+10	1.57765e+10	2.31772e+10	3.53446e+10	2.31772e+10	1.57765e+10	1.11491e+10	8.12892e+09	6.08419e+09	4.65613e+09	3.6319e+09	2.88024e+09	2.31746e+09	1.88864e+09	1.55676e+09	1.29631e+09	1.08937e+09	9.23069e+08	
0	1.08649e+09	1.2929e+09	1.55266e+09	1.88366e+09	2.31135e+09	2.87264e+09	3.62232e+09	4.64386e+09	6.06815e+09	8.10749e+09	1.11197e+10	1.57349e+10	2.31161e+10	3.52515e+10	2.31161e+10	1.57349e+10	1.11197e+10	8.10749e+09	6.06815e+09	4.64386e+09	3.62232e+09	2.87264e+09	2.31135e+09	1.88366e+09	1.55266e+09	1.2929e+09	1.08649e+09	9.20636e+08	
0	1.08361e+09	1.28947e+09	1.54854e+09	1.87866e+09	2.30522e+09	2.86502e+09	3.61271e+09	4.63154e+09	6.05205e+09	8.08598e+09	1.10902e+10	1.56932e+10	2.30547e+10	3.51579e+10	2.30547e+10	1.56932e+10	1.10902e+10	8.08598e+09	6.05205e+09	4.63154e+09	3.61271e+09	2.86502e+09	2.30522e+09	1.87866e+09	1.54854e+09	1.28947e+09	1.08361e+09	9.18193e+08	
0	1.08072e+09	1.28602e+09	1.5444e+09	1.87365e+09	2.29906e+09	2.85737e+09	3.60306e+09	4.61917e+09	6.03588e+09	8.06438e+09	1.10606e+10	1.56513e+10	2.29932e+10	3.5064e+10	2.29932e+10	1.56513e+10	1.10606e+10	8.06438e+09	6.03588e+09	4.61917e+09	3.60306e+09	2.85737e+09	2.29906e+09	1.87365e+09	1.5444e+09	1.28602e+09	1.08072e+09	9.15741e+08	
0	1.07781e+09	1.28256e+09	1.54025e+09	1.86861e+09	2.29288e+09	2.84969e+09	3.59338e+09	4.60675e+09	6.01965e+09	8.0427e+09	1.10308e+10	1.56092e+10	2.29313e+10	3.49698e+10	2.29313e+10	1.56092e+10	1.10308e+10	8.0427e+09	6.01965e+09	4.60675e+09	3.59338e+09	2.84969e+09	2.29288e+09	1.86861e+09	1.54025e+09	1.28256e+09	1.07781e+09	9.13279e+08	
0	1.0749e+09	1.27909e+09	1.53608e+09	1.86355e+09	2.28668e+09	2.84197e+09	3.58365e+09	4.59428e+09	6.00337e+09	8.02093e+09	1.1001e+10	1.5567e+10	2.28693e+10	3.48751e+10	2.28693e+10	1.5567e+10	1.1001e+10	8.02093e+09	6.00337e+09	4.59428e+09	3.58365e+09	2.84197e+09	2.28668e+09	1.86355e+09	1.53608e+09	1.27909e+09	1.0749e+09	9.10807e+08	
0	1.07197e+09	1.27561e+09	1.5319e+09	1.85848e+09	2.28045e+09	2.83424e+09	3.57389e+09	4.58177e+09	5.98702e+09	7.99909e+09	1.0971e+10	1.55246e+10	2.2807e+10	3.47802e+10	2.2807e+10	1.55246e+10	1.0971e+10	7.99909e+09	5.98702e+09	4.58177e+09	3.57389e+09	2.83424e+09	2.28045e+09	1.85848e+09	1.5319e+09	1.27561e+09	1.07197e+09	9.08327e+08	
0	1.06903e+09	1.27211e+09	1.5277e+09	1.85338e+09	2.2742e+09	2.82647e+09	3.5641e+09	4.56921e+09	5.97061e+09	7.97717e+09	1.0941e+10	1.5482e+10	2.27445e+10	3.46849e+10	2.27445e+10	1.5482e+10	1.0941e+10	7.97717e+09	5.97061e+09	4.56921e+09	3.5641e+09	2.82647e+09	2.2742e+09	1.85338e+09	1.5277e+09	1.27211e+09	1.06903e+09	9.05838e+08	
0	1.06608e+09	1.26861e+09	1.52349e+09	1.84827e+09	2.26793e+09	2.81867e+09	3.55427e+09	4.55661e+09	5.95415e+09	7.95517e+09	1.09108e+10	1.54393e+10	2.26818e+10	3.45892e+10	2.26818e+10	1.54393e+10	1.09108e+10	7.95517e+09	5.95415e+09	4.55661e+09	3.55427e+09	2.81867e+09	2.26793e+09	1.84827e+09	1.52349e+09	1.26861e+09	1.06608e+09	9.0334e+08	
0	1.06312e+09	1.26509e+09	1.51926e+09	1.84314e+09	2.26164e+09	2.81085e+09	3.54441e+09	4.54397e+09	5.93762e+09	7.9331e+09	1.08805e+10	1.53965e+10	2.26188e+10	3.44932e+10	2.26188e+10	1.53965e+10	1.08805e+10	7.9331e+09	5.93762e+09	4.54397e+09	3.54441e+09	2.81085e+09	2.26164e+09	1.84314e+09	1.51926e+09	1.26509e+09	1.06312e+09	9.00833e+08	
0	1.06016e+09	1.26155e+09	1.51502e+09	1.838e+09	2.25532e+09	2.803e+09	3.53451e+09	4.53128e+09	5.92104e+09	7.91094e+09	1.08501e+10	1.53535e+10	2.25557e+10	3.43969e+10	2.25557e+10	1.53535e+10	1.08501e+10	7.91094e+09	5.92104e+09	4.53128e+09	3.53451e+09	2.803e+09	2.25532e+09	1.838e+09	1.51502e+09	1.26155e+09	1.06016e+09	8.98318e+08	
0	1.05718e+09	1.25801e+09	1.51076e+09	1.83283e+09	2.24898e+09	2.79513e+09	3.52458e+09	4.51855e+09	5.90441e+09	7.88872e+09	1.08196e+10	1.53104e+10	2.24923e+10	3.43003e+10	2.24923e+10	1.53104e+10	1.08196e+10	7.88872e+09	5.90441e+09	4.51855e+09	3.52458e+09	2.79513e+09	2.24898e+09	1.83283e+09	1.51076e+09	1.25801e+09	1.05718e+09	8.95794e+08	
0	1.05419e+09	1.25445e+09	1.50649e+09	1.82765e+09	2.24263e+09	2.78723e+09	3.51462e+09	4.50578e+09	5.88772e+09	7.86642e+09	1.07891e+10	1.52671e+10	2.24287e+10	3.42033e+10	2.24287e+10	1.52671e+10	1.07891e+10	7.86642e+09	5.88772e+09	4.50578e+09	3.51462e+09	2.78723e+09	2.24263e+09	1.82765e+09	1.50649e+09	1.25445e+09	1.05419e+09	8.93262e+08	
0	1.05119e+09	1.25089e+09	1.5022e+09	1.82246e+09	2.23625e+09	2.7793e+09	3.50462e+09	4.49297e+09	5.87098e+09	7.84405e+09	1.07584e+10	1.52237e+10	2.2365e+10	3.41061e+10	2.2365e+10	1.52237e+10	1.07584e+10	7.84405e+09	5.87098e+09	4.49297e+09	3.50462e+09	2.7793e+09	2.23625e+09	1.82246e+09	1.5022e+09	1.25089e+09	1.05119e+09	8.90722e+08	
0	1.04818e+09	1.24731e+09	1.49791e+09	1.81724e+09	2.22985e+09	2.77135e+09	3.4946e+09	4.48011e+09	5.85418e+09	7.82161e+09	1.07276e+10	1.51801e+10	2.2301e+10	3.40085e+10	2.2301e+10	1.51801e+10	1.07276e+10	7.82161e+09	5.85418e+09	4.48011e+09	3.4946e+09	2.77135e+09	2.22985e+09	1.81724e+09	1.49791e+09	1.24731e+09	1.04818e+09	8.88174e+08	
0	1.04517e+09	1.24372e+09	1.4936e+09	1.81201e+09	2.22344e+09	2.76338e+09	3.48454e+09	4.46722e+09	5.83733e+09	7.7991e+09	1.06967e+10	1.51364e+10	2.22368e+10	3.39106e+10	2.22368e+10	1.51364e+10	1.06967e+10	7.7991e+09	5.83733e+09	4.46722e+09	3.48454e+09	2.76338e+09	2.22344e+09	1.81201e+09	1.4936e+09	1.24372e+09	1.04517e+09	8.85618e+08	
0	1.04214e+09	1.24012e+09	1.48927e+09	1.80677e+09	2.217e+09	2.75538e+09	3.47445e+09	4.45429e+09	5.82044e+09	7.77653e+09	1.06658e+10	1.50926e+10	2.21724e+10	3.38125e+10	2.21724e+10	1.50926e+10	1.06658e+10	7.77653e+09	5.82044e+09	4.45429e+09	3.47445e+09	2.75538e+09	2.217e+09	1.80677e+09	1.48927e+09	1.24012e+09	1.04214e+09	8.83054e+08	
0	1.03911e+09	1.23651e+09	1.48494e+09	1.80151e+09	2.21054e+09	2.74735e+09	3.46434e+09	4.44132e+09	5.80349e+09	7.75388e+09	1.06347e+10	1.50487e+10	2.21079e+10	3.3714e+10	2.21079e+10	1.50487e+10	1.06347e+10	7.75388e+09	5.80349e+09	4.44132e+09	3.46434e+09	2.74735e+09	2.21054e+09	1.80151e+09	1.48494e+09	1.23651e+09	1.03911e+09	8.80483e+08	
0	1.03606e+09	1.23289e+09	1.48059e+09	1.79623e+09	2.20407e+09	2.73931e+09	3.45419e+09	4.42831e+09	5.78649e+09	7.73117e+09	1.06036e+10	1.50046e+10	2.20431e+10	3.36153e+10	2.20431e+10	1.50046e+10	1.06036e+10	7.73117e+09	5.78649e+09	4.42831e+09	3.45419e+09	2.73931e+09	2.20407e+09	1.79623e+09	1.48059e+09	1.23289e+09	1.03606e+09	8.77904e+08	
0	1.03301e+09	1.22925e+09	1.47623e+09	1.79094e+09	2.19758e+09	2.73124e+09	3.44402e+09	4.41527e+09	5.76945e+09	7.7084e+09	1.05723e+10	1.49604e+10	2.19782e+10	3.35163e+10	2.19782e+10	1.49604e+10	1.05723e+10	7.7084e+09	5.76945e+09	4.41527e+09	3.44402e+09	2.73124e+09	2.19758e+09	1.79094e+09	1.47623e+09	1.22925e+09	1.03301e+09	8.75318e+08	
0	1.02995e+09	1.22561e+09	1.47185e+09	1.78563e+09	2.19107e+09	2.72315e+09	3.43381e+09	4.40219e+09	5.75235e+09	7.68556e+09	1.0541e+10	1.49161e+10	2.19131e+10	3.3417e+10	2.19131e+10	1.49161e+10	1.0541e+10	7.68556e+09	5.75235e+09	4.40219e+09	3.43381e+09	2.72315e+09	2.19107e+09	1.78563e+09	1.47185e+09	1.22561e+09	1.02995e+09	8.72725e+08	
0	1.02688e+09	1.22196e+09	1.46747e+09	1.78031e+09	2.18454e+09	2.71503e+09	3.42358e+09	4.38907e+09	5.73522e+09	7.66267e+09	1.05096e+10	1.48716e+10	2.18478e+10	3.33174e+10	2.18478e+10	1.48716e+10	1.05096e+10	7.66267e+09	5.73522e+09	4.38907e+09	3.42358e+09	2.71503e+09	2.18454e+09	1.78031e+09	1.46747e+09	1.22196e+09	1.02688e+09	8.70125e+08	
0	1.02381e+09	1.2183e+09	1.46307e+09	1.77498e+09	2.17799e+09	2.7069e+09	3.41333e+09	4.37592e+09	5.71803e+09	7.63971e+09	1.04781e+10	1.48271e+10	2.17823e+10	3.32176e+10	2.17823e+10	1.48271e+10	1.04781e+10	7.63971e+09	5.71803e+09	4.37592e+09	3.41333e+09	2.7069e+09	2.17799e+09	1.77498e+09	1.46307e+09	1.2183e+09	1.02381e+09	8.67518e+08	
0	1.02072e+09	1.21463e+09	1.45866e+09	1.76963e+09	2.17143e+09	2.69874e+09	3.40304e+09	4.36274e+09	5.70081e+09	7.61669e+09	1.04465e+10	1.47824e+10	2.17167e+10	3.31175e+10	2.17167e+10	1.47824e+10	1.04465e+10	7.61669e+09	5.70081e+09	4.36274e+09	3.40304e+09	2.69874e+09	2.17143e+09	1.76963e+09	1.45866e+09	1.21463e+09	1.02072e+09	8.64904e+08	
0	1.01763e+09	1.21095e+09	1.45424e+09	1.76427e+09	2.16485e+09	2.69057e+09	3.39273e+09	4.34952e+09	5.68353e+09	7.59362e+09	1.04149e+10	1.47376e+10	2.16509e+10	3.30172e+10	2.16509e+10	1.47376e+10	1.04149e+10	7.59362e+09	5.68353e+09	4.34952e+09	3.39273e+09	2.69057e+09	2.16485e+09	1.76427e+09	1.45424e+09	1.21095e+09	1.01763e+09	8.62284e+08	
0	1.01453e+09	1.20726e+09	1.44981e+09	1.7589e+09	2.15826e+09	2.68237e+09	3.3824e+09	4.33627e+09	5.66622e+09	7.57048e+09	1.03832e+10	1.46927e+10	2.1585e+10	3.29166e+10	2.1585e+10	1.46927e+10	1.03832e+10	7.57048e+09	5.66622e+09	4.33627e+09	3.3824e+09	2.68237e+09	2.15826e+09	1.7589e+09	1.44981e+09	1.20726e+09	1.01453e+09	8.59657e+08	
0	1.01142e+09	1.20356e+09	1.44537e+09	1.75351e+09	2.15165e+09	2.67415e+09	3.37204e+09	4.32299e+09	5.64887e+09	7.54729e+09	1.03514e+10	1.46477e+10	2.15188e+10	3.28158e+10	2.15188e+10	1.46477e+10	1.03514e+10	7.54729e+09	5.64887e+09	4.32299e+09	3.37204e+09	2.67415e+09	2.15165e+09	1.75351e+09	1.44537e+09	1.20356e+09	1.01142e+09	8.57024e+08	
0	1.00831e+09	1.19986e+09	1.44092e+09	1.74811e+09	2.14502e+09	2.66592e+09	3.36165e+09	4.30967e+09	5.63147e+09	7.52405e+09	1.03195e+10	1.46026e+10	2.14526e+10	3.27148e+10	2.14526e+10	1.46026e+10	1.03195e+10	7.52405e+09	5.63147e+09	4.30967e+09	3.36165e+09	2.66592e+09	2.14502e+09	1.74811e+09	1.44092e+09	1.19986e+09	1.00831e+09	8.54385e+08	
0	1.00519e+09	1.19614e+09	1.43646e+09	1.7427e+09	2.13838e+09	2.65767e+09	3.35124e+09	4.29633e+09	5.61403e+09	7.50076e+09	1.02875e+10	1.45574e+10	2.13862e+10	3.26135e+10	2.13862e+10	1.45574e+10	1.02875e+10	7.50076e+09	5.61403e+09	4.29633e+09	3.35124e+09	2.65767e+09	2.13838e+09	1.7427e+09	1.43646e+09	1.19614e+09	1.00519e+09	8.51739e+08	
0	1.00206e+09	1.19242e+09	1.43199e+09	1.73727e+09	2.13172e+09	2.64939e+09	3.34081e+09	4.28296e+09	5.59656e+09	7.47741e+09	1.02555e+10	1.45121e+10	2.13196e+10	3.2512e+10	2.13196e+10	1.45121e+10	1.02555e+10	7.47741e+09	5.59656e+09	4.28296e+09	3.34081e+09	2.64939e+09	2.13172e+09	1.73727e+09	1.43199e+09	1.19242e+09	1.00206e+09	8.49088e+08	
0	9.98921e+08	1.18869e+09	1.42751e+09	1.73183e+09	2.12505e+09	2.6411e+09	3.33036e+09	4.26955e+09	5.57904e+09	7.45401e+09	1.02234e+10	1.44667e+10	2.12529e+10	3.24102e+10	2.12529e+10	1.44667e+10	1.02234e+10	7.45401e+09	5.57904e+09	4.26955e+09	3.33036e+09	2.6411e+09	2.12505e+09	1.73183e+09	1.42751e+09	1.18869e+09	9.98921e+08	8.46431e+08	
0	9.95779e+08	1.18495e+09	1.42302e+09	1.72639e+09	2.11837e+09	2.63279e+09	3.31988e+09	4.25612e+09	5.56149e+09	7.43056e+09	1.01913e+10	1.44212e+10	2.1186e+10	3.23083e+10	2.1186e+10	1.44212e+10	1.01913e+10	7.43056e+09	5.56149e+09	4.25612e+09	3.31988e+09	2.63279e+09	2.11837e+09	1.72639e+09	1.42302e+09	1.18495e+09	9.95779e+08	8.43768e+08	
0	9.9263e+08	1.1812e+09	1.41852e+09	1.72093e+09	2.11167e+09	2.62447e+09	3.30938e+09	4.24266e+09	5.54391e+09	7.40706e+09	1.0159e+10	1.43756e+10	2.1119e+10	3.22061e+10	2.1119e+10	1.43756e+10	1.0159e+10	7.40706e+09	5.54391e+09	4.24266e+09	3.30938e+09	2.62447e+09	2.11167e+09	1.72093e+09	1.41852e+09	1.1812e+09	9.9263e+08	8.411e+08	
0	9.89474e+08	1.17745e+09	1.41401e+09	1.71546e+09	2.10496e+09	2.61613e+09	3.29886e+09	4.22918e+09	5.52628e+09	7.38352e+09	1.01267e+10	1.43299e+10	2.10519e+10	3.21037e+10	2.10519e+10	1.43299e+10	1.01267e+10	7.38352e+09	5.52628e+09	4.22918e+09	3.29886e+09	2.61613e+09	2.10496e+09	1.71546e+09	1.41401e+09	1.17745e+09	9.89474e+08	8.38426e+08	
0	9.86313e+08	1.17368e+09	1.40949e+09	1.70998e+09	2.09823e+09	2.60777e+09	3.28832e+09	4.21567e+09	5.50863e+09	7.35993e+09	1.00944e+10	1.42841e+10	2.09846e+10	3.20012e+10	2.09846e+10	1.42841e+10	1.00944e+10	7.35993e+09	5.50863e+09	4.21567e+09	3.28832e+09	2.60777e+09	2.09823e+09	1.70998e+09	1.40949e+09	1.17368e+09	9.86313e+08	8.35747e+08	
0	9.83145e+08	1.16991e+09	1.40496e+09	1.70448e+09	2.09149e+09	2.59939e+09	3.27776e+09	4.20213e+09	5.49094e+09	7.33629e+09	1.0062e+10	1.42382e+10	2.09172e+10	3.18984e+10	2.09172e+10	1.42382e+10	1.0062e+10	7.33629e+09	5.49094e+09	4.20213e+09	3.27776e+09	2.59939e+09	2.09149e+09	1.70448e+09	1.40496e+09	1.16991e+09	9.83145e+08	8.33063e+08	
0	9.79972e+08	1.16614e+09	1.40043e+09	1.69898e+09	2.08474e+09	2.591e+09	3.26718e+09	4.18856e+09	5.47321e+09	7.31261e+09	1.00295e+10	1.41922e+10	2.08497e+10	3.17954e+10	2.08497e+10	1.41922e+10	1.00295e+10	7.31261e+09	5.47321e+09	4.18856e+09	3.26718e+09	2.591e+09	2.08474e+09	1.69898e+09	1.40043e+09	1.16614e+09	9.79972e+08	8.30374e+08	
0	9.76793e+08	1.16235e+09	1.39589e+09	1.69347e+09	2.07798e+09	2.5826e+09	3.25658e+09	4.17497e+09	5.45546e+09	7.28889e+09	9.99695e+09	1.41462e+10	2.07821e+10	3.16923e+10	2.07821e+10	1.41462e+10	9.99695e+09	7.28889e+09	5.45546e+09	4.17497e+09	3.25658e+09	2.5826e+09	2.07798e+09	1.69347e+09	1.39589e+09	1.16235e+09	9.76793e+08	8.27681e+08	
0	9.73608e+08	1.15856e+09	1.39133e+09	1.68795e+09	2.0712e+09	2.57418e+09	3.24596e+09	4.16136e+09	5.43767e+09	7.26512e+09	9.96436e+09	1.41001e+10	2.07143e+10	3.1589e+10	2.07143e+10	1.41001e+10	9.96436e+09	7.26512e+09	5.43767e+09	4.16136e+09	3.24596e+09	2.57418e+09	2.0712e+09	1.68795e+09	1.39133e+09	1.15856e+09	9.73608e+08	8.24982e+08	
0	9.70418e+08	1.15477e+09	1.38678e+09	1.68242e+09	2.06442e+09	2.56574e+09	3.23533e+09	4.14773e+09	5.41985e+09	7.24132e+09	9.93171e+09	1.40539e+10	2.06464e+10	3.14855e+10	2.06464e+10	1.40539e+10	9.93171e+09	7.24132e+09	5.41985e+09	4.14773e+09	3.23533e+09	2.56574e+09	2.06442e+09	1.68242e+09	1.38678e+09	1.15477e+09	9.70418e+08	8.22279e+08	
0	9.67222e+08	1.15097e+09	1.38221e+09	1.67688e+09	2.05762e+09	2.55729e+09	3.22468e+09	4.13407e+09	5.402e+09	7.21747e+09	9.899e+09	1.40076e+10	2.05785e+10	3.13818e+10	2.05785e+10	1.40076e+10	9.899e+09	7.21747e+09	5.402e+09	4.13407e+09	3.22468e+09	2.55729e+09	2.05762e+09	1.67688e+09	1.38221e+09	1.15097e+09	9.67222e+08	8.19571e+08	
0	9.64022e+08	1.14716e+09	1.37764e+09	1.67133e+09	2.05081e+09	2.54883e+09	3.214e+09	4.12039e+09	5.38413e+09	7.19359e+09	9.86625e+09	1.39612e+10	2.05104e+10	3.12779e+10	2.05104e+10	1.39612e+10	9.86625e+09	7.19359e+09	5.38413e+09	4.12039e+09	3.214e+09	2.54883e+09	2.05081e+09	1.67133e+09	1.37764e+09	1.14716e+09	9.64022e+08	8.16859e+08	
0	9.60816e+08	1.14334e+09	1.37305e+09	1.66577e+09	2.04399e+09	2.54035e+09	3.20332e+09	4.10669e+09	5.36623e+09	7.16967e+09	9.83344e+09	1.39148e+10	2.04422e+10	3.11739e+10	2.04422e+10	1.39148e+10	9.83344e+09	7.16967e+09	5.36623e+09	4.10669e+09	3.20332e+09	2.54035e+09	2.04399e+09	1.66577e+09	1.37305e+09	1.14334e+09	9.60816e+08	8.14143e+08	
0	9.57606e+08	1.13952e+09	1.36847e+09	1.66021e+09	2.03716e+09	2.53187e+09	3.19261e+09	4.09297e+09	5.3483e+09	7.14571e+09	9.80058e+09	1.38683e+10	2.03739e+10	3.10698e+10	2.03739e+10	1.38683e+10	9.80058e+09	7.14571e+09	5.3483e+09	4.09297e+09	3.19261e+09	2.53187e+09	2.03716e+09	1.66021e+09	1.36847e+09	1.13952e+09	9.57606e+08	8.11423e+08	
0	9.54391e+08	1.1357e+09	1.36387e+09	1.65463e+09	2.03032e+09	2.52337e+09	3.1819e+09	4.07922e+09	5.33034e+09	7.12172e+09	9.76768e+09	1.38218e+10	2.03054e+10	3.09655e+10	2.03054e+10	1.38218e+10	9.76768e+09	7.12172e+09	5.33034e+09	4.07922e+09	3.1819e+09	2.52337e+09	2.03032e+09	1.65463e+09	1.36387e+09	1.1357e+09	9.54391e+08	8.08698e+08	
0	9.51171e+08	1.13187e+09	1.35927e+09	1.64905e+09	2.02347e+09	2.51485e+09	3.17116e+09	4.06546e+09	5.31236e+09	7.0977e+09	9.73473e+09	1.37751e+10	2.02369e+10	3.0861e+10	2.02369e+10	1.37751e+10	9.73473e+09	7.0977e+09	5.31236e+09	4.06546e+09	3.17116e+09	2.51485e+09	2.02347e+09	1.64905e+09	1.35927e+09	1.13187e+09	9.51171e+08	8.0597e+08	
0	9.47947e+08	1.12803e+09	1.35466e+09	1.64346e+09	2.01661e+09	2.50633e+09	3.16041e+09	4.05168e+09	5.29435e+09	7.07364e+09	9.70173e+09	1.37285e+10	2.01684e+10	3.07564e+10	2.01684e+10	1.37285e+10	9.70173e+09	7.07364e+09	5.29435e+09	4.05168e+09	3.16041e+09	2.50633e+09	2.01661e+09	1.64346e+09	1.35466e+09	1.12803e+09	9.47947e+08	8.03238e+08	
0	9.44719e+08	1.12419e+09	1.35005e+09	1.63786e+09	2.00975e+09	2.49779e+09	3.14965e+09	4.03789e+09	5.27632e+09	7.04955e+09	9.66869e+09	1.36817e+10	2.00997e+10	3.06517e+10	2.00997e+10	1.36817e+10	9.66869e+09	7.04955e+09	5.27632e+09	4.03789e+09	3.14965e+09	2.49779e+09	2.00975e+09	1.63786e+09	1.35005e+09	1.12419e+09	9.44719e+08	8.00503e+08	
0	9.41487e+08	1.12034e+09	1.34543e+09	1.63226e+09	2.00287e+09	2.48925e+09	3.13887e+09	4.02407e+09	5.25827e+09	7.02543e+09	9.63561e+09	1.36349e+10	2.00309e+10	3.05468e+10	2.00309e+10	1.36349e+10	9.63561e+09	7.02543e+09	5.25827e+09	4.02407e+09	3.13887e+09	2.48925e+09	2.00287e+09	1.63226e+09	1.34543e+09	1.12034e+09	9.41487e+08	7.97764e+08	
0	9.3825e+08	1.11649e+09	1.34081e+09	1.62665e+09	1.99599e+09	2.48069e+09	3.12808e+09	4.01024e+09	5.24019e+09	7.00128e+09	9.60249e+09	1.3588e+10	1.99621e+10	3.04418e+10	1.99621e+10	1.3588e+10	9.60249e+09	7.00128e+09	5.24019e+09	4.01024e+09	3.12808e+09	2.48069e+09	1.99599e+09	1.62665e+09	1.34081e+09	1.11649e+09	9.3825e+08	7.95022e+08	
0	9.3501e+08	1.11263e+09	1.33618e+09	1.62103e+09	1.98909e+09	2.47212e+09	3.11728e+09	3.99639e+09	5.2221e+09	6.9771e+09	9.56933e+09	1.35411e+10	1.98931e+10	3.03367e+10	1.98931e+10	1.35411e+10	9.56933e+09	6.9771e+09	5.2221e+09	3.99639e+09	3.11728e+09	2.47212e+09	1.98909e+09	1.62103e+09	1.33618e+09	1.11263e+09	9.3501e+08	7.92276e+08	
0	9.31767e+08	1.10877e+09	1.33154e+09	1.61541e+09	1.98219e+09	2.46355e+09	3.10647e+09	3.98253e+09	5.20398e+09	6.9529e+09	9.53614e+09	1.34941e+10	1.98241e+10	3.02315e+10	1.98241e+10	1.34941e+10	9.53614e+09	6.9529e+09	5.20398e+09	3.98253e+09	3.10647e+09	2.46355e+09	1.98219e+09	1.61541e+09	1.33154e+09	1.10877e+09	9.31767e+08	7.89528e+08	
0	9.28519e+08	1.10491e+09	1.3269e+09	1.60978e+09	1.97529e+09	2.45496e+09	3.09564e+09	3.96865e+09	5.18585e+09	6.92867e+09	9.5029e+09	1.34471e+10	1.9755e+10	3.01261e+10	1.9755e+10	1.34471e+10	9.5029e+09	6.92867e+09	5.18585e+09	3.96865e+09	3.09564e+09	2.45496e+09	1.97529e+09	1.60978e+09	1.3269e+09	1.10491e+09	9.28519e+08	7.86776e+08	
0	9.25269e+08	1.10104e+09	1.32226e+09	1.60414e+09	1.96837e+09	2.44637e+09	3.0848e+09	3.95475e+09	5.16769e+09	6.90441e+09	9.46963e+09	1.34e+10	1.96859e+10	3.00206e+10	1.96859e+10	1.34e+10	9.46963e+09	6.90441e+09	5.16769e+09	3.95475e+09	3.0848e+09	2.44637e+09	1.96837e+09	1.60414e+09	1.32226e+09	1.10104e+09	9.25269e+08	7.84022e+08	
0	9.22015e+08	1.09717e+09	1.31761e+09	1.5985e+09	1.96145e+09	2.43777e+09	3.07396e+09	3.94085e+09	5.14952e+09	6.88013e+09	9.43633e+09	1.33529e+10	1.96166e+10	2.99151e+10	1.96166e+10	1.33529e+10	9.43633e+09	6.88013e+09	5.14952e+09	3.94085e+09	3.07396e+09	2.43777e+09	1.96145e+09	1.5985e+09	1.31761e+09	1.09717e+09	9.22015e+08	7.81265e+08	
0	9.18758e+08	1.0933e+09	1.31295e+09	1.59286e+09	1.95452e+09	2.42916e+09	3.0631e+09	3.92693e+09	5.13133e+09	6.85583e+09	9.403e+09	1.33057e+10	1.95473e+10	2.98094e+10	1.95473e+10	1.33057e+10	9.403e+09	6.85583e+09	5.13133e+09	3.92693e+09	3.0631e+09	2.42916e+09	1.95452e+09	1.59286e+09	1.31295e+09	1.0933e+09	9.18758e+08	7.78505e+08	
0	9.15499e+08	1.08942e+09	1.30829e+09	1.58721e+09	1.94759e+09	2.42054e+09	3.05223e+09	3.91299e+09	5.11312e+09	6.83151e+09	9.36964e+09	1.32585e+10	1.9478e+10	2.97037e+10	1.9478e+10	1.32585e+10	9.36964e+09	6.83151e+09	5.11312e+09	3.91299e+09	3.05223e+09	2.42054e+09	1.94759e+09	1.58721e+09	1.30829e+09	1.08942e+09	9.15499e+08	7.75743e+08	
0	9.12236e+08	1.08553e+09	1.30363e+09	1.58155e+09	1.94064e+09	2.41191e+09	3.04135e+09	3.89905e+09	5.0949e+09	6.80716e+09	9.33625e+09	1.32113e+10	1.94086e+10	2.95978e+10	1.94086e+10	1.32113e+10	9.33625e+09	6.80716e+09	5.0949e+09	3.89905e+09	3.04135e+09	2.41191e+09	1.94064e+09	1.58155e+09	1.30363e+09	1.08553e+09	9.12236e+08	7.72979e+08	
0	9.08971e+08	1.08165e+09	1.29897e+09	1.57589e+09	1.9337e+09	2.40328e+09	3.03047e+09	3.88509e+09	5.07667e+09	6.7828e+09	9.30283e+09	1.3164e+10	1.93391e+10	2.94919e+10	1.93391e+10	1.3164e+10	9.30283e+09	6.7828e+09	5.07667e+09	3.88509e+09	3.03047e+09	2.40328e+09	1.9337e+09	1.57589e+09	1.29897e+09	1.08165e+09	9.08971e+08	7.70212e+08	
0	9.05703e+08	1.07776e+09	1.2943e+09	1.57022e+09	1.92675e+09	2.39464e+09	3.01957e+09	3.87113e+09	5.05842e+09	6.75841e+09	9.26939e+09	1.31167e+10	1.92696e+10	2.93858e+10	1.92696e+10	1.31167e+10	9.26939e+09	6.75841e+09	5.05842e+09	3.87113e+09	3.01957e+09	2.39464e+09	1.92675e+09	1.57022e+09	1.2943e+09	1.07776e+09	9.05703e+08	7.67443e+08	
0	9.02433e+08	1.07387e+09	1.28962e+09	1.56455e+09	1.91979e+09	2.38599e+09	3.00867e+09	3.85715e+09	5.04015e+09	6.73401e+09	9.23592e+09	1.30693e+10	1.92e+10	2.92798e+10	1.92e+10	1.30693e+10	9.23592e+09	6.73401e+09	5.04015e+09	3.85715e+09	3.00867e+09	2.38599e+09	1.91979e+09	1.56455e+09	1.28962e+09	1.07387e+09	9.02433e+08	7.64672e+08	
0	8.99161e+08	1.06998e+09	1.28495e+09	1.55888e+09	1.91283e+09	2.37734e+09	2.99776e+09	3.84316e+09	5.02188e+09	6.70959e+09	9.20243e+09	1.30219e+10	1.91304e+10	2.91736e+10	1.91304e+10	1.30219e+10	9.20243e+09	6.70959e+09	5.02188e+09	3.84316e+09	2.99776e+09	2.37734e+09	1.91283e+09	1.55888e+09	1.28495e+09	1.06998e+09	8.99161e+08	7.619e+08	
0	8.95887e+08	1.06608e+09	1.28027e+09	1.5532e+09	1.90586e+09	2.36868e+09	2.98685e+09	3.82917e+09	5.00359e+09	6.68516e+09	9.16892e+09	1.29745e+10	1.90607e+10	2.90673e+10	1.90607e+10	1.29745e+10	9.16892e+09	6.68516e+09	5.00359e+09	3.82917e+09	2.98685e+09	2.36868e+09	1.90586e+09	1.5532e+09	1.28027e+09	1.06608e+09	8.95887e+08	7.59125e+08	
0	8.9261e+08	1.06218e+09	1.27558e+09	1.54752e+09	1.89889e+09	2.36002e+09	2.97592e+09	3.81517e+09	4.98529e+09	6.66071e+09	9.13539e+09	1.2927e+10	1.8991e+10	2.8961e+10	1.8991e+10	1.2927e+10	9.13539e+09	6.66071e+09	4.98529e+09	3.81517e+09	2.97592e+09	2.36002e+09	1.89889e+09	1.54752e+09	1.27558e+09	1.06218e+09	8.9261e+08	7.56349e+08	
0	8.89332e+08	1.05828e+09	1.2709e+09	1.54184e+09	1.89192e+09	2.35135e+09	2.96499e+09	3.80115e+09	4.96698e+09	6.63625e+09	9.10184e+09	1.28796e+10	1.89213e+10	2.88547e+10	1.89213e+10	1.28796e+10	9.10184e+09	6.63625e+09	4.96698e+09	3.80115e+09	2.96499e+09	2.35135e+09	1.89192e+09	1.54184e+09	1.2709e+09	1.05828e+09	8.89332e+08	7.53571e+08	
0	8.86052e+08	1.05438e+09	1.26621e+09	1.53615e+09	1.88494e+09	2.34268e+09	2.95406e+09	3.78713e+09	4.94866e+09	6.61177e+09	9.06827e+09	1.28321e+10	1.88515e+10	2.87483e+10	1.88515e+10	1.28321e+10	9.06827e+09	6.61177e+09	4.94866e+09	3.78713e+09	2.95406e+09	2.34268e+09	1.88494e+09	1.53615e+09	1.26621e+09	1.05438e+09	8.86052e+08	7.50792e+08	
0	8.82771e+08	1.05047e+09	1.26152e+09	1.53046e+09	1.87796e+09	2.33401e+09	2.94312e+09	3.77311e+09	4.93034e+09	6.58729e+09	9.03469e+09	1.27846e+10	1.87817e+10	2.86418e+10	1.87817e+10	1.27846e+10	9.03469e+09	6.58729e+09	4.93034e+09	3.77311e+09	2.94312e+09	2.33401e+09	1.87796e+09	1.53046e+09	1.26152e+09	1.05047e+09	8.82771e+08	7.48012e+08	
0	8.79488e+08	1.04656e+09	1.25683e+09	1.52477e+09	1.87098e+09	2.32533e+09	2.93217e+09	3.75908e+09	4.912e+09	6.56279e+09	9.00109e+09	1.2737e+10	1.87118e+10	2.85353e+10	1.87118e+10	1.2737e+10	9.00109e+09	6.56279e+09	4.912e+09	3.75908e+09	2.93217e+09	2.32533e+09	1.87098e+09	1.52477e+09	1.25683e+09	1.04656e+09	8.79488e+08	7.4523e+08	
0	8.76204e+08	1.04266e+09	1.25214e+09	1.51908e+09	1.86399e+09	2.31664e+09	2.92122e+09	3.74504e+09	4.89366e+09	6.53829e+09	8.96748e+09	1.26894e+10	1.8642e+10	2.84288e+10	1.8642e+10	1.26894e+10	8.96748e+09	6.53829e+09	4.89366e+09	3.74504e+09	2.92122e+09	2.31664e+09	1.86399e+09	1.51908e+09	1.25214e+09	1.04266e+09	8.76204e+08	7.42447e+08	
0	8.72918e+08	1.03875e+09	1.24744e+09	1.51338e+09	1.857e+09	2.30796e+09	2.91027e+09	3.731e+09	4.87531e+09	6.51377e+09	8.93386e+09	1.26419e+10	1.85721e+10	2.83222e+10	1.85721e+10	1.26419e+10	8.93386e+09	6.51377e+09	4.87531e+09	3.731e+09	2.91027e+09	2.30796e+09	1.857e+09	1.51338e+09	1.24744e+09	1.03875e+09	8.72918e+08	7.39663e+08	
0	8.69632e+08	1.03484e+09	1.24275e+09	1.50769e+09	1.85001e+09	2.29927e+09	2.89931e+09	3.71695e+09	4.85696e+09	6.48925e+09	8.90022e+09	1.25943e+10	1.85021e+10	2.82155e+10	1.85021e+10	1.25943e+10	8.90022e+09	6.48925e+09	4.85696e+09	3.71695e+09	2.89931e+09	2.29927e+09	1.85001e+09	1.50769e+09	1.24275e+09	1.03484e+09	8.69632e+08	7.36879e+08	
0	8.66345e+08	1.03093e+09	1.23805e+09	1.50199e+09	1.84302e+09	2.29058e+09	2.88835e+09	3.7029e+09	4.8386e+09	6.46472e+09	8.86658e+09	1.25467e+10	1.84322e+10	2.81089e+10	1.84322e+10	1.25467e+10	8.86658e+09	6.46472e+09	4.8386e+09	3.7029e+09	2.88835e+09	2.29058e+09	1.84302e+09	1.50199e+09	1.23805e+09	1.03093e+09	8.66345e+08	7.34093e+08	
0	8.63057e+08	1.02701e+09	1.23335e+09	1.49629e+09	1.83602e+09	2.28188e+09	2.87739e+09	3.68885e+09	4.82023e+09	6.44018e+09	8.83293e+09	1.2499e+10	1.83622e+10	2.80022e+10	1.83622e+10	1.2499e+10	8.83293e+09	6.44018e+09	4.82023e+09	3.68885e+09	2.87739e+09	2.28188e+09	1.83602e+09	1.49629e+09	1.23335e+09	1.02701e+09	8.63057e+08	7.31307e+08	
0	8.59768e+08	1.0231e+09	1.22865e+09	1.49058e+09	1.82903e+09	2.27319e+09	2.86643e+09	3.67479e+09	4.80187e+09	6.41564e+09	8.79927e+09	1.24514e+10	1.82923e+10	2.78955e+10	1.82923e+10	1.24514e+10	8.79927e+09	6.41564e+09	4.80187e+09	3.67479e+09	2.86643e+09	2.27319e+09	1.82903e+09	1.49058e+09	1.22865e+09	1.0231e+09	8.59768e+08	7.2852e+08	
0	8.56479e+08	1.01919e+09	1.22395e+09	1.48488e+09	1.82203e+09	2.26449e+09	2.85546e+09	3.66073e+09	4.7835e+09	6.3911e+09	8.76561e+09	1.24038e+10	1.82223e+10	2.77888e+10	1.82223e+10	1.24038e+10	8.76561e+09	6.3911e+09	4.7835e+09	3.66073e+09	2.85546e+09	2.26449e+09	1.82203e+09	1.48488e+09	1.22395e+09	1.01919e+09	8.56479e+08	7.25733e+08	
0	8.5319e+08	1.01527e+09	1.21925e+09	1.47918e+09	1.81503e+09	2.25579e+09	2.8445e+09	3.64667e+09	4.76512e+09	6.36655e+09	8.73194e+09	1.23561e+10	1.81523e+10	2.76821e+10	1.81523e+10	1.23561e+10	8.73194e+09	6.36655e+09	4.76512e+09	3.64667e+09	2.8445e+09	2.25579e+09	1.81503e+09	1.47918e+09	1.21925e+09	1.01527e+09	8.5319e+08	7.22946e+08	
0	8.499e+08	1.01136e+09	1.21455e+09	1.47348e+09	1.80803e+09	2.2471e+09	2.83353e+09	3.63261e+09	4.74675e+09	6.342e+09	8.69827e+09	1.23085e+10	1.80823e+10	2.75753e+10	1.80823e+10	1.23085e+10	8.69827e+09	6.342e+09	4.74675e+09	3.63261e+09	2.83353e+09	2.2471e+09	1.80803e+09	1.47348e+09	1.21455e+09	1.01136e+09	8.499e+08	7.20158e+08	
0	8.4661e+08	1.00744e+09	1.20985e+09	1.46777e+09	1.80103e+09	2.2384e+09	2.82256e+09	3.61855e+09	4.72838e+09	6.31745e+09	8.6646e+09	1.22609e+10	1.80123e+10	2.74686e+10	1.80123e+10	1.22609e+10	8.6646e+09	6.31745e+09	4.72838e+09	3.61855e+09	2.82256e+09	2.2384e+09	1.80103e+09	1.46777e+09	1.20985e+09	1.00744e+09	8.4661e+08	7.17371e+08	
0	8.4332e+08	1.00353e+09	1.20515e+09	1.46207e+09	1.79404e+09	2.2297e+09	2.81159e+09	3.60449e+09	4.71e+09	6.2929e+09	8.63093e+09	1.22132e+10	1.79423e+10	2.73618e+10	1.79423e+10	1.22132e+10	8.63093e+09	6.2929e+09	4.71e+09	3.60449e+09	2.81159e+09	2.2297e+09	1.79404e+09	1.46207e+09	1.20515e+09	1.00353e+09	8.4332e+08	7.14583e+08	
0	8.4003e+08	9.99611e+08	1.20045e+09	1.45636e+09	1.78704e+09	2.221e+09	2.80062e+09	3.59043e+09	4.69163e+09	6.26835e+09	8.59726e+09	1.21656e+10	1.78723e+10	2.72551e+10	1.78723e+10	1.21656e+10	8.59726e+09	6.26835e+09	4.69163e+09	3.59043e+09	2.80062e+09	2.221e+09	1.78704e+09	1.45636e+09	1.20045e+09	9.99611e+08	8.4003e+08	7.11795e+08	
0	8.3674e+08	9.95697e+08	1.19574e+09	1.45066e+09	1.78004e+09	2.2123e+09	2.78965e+09	3.57637e+09	4.67325e+09	6.24381e+09	8.56359e+09	1.21179e+10	1.78023e+10	2.71484e+10	1.78023e+10	1.21179e+10	8.56359e+09	6.24381e+09	4.67325e+09	3.57637e+09	2.78965e+09	2.2123e+09	1.78004e+09	1.45066e+09	1.19574e+09	9.95697e+08	8.3674e+08	7.09008e+08	
0	8.33451e+08	9.91782e+08	1.19104e+09	1.44496e+09	1.77304e+09	2.20361e+09	2.77869e+09	3.56231e+09	4.65488e+09	6.21926e+09	8.52993e+09	1.20703e+10	1.77324e+10	2.70417e+10	1.77324e+10	1.20703e+10	8.52993e+09	6.21926e+09	4.65488e+09	3.56231e+09	2.77869e+09	2.20361e+09	1.77304e+09	1.44496e+09	1.19104e+09	9.91782e+08	8.33451e+08	7.06221e+08	
0	8.30162e+08	9.87869e+08	1.18634e+09	1.43926e+09	1.76605e+09	2.19491e+09	2.76772e+09	3.54825e+09	4.63652e+09	6.19472e+09	8.49627e+09	1.20227e+10	1.76624e+10	2.6935e+10	1.76624e+10	1.20227e+10	8.49627e+09	6.19472e+09	4.63652e+09	3.54825e+09	2.76772e+09	2.19491e+09	1.76605e+09	1.43926e+09	1.18634e+09	9.87869e+08	8.30162e+08	7.03434e+08	
0	8.26874e+08	9.83956e+08	1.18164e+09	1.43356e+09	1.75905e+09	2.18622e+09	2.75676e+09	3.5342e+09	4.61815e+09	6.17019e+09	8.46262e+09	1.1975e+10	1.75924e+10	2.68283e+10	1.75924e+10	1.1975e+10	8.46262e+09	6.17019e+09	4.61815e+09	3.5342e+09	2.75676e+09	2.18622e+09	1.75905e+09	1.43356e+09	1.18164e+09	9.83956e+08	8.26874e+08	7.00648e+08	
0	8.23587e+08	9.80044e+08	1.17695e+09	1.42786e+09	1.75206e+09	2.17753e+09	2.7458e+09	3.52015e+09	4.59979e+09	6.14565e+09	8.42897e+09	1.19274e+10	1.75225e+10	2.67216e+10	1.75225e+10	1.19274e+10	8.42897e+09	6.14565e+09	4.59979e+09	3.52015e+09	2.7458e+09	2.17753e+09	1.75206e+09	1.42786e+09	1.17695e+09	9.80044e+08	8.23587e+08	6.97862e+08	
0	8.203e+08	9.76133e+08	1.17225e+09	1.42216e+09	1.74506e+09	2.16884e+09	2.73484e+09	3.5061e+09	4.58143e+09	6.12113e+09	8.39533e+09	1.18798e+10	1.74526e+10	2.6615e+10	1.74526e+10	1.18798e+10	8.39533e+09	6.12113e+09	4.58143e+09	3.5061e+09	2.73484e+09	2.16884e+09	1.74506e+09	1.42216e+09	1.17225e+09	9.76133e+08	8.203e+08	6.95077e+08	
0	8.17014e+08	9.72223e+08	1.16755e+09	1.41646e+09	1.73807e+09	2.16015e+09	2.72389e+09	3.49206e+09	4.56308e+09	6.09661e+09	8.36171e+09	1.18322e+10	1.73827e+10	2.65084e+10	1.73827e+10	1.18322e+10	8.36171e+09	6.09661e+09	4.56308e+09	3.49206e+09	2.72389e+09	2.16015e+09	1.73807e+09	1.41646e+09	1.16755e+09	9.72223e+08	8.17014e+08	6.92293e+08	
0	8.1373e+08	9.68315e+08	1.16286e+09	1.41077e+09	1.73109e+09	2.15146e+09	2.71294e+09	3.47802e+09	4.54474e+09	6.0721e+09	8.32809e+09	1.17847e+10	1.73128e+10	2.64018e+10	1.73128e+10	1.17847e+10	8.32809e+09	6.0721e+09	4.54474e+09	3.47802e+09	2.71294e+09	2.15146e+09	1.73109e+09	1.41077e+09	1.16286e+09	9.68315e+08	8.1373e+08	6.8951e+08	
0	8.10446e+08	9.64407e+08	1.15817e+09	1.40508e+09	1.7241e+09	2.14278e+09	2.70199e+09	3.46398e+09	4.5264e+09	6.0476e+09	8.29449e+09	1.17371e+10	1.72429e+10	2.62953e+10	1.72429e+10	1.17371e+10	8.29449e+09	6.0476e+09	4.5264e+09	3.46398e+09	2.70199e+09	2.14278e+09	1.7241e+09	1.40508e+09	1.15817e+09	9.64407e+08	8.10446e+08	6.86728e+08	
0	8.07164e+08	9.60502e+08	1.15348e+09	1.39939e+09	1.71712e+09	2.13411e+09	2.69105e+09	3.44995e+09	4.50807e+09	6.02311e+09	8.2609e+09	1.16896e+10	1.71731e+10	2.61888e+10	1.71731e+10	1.16896e+10	8.2609e+09	6.02311e+09	4.50807e+09	3.44995e+09	2.69105e+09	2.13411e+09	1.71712e+09	1.39939e+09	1.15348e+09	9.60502e+08	8.07164e+08	6.83947e+08	
0	8.03883e+08	9.56598e+08	1.14879e+09	1.3937e+09	1.71014e+09	2.12543e+09	2.68011e+09	3.43593e+09	4.48975e+09	5.99863e+09	8.22732e+09	1.16421e+10	1.71033e+10	2.60824e+10	1.71033e+10	1.16421e+10	8.22732e+09	5.99863e+09	4.48975e+09	3.43593e+09	2.68011e+09	2.12543e+09	1.71014e+09	1.3937e+09	1.14879e+09	9.56598e+08	8.03883e+08	6.81167e+08	
0	8.00604e+08	9.52696e+08	1.1441e+09	1.38801e+09	1.70316e+09	2.11676e+09	2.66918e+09	3.42192e+09	4.47143e+09	5.97416e+09	8.19376e+09	1.15946e+10	1.70335e+10	2.5976e+10	1.70335e+10	1.15946e+10	8.19376e+09	5.97416e+09	4.47143e+09	3.42192e+09	2.66918e+09	2.11676e+09	1.70316e+09	1.38801e+09	1.1441e+09	9.52696e+08	8.00604e+08	6.78388e+08	
0	7.97327e+08	9.48795e+08	1.13942e+09	1.38233e+09	1.69619e+09	2.1081e+09	2.65825e+09	3.40791e+09	4.45313e+09	5.9497e+09	8.16021e+09	1.15471e+10	1.69638e+10	2.58696e+10	1.69638e+10	1.15471e+10	8.16021e+09	5.9497e+09	4.45313e+09	3.40791e+09	2.65825e+09	2.1081e+09	1.69619e+09	1.38233e+09	1.13942e+09	9.48795e+08	7.97327e+08	6.75611e+08	
0	7.94051e+08	9.44897e+08	1.13474e+09	1.37665e+09	1.68922e+09	2.09943e+09	2.64733e+09	3.39391e+09	4.43483e+09	5.92526e+09	8.12669e+09	1.14997e+10	1.68941e+10	2.57633e+10	1.68941e+10	1.14997e+10	8.12669e+09	5.92526e+09	4.43483e+09	3.39391e+09	2.64733e+09	2.09943e+09	1.68922e+09	1.37665e+09	1.13474e+09	9.44897e+08	7.94051e+08	6.72835e+08	
0	7.90777e+08	9.41001e+08	1.13006e+09	1.37097e+09	1.68226e+09	2.09078e+09	2.63641e+09	3.37991e+09	4.41654e+09	5.90083e+09	8.09318e+09	1.14523e+10	1.68244e+10	2.56571e+10	1.68244e+10	1.14523e+10	8.09318e+09	5.90083e+09	4.41654e+09	3.37991e+09	2.63641e+09	2.09078e+09	1.68226e+09	1.37097e+09	1.13006e+09	9.41001e+08	7.90777e+08	6.70061e+08	
0	7.87505e+08	9.37108e+08	1.12538e+09	1.3653e+09	1.6753e+09	2.08213e+09	2.62551e+09	3.36593e+09	4.39827e+09	5.87641e+09	8.05969e+09	1.14049e+10	1.67548e+10	2.5551e+10	1.67548e+10	1.14049e+10	8.05969e+09	5.87641e+09	4.39827e+09	3.36593e+09	2.62551e+09	2.08213e+09	1.6753e+09	1.3653e+09	1.12538e+09	9.37108e+08	7.87505e+08	6.67289e+08	
0	7.84235e+08	9.33217e+08	1.12071e+09	1.35963e+09	1.66834e+09	2.07348e+09	2.6146e+09	3.35195e+09	4.38001e+09	5.85201e+09	8.02623e+09	1.13575e+10	1.66852e+10	2.54449e+10	1.66852e+10	1.13575e+10	8.02623e+09	5.85201e+09	4.38001e+09	3.35195e+09	2.6146e+09	2.07348e+09	1.66834e+09	1.35963e+09	1.12071e+09	9.33217e+08	7.84235e+08	6.64518e+08	
0	7.80967e+08	9.29328e+08	1.11604e+09	1.35397e+09	1.66139e+09	2.06484e+09	2.60371e+09	3.33798e+09	4.36176e+09	5.82763e+09	7.99278e+09	1.13102e+10	1.66157e+10	2.53388e+10	1.66157e+10	1.13102e+10	7.99278e+09	5.82763e+09	4.36176e+09	3.33798e+09	2.60371e+09	2.06484e+09	1.66139e+09	1.35397e+09	1.11604e+09	9.29328e+08	7.80967e+08	6.61749e+08	
0	7.77702e+08	9.25442e+08	1.11138e+09	1.34831e+09	1.65444e+09	2.05621e+09	2.59282e+09	3.32403e+09	4.34352e+09	5.80326e+09	7.95936e+09	1.12629e+10	1.65463e+10	2.52329e+10	1.65463e+10	1.12629e+10	7.95936e+09	5.80326e+09	4.34352e+09	3.32403e+09	2.59282e+09	2.05621e+09	1.65444e+09	1.34831e+09	1.11138e+09	9.25442e+08	7.77702e+08	6.58982e+08	
0	7.74439e+08	9.2156e+08	1.10671e+09	1.34265e+09	1.6475e+09	2.04758e+09	2.58194e+09	3.31008e+09	4.3253e+09	5.77891e+09	7.92597e+09	1.12157e+10	1.64768e+10	2.5127e+10	1.64768e+10	1.12157e+10	7.92597e+09	5.77891e+09	4.3253e+09	3.31008e+09	2.58194e+09	2.04758e+09	1.6475e+09	1.34265e+09	1.10671e+09	9.2156e+08	7.74439e+08	6.56217e+08	
0	7.71178e+08	9.1768e+08	1.10205e+09	1.337e+09	1.64057e+09	2.03896e+09	2.57107e+09	3.29615e+09	4.30709e+09	5.75458e+09	7.8926e+09	1.11684e+10	1.64075e+10	2.50212e+10	1.64075e+10	1.11684e+10	7.8926e+09	5.75458e+09	4.30709e+09	3.29615e+09	2.57107e+09	2.03896e+09	1.64057e+09	1.337e+09	1.10205e+09	9.1768e+08	7.71178e+08	6.53454e+08	
0	7.6792e+08	9.13803e+08	1.0974e+09	1.33135e+09	1.63363e+09	2.03035e+09	2.56021e+09	3.28222e+09	4.28889e+09	5.73027e+09	7.85926e+09	1.11213e+10	1.63381e+10	2.49155e+10	1.63381e+10	1.11213e+10	7.85926e+09	5.73027e+09	4.28889e+09	3.28222e+09	2.56021e+09	2.03035e+09	1.63363e+09	1.33135e+09	1.0974e+09	9.13803e+08	7.6792e+08	6.50694e+08	
0	7.64665e+08	9.09929e+08	1.09275e+09	1.3257e+09	1.62671e+09	2.02174e+09	2.54936e+09	3.26831e+09	4.27071e+09	5.70598e+09	7.82594e+09	1.10741e+10	1.62689e+10	2.48099e+10	1.62689e+10	1.10741e+10	7.82594e+09	5.70598e+09	4.27071e+09	3.26831e+09	2.54936e+09	2.02174e+09	1.62671e+09	1.3257e+09	1.09275e+09	9.09929e+08	7.64665e+08	6.47935e+08	
0	7.61413e+08	9.06059e+08	1.0881e+09	1.32007e+09	1.61979e+09	2.01314e+09	2.53852e+09	3.25441e+09	4.25254e+09	5.68171e+09	7.79266e+09	1.1027e+10	1.61997e+10	2.47044e+10	1.61997e+10	1.1027e+10	7.79266e+09	5.68171e+09	4.25254e+09	3.25441e+09	2.53852e+09	2.01314e+09	1.61979e+09	1.32007e+09	1.0881e+09	9.06059e+08	7.61413e+08	6.4518e+08	
0	7.58163e+08	9.02192e+08	1.08345e+09	1.31443e+09	1.61288e+09	2.00455e+09	2.52768e+09	3.24052e+09	4.2344e+09	5.65746e+09	7.7594e+09	1.09799e+10	1.61306e+10	2.4599e+10	1.61306e+10	1.09799e+10	7.7594e+09	5.65746e+09	4.2344e+09	3.24052e+09	2.52768e+09	2.00455e+09	1.61288e+09	1.31443e+09	1.08345e+09	9.02192e+08	7.58163e+08	6.42426e+08	
0	7.54917e+08	8.98329e+08	1.07881e+09	1.3088e+09	1.60597e+09	1.99597e+09	2.51686e+09	3.22664e+09	4.21626e+09	5.63324e+09	7.72617e+09	1.09329e+10	1.60615e+10	2.44936e+10	1.60615e+10	1.09329e+10	7.72617e+09	5.63324e+09	4.21626e+09	3.22664e+09	2.51686e+09	1.99597e+09	1.60597e+09	1.3088e+09	1.07881e+09	8.98329e+08	7.54917e+08	6.39675e+08	
0	7.51674e+08	8.9447e+08	1.07418e+09	1.30318e+09	1.59907e+09	1.98739e+09	2.50605e+09	3.21278e+09	4.19815e+09	5.60903e+09	7.69298e+09	1.0886e+10	1.59925e+10	2.43884e+10	1.59925e+10	1.0886e+10	7.69298e+09	5.60903e+09	4.19815e+09	3.21278e+09	2.50605e+09	1.98739e+09	1.59907e+09	1.30318e+09	1.07418e+09	8.9447e+08	7.51674e+08	6.36927e+08	
0	7.48434e+08	8.90614e+08	1.06955e+09	1.29756e+09	1.59218e+09	1.97882e+09	2.49524e+09	3.19893e+09	4.18005e+09	5.58486e+09	7.65982e+09	1.0839e+10	1.59235e+10	2.42833e+10	1.59235e+10	1.0839e+10	7.65982e+09	5.58486e+09	4.18005e+09	3.19893e+09	2.49524e+09	1.97882e+09	1.59218e+09	1.29756e+09	1.06955e+09	8.90614e+08	7.48434e+08	6.34182e+08	
0	7.45197e+08	8.86762e+08	1.06492e+09	1.29195e+09	1.58529e+09	1.97027e+09	2.48445e+09	3.1851e+09	4.16198e+09	5.5607e+09	7.62669e+09	1.07922e+10	1.58547e+10	2.41783e+10	1.58547e+10	1.07922e+10	7.62669e+09	5.5607e+09	4.16198e+09	3.1851e+09	2.48445e+09	1.97027e+09	1.58529e+09	1.29195e+09	1.06492e+09	8.86762e+08	7.45197e+08	6.31439e+08	
0	7.41963e+08	8.82915e+08	1.0603e+09	1.28635e+09	1.57842e+09	1.96172e+09	2.47367e+09	3.17128e+09	4.14392e+09	5.53658e+09	7.5936e+09	1.07453e+10	1.57859e+10	2.40734e+10	1.57859e+10	1.07453e+10	7.5936e+09	5.53658e+09	4.14392e+09	3.17128e+09	2.47367e+09	1.96172e+09	1.57842e+09	1.28635e+09	1.0603e+09	8.82915e+08	7.41963e+08	6.28699e+08	
0	7.38734e+08	8.79071e+08	1.05569e+09	1.28075e+09	1.57154e+09	1.95318e+09	2.4629e+09	3.15747e+09	4.12588e+09	5.51247e+09	7.56054e+09	1.06986e+10	1.57172e+10	2.39686e+10	1.57172e+10	1.06986e+10	7.56054e+09	5.51247e+09	4.12588e+09	3.15747e+09	2.4629e+09	1.95318e+09	1.57154e+09	1.28075e+09	1.05569e+09	8.79071e+08	7.38734e+08	6.25962e+08	
0	7.35507e+08	8.75232e+08	1.05108e+09	1.27515e+09	1.56468e+09	1.94465e+09	2.45215e+09	3.14368e+09	4.10786e+09	5.4884e+09	7.52753e+09	1.06518e+10	1.56485e+10	2.38639e+10	1.56485e+10	1.06518e+10	7.52753e+09	5.4884e+09	4.10786e+09	3.14368e+09	2.45215e+09	1.94465e+09	1.56468e+09	1.27515e+09	1.05108e+09	8.75232e+08	7.35507e+08	6.23229e+08	
0	7.32285e+08	8.71397e+08	1.04647e+09	1.26957e+09	1.55783e+09	1.93613e+09	2.4414e+09	3.12991e+09	4.08986e+09	5.46435e+09	7.49454e+09	1.06052e+10	1.558e+10	2.37594e+10	1.558e+10	1.06052e+10	7.49454e+09	5.46435e+09	4.08986e+09	3.12991e+09	2.4414e+09	1.93613e+09	1.55783e+09	1.26957e+09	1.04647e+09	8.71397e+08	7.32285e+08	6.20498e+08	
0	7.29066e+08	8.67567e+08	1.04187e+09	1.26399e+09	1.55098e+09	1.92762e+09	2.43067e+09	3.11615e+09	4.07189e+09	5.44033e+09	7.4616e+09	1.05586e+10	1.55115e+10	2.36549e+10	1.55115e+10	1.05586e+10	7.4616e+09	5.44033e+09	4.07189e+09	3.11615e+09	2.43067e+09	1.92762e+09	1.55098e+09	1.26399e+09	1.04187e+09	8.67567e+08	7.29066e+08	6.17771e+08	
0	7.25851e+08	8.63742e+08	1.03728e+09	1.25841e+09	1.54414e+09	1.91912e+09	2.41996e+09	3.10241e+09	4.05393e+09	5.41635e+09	7.4287e+09	1.0512e+10	1.54431e+10	2.35506e+10	1.54431e+10	1.0512e+10	7.4287e+09	5.41635e+09	4.05393e+09	3.10241e+09	2.41996e+09	1.91912e+09	1.54414e+09	1.25841e+09	1.03728e+09	8.63742e+08	7.25851e+08	6.15046e+08	
0	7.2264e+08	8.59921e+08	1.03269e+09	1.25285e+09	1.53731e+09	1.91063e+09	2.40925e+09	3.08869e+09	4.036e+09	5.39239e+09	7.39584e+09	1.04655e+10	1.53748e+10	2.34464e+10	1.53748e+10	1.04655e+10	7.39584e+09	5.39239e+09	4.036e+09	3.08869e+09	2.40925e+09	1.91063e+09	1.53731e+09	1.25285e+09	1.03269e+09	8.59921e+08	7.2264e+08	6.12326e+08	
0	7.19434e+08	8.56105e+08	1.02811e+09	1.24729e+09	1.53049e+09	1.90215e+09	2.39856e+09	3.07498e+09	4.01809e+09	5.36846e+09	7.36302e+09	1.04191e+10	1.53065e+10	2.33424e+10	1.53065e+10	1.04191e+10	7.36302e+09	5.36846e+09	4.01809e+09	3.07498e+09	2.39856e+09	1.90215e+09	1.53049e+09	1.24729e+09	1.02811e+09	8.56105e+08	7.19434e+08	6.09609e+08	
0	7.16231e+08	8.52294e+08	1.02353e+09	1.24173e+09	1.52367e+09	1.89368e+09	2.38788e+09	3.06129e+09	4.0002e+09	5.34456e+09	7.33024e+09	1.03727e+10	1.52384e+10	2.32385e+10	1.52384e+10	1.03727e+10	7.33024e+09	5.34456e+09	4.0002e+09	3.06129e+09	2.38788e+09	1.89368e+09	1.52367e+09	1.24173e+09	1.02353e+09	8.52294e+08	7.16231e+08	6.06895e+08	
0	7.13033e+08	8.48488e+08	1.01896e+09	1.23619e+09	1.51687e+09	1.88523e+09	2.37722e+09	3.04762e+09	3.98234e+09	5.32069e+09	7.29751e+09	1.03264e+10	1.51704e+10	2.31347e+10	1.51704e+10	1.03264e+10	7.29751e+09	5.32069e+09	3.98234e+09	3.04762e+09	2.37722e+09	1.88523e+09	1.51687e+09	1.23619e+09	1.01896e+09	8.48488e+08	7.13033e+08	6.04185e+08	
0	7.09838e+08	8.44687e+08	1.01439e+09	1.23065e+09	1.51007e+09	1.87678e+09	2.36657e+09	3.03397e+09	3.9645e+09	5.29686e+09	7.26482e+09	1.02801e+10	1.51024e+10	2.30311e+10	1.51024e+10	1.02801e+10	7.26482e+09	5.29686e+09	3.9645e+09	3.03397e+09	2.36657e+09	1.87678e+09	1.51007e+09	1.23065e+09	1.01439e+09	8.44687e+08	7.09838e+08	6.01478e+08	
0	7.06649e+08	8.40891e+08	1.00984e+09	1.22512e+09	1.50329e+09	1.86835e+09	2.35594e+09	3.02034e+09	3.94668e+09	5.27306e+09	7.23217e+09	1.02339e+10	1.50345e+10	2.29276e+10	1.50345e+10	1.02339e+10	7.23217e+09	5.27306e+09	3.94668e+09	3.02034e+09	2.35594e+09	1.86835e+09	1.50329e+09	1.22512e+09	1.00984e+09	8.40891e+08	7.06649e+08	5.98775e+08	
0	7.03464e+08	8.37101e+08	1.00529e+09	1.2196e+09	1.49651e+09	1.85993e+09	2.34532e+09	3.00672e+09	3.92889e+09	5.24929e+09	7.19958e+09	1.01878e+10	1.49668e+10	2.28243e+10	1.49668e+10	1.01878e+10	7.19958e+09	5.24929e+09	3.92889e+09	3.00672e+09	2.34532e+09	1.85993e+09	1.49651e+09	1.2196e+09	1.00529e+09	8.37101e+08	7.03464e+08	5.96077e+08	
0	7.00283e+08	8.33317e+08	1.00074e+09	1.21408e+09	1.48975e+09	1.85152e+09	2.33471e+09	2.99313e+09	3.91113e+09	5.22556e+09	7.16703e+09	1.01417e+10	1.48991e+10	2.27211e+10	1.48991e+10	1.01417e+10	7.16703e+09	5.22556e+09	3.91113e+09	2.99313e+09	2.33471e+09	1.85152e+09	1.48975e+09	1.21408e+09	1.00074e+09	8.33317e+08	7.00283e+08	5.93382e+08	
0	6.97108e+08	8.29537e+08	9.96202e+08	1.20858e+09	1.48299e+09	1.84312e+09	2.32412e+09	2.97955e+09	3.89339e+09	5.20186e+09	7.13452e+09	1.00957e+10	1.48315e+10	2.2618e+10	1.48315e+10	1.00957e+10	7.13452e+09	5.20186e+09	3.89339e+09	2.97955e+09	2.32412e+09	1.84312e+09	1.48299e+09	1.20858e+09	9.96202e+08	8.29537e+08	6.97108e+08	5.90691e+08	
0	6.93936e+08	8.25764e+08	9.9167e+08	1.20308e+09	1.47625e+09	1.83474e+09	2.31355e+09	2.966e+09	3.87568e+09	5.1782e+09	7.10207e+09	1.00498e+10	1.47641e+10	2.25151e+10	1.47641e+10	1.00498e+10	7.10207e+09	5.1782e+09	3.87568e+09	2.966e+09	2.31355e+09	1.83474e+09	1.47625e+09	1.20308e+09	9.9167e+08	8.25764e+08	6.93936e+08	5.88004e+08	
0	6.9077e+08	8.21996e+08	9.87146e+08	1.19759e+09	1.46951e+09	1.82637e+09	2.303e+09	2.95247e+09	3.858e+09	5.15457e+09	7.06967e+09	1.00039e+10	1.46967e+10	2.24124e+10	1.46967e+10	1.00039e+10	7.06967e+09	5.15457e+09	3.858e+09	2.95247e+09	2.303e+09	1.82637e+09	1.46951e+09	1.19759e+09	9.87146e+08	8.21996e+08	6.9077e+08	5.85321e+08	
0	6.87609e+08	8.18235e+08	9.82628e+08	1.19211e+09	1.46278e+09	1.81801e+09	2.29246e+09	2.93896e+09	3.84035e+09	5.13098e+09	7.03731e+09	9.95816e+09	1.46295e+10	2.23099e+10	1.46295e+10	9.95816e+09	7.03731e+09	5.13098e+09	3.84035e+09	2.93896e+09	2.29246e+09	1.81801e+09	1.46278e+09	1.19211e+09	9.82628e+08	8.18235e+08	6.87609e+08	5.82642e+08	
0	6.84453e+08	8.14479e+08	9.78118e+08	1.18664e+09	1.45607e+09	1.80966e+09	2.28194e+09	2.92547e+09	3.82272e+09	5.10743e+09	7.00501e+09	9.91245e+09	1.45623e+10	2.22075e+10	1.45623e+10	9.91245e+09	7.00501e+09	5.10743e+09	3.82272e+09	2.92547e+09	2.28194e+09	1.80966e+09	1.45607e+09	1.18664e+09	9.78118e+08	8.14479e+08	6.84453e+08	5.79968e+08	
0	6.81302e+08	8.10729e+08	9.73615e+08	1.18118e+09	1.44937e+09	1.80133e+09	2.27143e+09	2.912e+09	3.80512e+09	5.08392e+09	6.97276e+09	9.86682e+09	1.44953e+10	2.21052e+10	1.44953e+10	9.86682e+09	6.97276e+09	5.08392e+09	3.80512e+09	2.912e+09	2.27143e+09	1.80133e+09	1.44937e+09	1.18118e+09	9.73615e+08	8.10729e+08	6.81302e+08	5.77298e+08	
0	6.78156e+08	8.06986e+08	9.69119e+08	1.17572e+09	1.44267e+09	1.79301e+09	2.26094e+09	2.89855e+09	3.78755e+09	5.06044e+09	6.94056e+09	9.82126e+09	1.44283e+10	2.20031e+10	1.44283e+10	9.82126e+09	6.94056e+09	5.06044e+09	3.78755e+09	2.89855e+09	2.26094e+09	1.79301e+09	1.44267e+09	1.17572e+09	9.69119e+08	8.06986e+08	6.78156e+08	5.74632e+08	
0	6.75015e+08	8.03248e+08	9.64631e+08	1.17028e+09	1.43599e+09	1.78471e+09	2.25047e+09	2.88513e+09	3.77001e+09	5.037e+09	6.90842e+09	9.77577e+09	1.43615e+10	2.19013e+10	1.43615e+10	9.77577e+09	6.90842e+09	5.037e+09	3.77001e+09	2.88513e+09	2.25047e+09	1.78471e+09	1.43599e+09	1.17028e+09	9.64631e+08	8.03248e+08	6.75015e+08	5.71971e+08	
0	6.7188e+08	7.99517e+08	9.6015e+08	1.16484e+09	1.42932e+09	1.77642e+09	2.24002e+09	2.87173e+09	3.7525e+09	5.01361e+09	6.87633e+09	9.73037e+09	1.42948e+10	2.17995e+10	1.42948e+10	9.73037e+09	6.87633e+09	5.01361e+09	3.7525e+09	2.87173e+09	2.24002e+09	1.77642e+09	1.42932e+09	1.16484e+09	9.6015e+08	7.99517e+08	6.7188e+08	5.69314e+08	
0	6.6875e+08	7.95793e+08	9.55678e+08	1.15942e+09	1.42266e+09	1.76814e+09	2.22958e+09	2.85835e+09	3.73502e+09	4.99025e+09	6.8443e+09	9.68504e+09	1.42282e+10	2.1698e+10	1.42282e+10	9.68504e+09	6.8443e+09	4.99025e+09	3.73502e+09	2.85835e+09	2.22958e+09	1.76814e+09	1.42266e+09	1.15942e+09	9.55678e+08	7.95793e+08	6.6875e+08	5.66662e+08	
0	6.65626e+08	7.92075e+08	9.51213e+08	1.154e+09	1.41602e+09	1.75988e+09	2.21917e+09	2.845e+09	3.71757e+09	4.96694e+09	6.81232e+09	9.63979e+09	1.41617e+10	2.15966e+10	1.41617e+10	9.63979e+09	6.81232e+09	4.96694e+09	3.71757e+09	2.845e+09	2.21917e+09	1.75988e+09	1.41602e+09	1.154e+09	9.51213e+08	7.92075e+08	6.65626e+08	5.64015e+08	
0	6.62507e+08	7.88364e+08	9.46756e+08	1.14859e+09	1.40938e+09	1.75164e+09	2.20877e+09	2.83166e+09	3.70015e+09	4.94367e+09	6.7804e+09	9.59462e+09	1.40954e+10	2.14954e+10	1.40954e+10	9.59462e+09	6.7804e+09	4.94367e+09	3.70015e+09	2.83166e+09	2.20877e+09	1.75164e+09	1.40938e+09	1.14859e+09	9.46756e+08	7.88364e+08	6.62507e+08	5.61372e+08	
0	6.59394e+08	7.84659e+08	9.42307e+08	1.14319e+09	1.40276e+09	1.74341e+09	2.19839e+09	2.81836e+09	3.68276e+09	4.92044e+09	6.74854e+09	9.54954e+09	1.40291e+10	2.13944e+10	1.40291e+10	9.54954e+09	6.74854e+09	4.92044e+09	3.68276e+09	2.81836e+09	2.19839e+09	1.74341e+09	1.40276e+09	1.14319e+09	9.42307e+08	7.84659e+08	6.59394e+08	5.58734e+08	
0	6.56286e+08	7.80961e+08	9.37866e+08	1.13781e+09	1.39615e+09	1.73519e+09	2.18803e+09	2.80508e+09	3.6654e+09	4.89725e+09	6.71674e+09	9.50453e+09	1.3963e+10	2.12936e+10	1.3963e+10	9.50453e+09	6.71674e+09	4.89725e+09	3.6654e+09	2.80508e+09	2.18803e+09	1.73519e+09	1.39615e+09	1.13781e+09	9.37866e+08	7.80961e+08	6.56286e+08	5.56101e+08	
0	6.53185e+08	7.7727e+08	9.33434e+08	1.13243e+09	1.38955e+09	1.72699e+09	2.17769e+09	2.79182e+09	3.64808e+09	4.8741e+09	6.685e+09	9.45961e+09	1.3897e+10	2.1193e+10	1.3897e+10	9.45961e+09	6.685e+09	4.8741e+09	3.64808e+09	2.79182e+09	2.17769e+09	1.72699e+09	1.38955e+09	1.13243e+09	9.33434e+08	7.7727e+08	6.53185e+08	5.53473e+08	
0	6.50089e+08	7.73587e+08	9.2901e+08	1.12706e+09	1.38297e+09	1.71881e+09	2.16737e+09	2.77859e+09	3.63079e+09	4.851e+09	6.65331e+09	9.41478e+09	1.38312e+10	2.10925e+10	1.38312e+10	9.41478e+09	6.65331e+09	4.851e+09	3.63079e+09	2.77859e+09	2.16737e+09	1.71881e+09	1.38297e+09	1.12706e+09	9.2901e+08	7.73587e+08	6.50089e+08	5.5085e+08	
0	6.46999e+08	7.6991e+08	9.24594e+08	1.12171e+09	1.37639e+09	1.71064e+09	2.15707e+09	2.76538e+09	3.61353e+09	4.82795e+09	6.62169e+09	9.37003e+09	1.37654e+10	2.09923e+10	1.37654e+10	9.37003e+09	6.62169e+09	4.82795e+09	3.61353e+09	2.76538e+09	2.15707e+09	1.71064e+09	1.37639e+09	1.12171e+09	9.24594e+08	7.6991e+08	6.46999e+08	5.48231e+08	
0	6.43915e+08	7.6624e+08	9.20187e+08	1.11636e+09	1.36983e+09	1.70248e+09	2.14678e+09	2.7522e+09	3.59631e+09	4.80493e+09	6.59013e+09	9.32537e+09	1.36998e+10	2.08922e+10	1.36998e+10	9.32537e+09	6.59013e+09	4.80493e+09	3.59631e+09	2.7522e+09	2.14678e+09	1.70248e+09	1.36983e+09	1.11636e+09	9.20187e+08	7.6624e+08	6.43915e+08	5.45618e+08	
0	6.40837e+08	7.62578e+08	9.15789e+08	1.11102e+09	1.36328e+09	1.69434e+09	2.13652e+09	2.73905e+09	3.57912e+09	4.78197e+09	6.55863e+09	9.2808e+09	1.36343e+10	2.07924e+10	1.36343e+10	9.2808e+09	6.55863e+09	4.78197e+09	3.57912e+09	2.73905e+09	2.13652e+09	1.69434e+09	1.36328e+09	1.11102e+09	9.15789e+08	7.62578e+08	6.40837e+08	5.4301e+08	
0	6.37766e+08	7.58922e+08	9.11399e+08	1.1057e+09	1.35675e+09	1.68622e+09	2.12628e+09	2.72592e+09	3.56197e+09	4.75905e+09	6.52719e+09	9.23631e+09	1.3569e+10	2.06927e+10	1.3569e+10	9.23631e+09	6.52719e+09	4.75905e+09	3.56197e+09	2.72592e+09	2.12628e+09	1.68622e+09	1.35675e+09	1.1057e+09	9.11399e+08	7.58922e+08	6.37766e+08	5.40408e+08	
0	6.347e+08	7.55275e+08	9.07019e+08	1.10038e+09	1.35023e+09	1.67812e+09	2.11606e+09	2.71281e+09	3.54485e+09	4.73617e+09	6.49582e+09	9.19192e+09	1.35038e+10	2.05932e+10	1.35038e+10	9.19192e+09	6.49582e+09	4.73617e+09	3.54485e+09	2.71281e+09	2.11606e+09	1.67812e+09	1.35023e+09	1.10038e+09	9.07019e+08	7.55275e+08	6.347e+08	5.3781e+08	
0	6.31641e+08	7.51634e+08	9.02647e+08	1.09508e+09	1.34372e+09	1.67003e+09	2.10586e+09	2.69974e+09	3.52776e+09	4.71334e+09	6.46451e+09	9.14762e+09	1.34387e+10	2.0494e+10	1.34387e+10	9.14762e+09	6.46451e+09	4.71334e+09	3.52776e+09	2.69974e+09	2.10586e+09	1.67003e+09	1.34372e+09	1.09508e+09	9.02647e+08	7.51634e+08	6.31641e+08	5.35218e+08	
0	6.28588e+08	7.48002e+08	8.98284e+08	1.08979e+09	1.33723e+09	1.66196e+09	2.09569e+09	2.68669e+09	3.51071e+09	4.69056e+09	6.43327e+09	9.10341e+09	1.33737e+10	2.03949e+10	1.33737e+10	9.10341e+09	6.43327e+09	4.69056e+09	3.51071e+09	2.68669e+09	2.09569e+09	1.66196e+09	1.33723e+09	1.08979e+09	8.98284e+08	7.48002e+08	6.28588e+08	5.32631e+08	
0	6.25542e+08	7.44377e+08	8.93931e+08	1.08451e+09	1.33075e+09	1.6539e+09	2.08553e+09	2.67367e+09	3.4937e+09	4.66783e+09	6.40209e+09	9.05929e+09	1.33089e+10	2.02961e+10	1.33089e+10	9.05929e+09	6.40209e+09	4.66783e+09	3.4937e+09	2.67367e+09	2.08553e+09	1.6539e+09	1.33075e+09	1.08451e+09	8.93931e+08	7.44377e+08	6.25542e+08	5.3005e+08	
0	6.22502e+08	7.40759e+08	8.89587e+08	1.07924e+09	1.32428e+09	1.64587e+09	2.07539e+09	2.66068e+09	3.47672e+09	4.64515e+09	6.37098e+09	9.01526e+09	1.32442e+10	2.01975e+10	1.32442e+10	9.01526e+09	6.37098e+09	4.64515e+09	3.47672e+09	2.66068e+09	2.07539e+09	1.64587e+09	1.32428e+09	1.07924e+09	8.89587e+08	7.40759e+08	6.22502e+08	5.27474e+08	
0	6.19469e+08	7.3715e+08	8.85252e+08	1.07398e+09	1.31783e+09	1.63785e+09	2.06528e+09	2.64771e+09	3.45978e+09	4.62251e+09	6.33993e+09	8.97133e+09	1.31797e+10	2.00991e+10	1.31797e+10	8.97133e+09	6.33993e+09	4.62251e+09	3.45978e+09	2.64771e+09	2.06528e+09	1.63785e+09	1.31783e+09	1.07398e+09	8.85252e+08	7.3715e+08	6.19469e+08	5.24904e+08	
0	6.16442e+08	7.33548e+08	8.80927e+08	1.06873e+09	1.31139e+09	1.62984e+09	2.05519e+09	2.63478e+09	3.44287e+09	4.59993e+09	6.30896e+09	8.9275e+09	1.31153e+10	2.00008e+10	1.31153e+10	8.9275e+09	6.30896e+09	4.59993e+09	3.44287e+09	2.63478e+09	2.05519e+09	1.62984e+09	1.31139e+09	1.06873e+09	8.80927e+08	7.33548e+08	6.16442e+08	5.22339e+08	
0	6.13422e+08	7.29954e+08	8.76611e+08	1.06349e+09	1.30496e+09	1.62186e+09	2.04512e+09	2.62187e+09	3.42601e+09	4.57739e+09	6.27805e+09	8.88376e+09	1.30511e+10	1.99029e+10	1.30511e+10	8.88376e+09	6.27805e+09	4.57739e+09	3.42601e+09	2.62187e+09	2.04512e+09	1.62186e+09	1.30496e+09	1.06349e+09	8.76611e+08	7.29954e+08	6.13422e+08	5.1978e+08	
0	6.10409e+08	7.26368e+08	8.72305e+08	1.05827e+09	1.29855e+09	1.61389e+09	2.03508e+09	2.60899e+09	3.40918e+09	4.55491e+09	6.24721e+09	8.84012e+09	1.2987e+10	1.98051e+10	1.2987e+10	8.84012e+09	6.24721e+09	4.55491e+09	3.40918e+09	2.60899e+09	2.03508e+09	1.61389e+09	1.29855e+09	1.05827e+09	8.72305e+08	7.26368e+08	6.10409e+08	5.17227e+08	
0	6.07402e+08	7.22791e+08	8.68008e+08	1.05306e+09	1.29216e+09	1.60594e+09	2.02505e+09	2.59614e+09	3.39238e+09	4.53247e+09	6.21644e+09	8.79658e+09	1.2923e+10	1.97075e+10	1.2923e+10	8.79658e+09	6.21644e+09	4.53247e+09	3.39238e+09	2.59614e+09	2.02505e+09	1.60594e+09	1.29216e+09	1.05306e+09	8.68008e+08	7.22791e+08	6.07402e+08	5.14679e+08	
0	6.04403e+08	7.19221e+08	8.63722e+08	1.04786e+09	1.28578e+09	1.59801e+09	2.01505e+09	2.58332e+09	3.37563e+09	4.51009e+09	6.18574e+09	8.75314e+09	1.28592e+10	1.96102e+10	1.28592e+10	8.75314e+09	6.18574e+09	4.51009e+09	3.37563e+09	2.58332e+09	2.01505e+09	1.59801e+09	1.28578e+09	1.04786e+09	8.63722e+08	7.19221e+08	6.04403e+08	5.12138e+08	
0	6.0141e+08	7.1566e+08	8.59445e+08	1.04267e+09	1.27941e+09	1.5901e+09	2.00507e+09	2.57053e+09	3.35892e+09	4.48776e+09	6.15511e+09	8.7098e+09	1.27955e+10	1.95131e+10	1.27955e+10	8.7098e+09	6.15511e+09	4.48776e+09	3.35892e+09	2.57053e+09	2.00507e+09	1.5901e+09	1.27941e+09	1.04267e+09	8.59445e+08	7.1566e+08	6.0141e+08	5.09602e+08	
0	5.98424e+08	7.12107e+08	8.55178e+08	1.03749e+09	1.27306e+09	1.58221e+09	1.99512e+09	2.55776e+09	3.34224e+09	4.46548e+09	6.12455e+09	8.66655e+09	1.2732e+10	1.94163e+10	1.2732e+10	8.66655e+09	6.12455e+09	4.46548e+09	3.34224e+09	2.55776e+09	1.99512e+09	1.58221e+09	1.27306e+09	1.03749e+09	8.55178e+08	7.12107e+08	5.98424e+08	5.07072e+08	
0	5.95445e+08	7.08562e+08	8.50921e+08	1.03233e+09	1.26672e+09	1.57433e+09	1.98519e+09	2.54503e+09	3.3256e+09	4.44325e+09	6.09406e+09	8.62342e+09	1.26686e+10	1.93196e+10	1.26686e+10	8.62342e+09	6.09406e+09	4.44325e+09	3.3256e+09	2.54503e+09	1.98519e+09	1.57433e+09	1.26672e+09	1.03233e+09	8.50921e+08	7.08562e+08	5.95445e+08	5.04548e+08	
0	5.92474e+08	7.05026e+08	8.46674e+08	1.02717e+09	1.2604e+09	1.56647e+09	1.97528e+09	2.53233e+09	3.30901e+09	4.42107e+09	6.06365e+09	8.58038e+09	1.26054e+10	1.92232e+10	1.26054e+10	8.58038e+09	6.06365e+09	4.42107e+09	3.30901e+09	2.53233e+09	1.97528e+09	1.56647e+09	1.2604e+09	1.02717e+09	8.46674e+08	7.05026e+08	5.92474e+08	5.0203e+08	
0	5.89509e+08	7.01498e+08	8.42438e+08	1.02203e+09	1.25409e+09	1.55863e+09	1.9654e+09	2.51966e+09	3.29245e+09	4.39895e+09	6.03331e+09	8.53745e+09	1.25423e+10	1.9127e+10	1.25423e+10	8.53745e+09	6.03331e+09	4.39895e+09	3.29245e+09	2.51966e+09	1.9654e+09	1.55863e+09	1.25409e+09	1.02203e+09	8.42438e+08	7.01498e+08	5.89509e+08	4.99518e+08	
0	5.86552e+08	6.97979e+08	8.38212e+08	1.01691e+09	1.2478e+09	1.55082e+09	1.95554e+09	2.50702e+09	3.27593e+09	4.37688e+09	6.00304e+09	8.49462e+09	1.24794e+10	1.90311e+10	1.24794e+10	8.49462e+09	6.00304e+09	4.37688e+09	3.27593e+09	2.50702e+09	1.95554e+09	1.55082e+09	1.2478e+09	1.01691e+09	8.38212e+08	6.97979e+08	5.86552e+08	4.97012e+08	
0	5.83602e+08	6.94469e+08	8.33996e+08	1.01179e+09	1.24152e+09	1.54302e+09	1.9457e+09	2.49441e+09	3.25946e+09	4.35487e+09	5.97285e+09	8.45189e+09	1.24166e+10	1.89353e+10	1.24166e+10	8.45189e+09	5.97285e+09	4.35487e+09	3.25946e+09	2.49441e+09	1.9457e+09	1.54302e+09	1.24152e+09	1.01179e+09	8.33996e+08	6.94469e+08	5.83602e+08	4.94512e+08	
0	5.80659e+08	6.90967e+08	8.29791e+08	1.00669e+09	1.23526e+09	1.53524e+09	1.93589e+09	2.48183e+09	3.24302e+09	4.33291e+09	5.94273e+09	8.40927e+09	1.2354e+10	1.88399e+10	1.2354e+10	8.40927e+09	5.94273e+09	4.33291e+09	3.24302e+09	2.48183e+09	1.93589e+09	1.53524e+09	1.23526e+09	1.00669e+09	8.29791e+08	6.90967e+08	5.80659e+08	4.92018e+08	
0	5.77723e+08	6.87474e+08	8.25596e+08	1.0016e+09	1.22902e+09	1.52747e+09	1.9261e+09	2.46929e+09	3.22663e+09	4.31101e+09	5.91269e+09	8.36676e+09	1.22915e+10	1.87446e+10	1.22915e+10	8.36676e+09	5.91269e+09	4.31101e+09	3.22663e+09	2.46929e+09	1.9261e+09	1.52747e+09	1.22902e+09	1.0016e+09	8.25596e+08	6.87474e+08	5.77723e+08	4.89531e+08	
0	5.74795e+08	6.83989e+08	8.21411e+08	9.96526e+08	1.22279e+09	1.51973e+09	1.91634e+09	2.45677e+09	3.21027e+09	4.28916e+09	5.88272e+09	8.32436e+09	1.22292e+10	1.86496e+10	1.22292e+10	8.32436e+09	5.88272e+09	4.28916e+09	3.21027e+09	2.45677e+09	1.91634e+09	1.51973e+09	1.22279e+09	9.96526e+08	8.21411e+08	6.83989e+08	5.74795e+08	4.8705e+08	
0	5.71875e+08	6.80514e+08	8.17238e+08	9.91462e+08	1.21658e+09	1.51201e+09	1.9066e+09	2.44429e+09	3.19396e+09	4.26736e+09	5.85283e+09	8.28206e+09	1.21671e+10	1.85549e+10	1.21671e+10	8.28206e+09	5.85283e+09	4.26736e+09	3.19396e+09	2.44429e+09	1.9066e+09	1.51201e+09	1.21658e+09	9.91462e+08	8.17238e+08	6.80514e+08	5.71875e+08	4.84575e+08	
0	5.68962e+08	6.77048e+08	8.13075e+08	9.86412e+08	1.21038e+09	1.50431e+09	1.89689e+09	2.43184e+09	3.17769e+09	4.24563e+09	5.82302e+09	8.23987e+09	1.21051e+10	1.84603e+10	1.21051e+10	8.23987e+09	5.82302e+09	4.24563e+09	3.17769e+09	2.43184e+09	1.89689e+09	1.50431e+09	1.21038e+09	9.86412e+08	8.13075e+08	6.77048e+08	5.68962e+08	4.82107e+08	
0	5.66056e+08	6.7359e+08	8.08923e+08	9.81375e+08	1.2042e+09	1.49663e+09	1.88721e+09	2.41942e+09	3.16146e+09	4.22394e+09	5.79328e+09	8.19779e+09	1.20433e+10	1.83661e+10	1.20433e+10	8.19779e+09	5.79328e+09	4.22394e+09	3.16146e+09	2.41942e+09	1.88721e+09	1.49663e+09	1.2042e+09	9.81375e+08	8.08923e+08	6.7359e+08	5.66056e+08	4.79645e+08	
0	5.63158e+08	6.70142e+08	8.04781e+08	9.7635e+08	1.19803e+09	1.48896e+09	1.87754e+09	2.40703e+09	3.14528e+09	4.20232e+09	5.76362e+09	8.15582e+09	1.19817e+10	1.8272e+10	1.19817e+10	8.15582e+09	5.76362e+09	4.20232e+09	3.14528e+09	2.40703e+09	1.87754e+09	1.48896e+09	1.19803e+09	9.7635e+08	8.04781e+08	6.70142e+08	5.63158e+08	4.77189e+08	
0	5.60268e+08	6.66702e+08	8.00651e+08	9.7134e+08	1.19189e+09	1.48132e+09	1.86791e+09	2.39468e+09	3.12914e+09	4.18075e+09	5.73404e+09	8.11397e+09	1.19202e+10	1.81783e+10	1.19202e+10	8.11397e+09	5.73404e+09	4.18075e+09	3.12914e+09	2.39468e+09	1.86791e+09	1.48132e+09	1.19189e+09	9.7134e+08	8.00651e+08	6.66702e+08	5.60268e+08	4.7474e+08	
0	5.57385e+08	6.63272e+08	7.96532e+08	9.66342e+08	1.18575e+09	1.4737e+09	1.8583e+09	2.38236e+09	3.11304e+09	4.15924e+09	5.70454e+09	8.07222e+09	1.18588e+10	1.80848e+10	1.18588e+10	8.07222e+09	5.70454e+09	4.15924e+09	3.11304e+09	2.38236e+09	1.8583e+09	1.4737e+09	1.18575e+09	9.66342e+08	7.96532e+08	6.63272e+08	5.57385e+08	4.72298e+08	
0	5.54511e+08	6.59851e+08	7.92424e+08	9.61358e+08	1.17964e+09	1.4661e+09	1.84871e+09	2.37007e+09	3.09698e+09	4.13779e+09	5.67512e+09	8.03059e+09	1.17977e+10	1.79915e+10	1.17977e+10	8.03059e+09	5.67512e+09	4.13779e+09	3.09698e+09	2.37007e+09	1.84871e+09	1.4661e+09	1.17964e+09	9.61358e+08	7.92424e+08	6.59851e+08	5.54511e+08	4.69862e+08	
0	5.51644e+08	6.5644e+08	7.88326e+08	9.56387e+08	1.17354e+09	1.45852e+09	1.83915e+09	2.35782e+09	3.08097e+09	4.1164e+09	5.64578e+09	7.98907e+09	1.17367e+10	1.78985e+10	1.17367e+10	7.98907e+09	5.64578e+09	4.1164e+09	3.08097e+09	2.35782e+09	1.83915e+09	1.45852e+09	1.17354e+09	9.56387e+08	7.88326e+08	6.5644e+08	5.51644e+08	4.67432e+08	
0	5.48784e+08	6.53037e+08	7.84241e+08	9.51431e+08	1.16746e+09	1.45096e+09	1.82962e+09	2.3456e+09	3.065e+09	4.09506e+09	5.61652e+09	7.94766e+09	1.16758e+10	1.78057e+10	1.16758e+10	7.94766e+09	5.61652e+09	4.09506e+09	3.065e+09	2.3456e+09	1.82962e+09	1.45096e+09	1.16746e+09	9.51431e+08	7.84241e+08	6.53037e+08	5.48784e+08	4.6501e+08	
0	5.45933e+08	6.49644e+08	7.80166e+08	9.46487e+08	1.16139e+09	1.44342e+09	1.82012e+09	2.33341e+09	3.04907e+09	4.07379e+09	5.58733e+09	7.90637e+09	1.16152e+10	1.77132e+10	1.16152e+10	7.90637e+09	5.58733e+09	4.07379e+09	3.04907e+09	2.33341e+09	1.82012e+09	1.44342e+09	1.16139e+09	9.46487e+08	7.80166e+08	6.49644e+08	5.45933e+08	4.62594e+08	
0	5.4309e+08	6.46261e+08	7.76103e+08	9.41558e+08	1.15534e+09	1.4359e+09	1.81064e+09	2.32126e+09	3.03319e+09	4.05257e+09	5.55823e+09	7.86519e+09	1.15547e+10	1.76209e+10	1.15547e+10	7.86519e+09	5.55823e+09	4.05257e+09	3.03319e+09	2.32126e+09	1.81064e+09	1.4359e+09	1.15534e+09	9.41558e+08	7.76103e+08	6.46261e+08	5.4309e+08	4.60184e+08	
0	5.40254e+08	6.42887e+08	7.72051e+08	9.36642e+08	1.14931e+09	1.42841e+09	1.80118e+09	2.30914e+09	3.01736e+09	4.03141e+09	5.52922e+09	7.82413e+09	1.14944e+10	1.75289e+10	1.14944e+10	7.82413e+09	5.52922e+09	4.03141e+09	3.01736e+09	2.30914e+09	1.80118e+09	1.42841e+09	1.14931e+09	9.36642e+08	7.72051e+08	6.42887e+08	5.40254e+08	4.57782e+08	
0	5.37427e+08	6.39522e+08	7.6801e+08	9.3174e+08	1.14329e+09	1.42093e+09	1.79176e+09	2.29705e+09	3.00157e+09	4.01031e+09	5.50028e+09	7.78318e+09	1.14342e+10	1.74372e+10	1.14342e+10	7.78318e+09	5.50028e+09	4.01031e+09	3.00157e+09	2.29705e+09	1.79176e+09	1.42093e+09	1.14329e+09	9.3174e+08	7.6801e+08	6.39522e+08	5.37427e+08	4.55386e+08	
0	5.34608e+08	6.36167e+08	7.63981e+08	9.26852e+08	1.1373e+09	1.41348e+09	1.78236e+09	2.285e+09	2.98582e+09	3.98927e+09	5.47142e+09	7.74235e+09	1.13742e+10	1.73457e+10	1.13742e+10	7.74235e+09	5.47142e+09	3.98927e+09	2.98582e+09	2.285e+09	1.78236e+09	1.41348e+09	1.1373e+09	9.26852e+08	7.63981e+08	6.36167e+08	5.34608e+08	4.52997e+08	
0	5.31796e+08	6.32822e+08	7.59964e+08	9.21978e+08	1.13132e+09	1.40605e+09	1.77299e+09	2.27299e+09	2.97012e+09	3.9683e+09	5.44265e+09	7.70164e+09	1.13144e+10	1.72545e+10	1.13144e+10	7.70164e+09	5.44265e+09	3.9683e+09	2.97012e+09	2.27299e+09	1.77299e+09	1.40605e+09	1.13132e+09	9.21978e+08	7.59964e+08	6.32822e+08	5.31796e+08	4.50615e+08	
0	5.28993e+08	6.29487e+08	7.55958e+08	9.17119e+08	1.12535e+09	1.39863e+09	1.76364e+09	2.26101e+09	2.95447e+09	3.94738e+09	5.41397e+09	7.66104e+09	1.12548e+10	1.71636e+10	1.12548e+10	7.66104e+09	5.41397e+09	3.94738e+09	2.95447e+09	2.26101e+09	1.76364e+09	1.39863e+09	1.12535e+09	9.17119e+08	7.55958e+08	6.29487e+08	5.28993e+08	4.4824e+08	
0	5.26198e+08	6.26161e+08	7.51964e+08	9.12273e+08	1.11941e+09	1.39124e+09	1.75432e+09	2.24906e+09	2.93886e+09	3.92652e+09	5.38536e+09	7.62056e+09	1.11953e+10	1.70729e+10	1.11953e+10	7.62056e+09	5.38536e+09	3.92652e+09	2.93886e+09	2.24906e+09	1.75432e+09	1.39124e+09	1.11941e+09	9.12273e+08	7.51964e+08	6.26161e+08	5.26198e+08	4.45872e+08	
0	5.23412e+08	6.22845e+08	7.47982e+08	9.07442e+08	1.11348e+09	1.38388e+09	1.74503e+09	2.23715e+09	2.92329e+09	3.90573e+09	5.35684e+09	7.58021e+09	1.1136e+10	1.69825e+10	1.1136e+10	7.58021e+09	5.35684e+09	3.90573e+09	2.92329e+09	2.23715e+09	1.74503e+09	1.38388e+09	1.11348e+09	9.07442e+08	7.47982e+08	6.22845e+08	5.23412e+08	4.4351e+08	
0	5.20633e+08	6.19538e+08	7.44011e+08	9.02625e+08	1.10757e+09	1.37653e+09	1.73577e+09	2.22527e+09	2.90777e+09	3.885e+09	5.3284e+09	7.53997e+09	1.10769e+10	1.68923e+10	1.10769e+10	7.53997e+09	5.3284e+09	3.885e+09	2.90777e+09	2.22527e+09	1.73577e+09	1.37653e+09	1.10757e+09	9.02625e+08	7.44011e+08	6.19538e+08	5.20633e+08	4.41156e+08	
0	5.17863e+08	6.16242e+08	7.40052e+08	8.97822e+08	1.10168e+09	1.36921e+09	1.72653e+09	2.21343e+09	2.8923e+09	3.86433e+09	5.30005e+09	7.49985e+09	1.1018e+10	1.68024e+10	1.1018e+10	7.49985e+09	5.30005e+09	3.86433e+09	2.8923e+09	2.21343e+09	1.72653e+09	1.36921e+09	1.10168e+09	8.97822e+08	7.40052e+08	6.16242e+08	5.17863e+08	4.38809e+08	
0	5.15101e+08	6.12955e+08	7.36106e+08	8.93034e+08	1.0958e+09	1.3619e+09	1.71732e+09	2.20163e+09	2.87688e+09	3.84372e+09	5.27179e+09	7.45985e+09	1.09592e+10	1.67128e+10	1.09592e+10	7.45985e+09	5.27179e+09	3.84372e+09	2.87688e+09	2.20163e+09	1.71732e+09	1.3619e+09	1.0958e+09	8.93034e+08	7.36106e+08	6.12955e+08	5.15101e+08	4.36469e+08	
0	5.12348e+08	6.09679e+08	7.32171e+08	8.8826e+08	1.08994e+09	1.35462e+09	1.70814e+09	2.18986e+09	2.8615e+09	3.82317e+09	5.24361e+09	7.41997e+09	1.09006e+10	1.66235e+10	1.09006e+10	7.41997e+09	5.24361e+09	3.82317e+09	2.8615e+09	2.18986e+09	1.70814e+09	1.35462e+09	1.08994e+09	8.8826e+08	7.32171e+08	6.09679e+08	5.12348e+08	4.34135e+08	
0	5.09603e+08	6.06412e+08	7.28248e+08	8.83501e+08	1.0841e+09	1.34737e+09	1.69899e+09	2.17813e+09	2.84617e+09	3.80269e+09	5.21551e+09	7.38022e+09	1.08422e+10	1.65344e+10	1.08422e+10	7.38022e+09	5.21551e+09	3.80269e+09	2.84617e+09	2.17813e+09	1.69899e+09	1.34737e+09	1.0841e+09	8.83501e+08	7.28248e+08	6.06412e+08	5.09603e+08	4.31809e+08	
0	5.06866e+08	6.03156e+08	7.24337e+08	8.78756e+08	1.07828e+09	1.34013e+09	1.68987e+09	2.16643e+09	2.83088e+09	3.78226e+09	5.1875e+09	7.34058e+09	1.0784e+10	1.64456e+10	1.0784e+10	7.34058e+09	5.1875e+09	3.78226e+09	2.83088e+09	2.16643e+09	1.68987e+09	1.34013e+09	1.07828e+09	8.78756e+08	7.24337e+08	6.03156e+08	5.06866e+08	4.2949e+08	
0	5.04138e+08	5.99909e+08	7.20438e+08	8.74026e+08	1.07248e+09	1.33292e+09	1.68077e+09	2.15477e+09	2.81564e+09	3.76191e+09	5.15958e+09	7.30107e+09	1.07259e+10	1.63571e+10	1.07259e+10	7.30107e+09	5.15958e+09	3.76191e+09	2.81564e+09	2.15477e+09	1.68077e+09	1.33292e+09	1.07248e+09	8.74026e+08	7.20438e+08	5.99909e+08	5.04138e+08	4.27179e+08	
0	5.01418e+08	5.96673e+08	7.16552e+08	8.69311e+08	1.06669e+09	1.32573e+09	1.67171e+09	2.14314e+09	2.80046e+09	3.74161e+09	5.13175e+09	7.26169e+09	1.06681e+10	1.62689e+10	1.06681e+10	7.26169e+09	5.13175e+09	3.74161e+09	2.80046e+09	2.14314e+09	1.67171e+09	1.32573e+09	1.06669e+09	8.69311e+08	7.16552e+08	5.96673e+08	5.01418e+08	4.24874e+08	
0	4.98707e+08	5.93446e+08	7.12677e+08	8.64611e+08	1.06092e+09	1.31856e+09	1.66267e+09	2.13156e+09	2.78531e+09	3.72138e+09	5.104e+09	7.22242e+09	1.06104e+10	1.61809e+10	1.06104e+10	7.22242e+09	5.104e+09	3.72138e+09	2.78531e+09	2.13156e+09	1.66267e+09	1.31856e+09	1.06092e+09	8.64611e+08	7.12677e+08	5.93446e+08	4.98707e+08	4.22577e+08	
0	4.96004e+08	5.9023e+08	7.08815e+08	8.59925e+08	1.05517e+09	1.31141e+09	1.65366e+09	2.12e+09	2.77022e+09	3.70121e+09	5.07634e+09	7.18328e+09	1.05529e+10	1.60932e+10	1.05529e+10	7.18328e+09	5.07634e+09	3.70121e+09	2.77022e+09	2.12e+09	1.65366e+09	1.31141e+09	1.05517e+09	8.59925e+08	7.08815e+08	5.9023e+08	4.96004e+08	4.20287e+08	
0	4.9331e+08	5.87025e+08	7.04965e+08	8.55254e+08	1.04944e+09	1.30429e+09	1.64467e+09	2.10849e+09	2.75517e+09	3.68111e+09	5.04877e+09	7.14426e+09	1.04956e+10	1.60058e+10	1.04956e+10	7.14426e+09	5.04877e+09	3.68111e+09	2.75517e+09	2.10849e+09	1.64467e+09	1.30429e+09	1.04944e+09	8.55254e+08	7.04965e+08	5.87025e+08	4.9331e+08	4.18004e+08	
0	4.90625e+08	5.83829e+08	7.01127e+08	8.50599e+08	1.04373e+09	1.29719e+09	1.63572e+09	2.09701e+09	2.74017e+09	3.66107e+09	5.02128e+09	7.10537e+09	1.04384e+10	1.59187e+10	1.04384e+10	7.10537e+09	5.02128e+09	3.66107e+09	2.74017e+09	2.09701e+09	1.63572e+09	1.29719e+09	1.04373e+09	8.50599e+08	7.01127e+08	5.83829e+08	4.90625e+08	4.15728e+08	
0	4.87948e+08	5.80644e+08	6.97302e+08	8.45958e+08	1.03804e+09	1.29011e+09	1.6268e+09	2.08557e+09	2.72522e+09	3.6411e+09	4.99389e+09	7.06661e+09	1.03815e+10	1.58318e+10	1.03815e+10	7.06661e+09	4.99389e+09	3.6411e+09	2.72522e+09	2.08557e+09	1.6268e+09	1.29011e+09	1.03804e+09	8.45958e+08	6.97302e+08	5.80644e+08	4.87948e+08	4.1346e+08	
0	4.8528e+08	5.77469e+08	6.93489e+08	8.41332e+08	1.03236e+09	1.28306e+09	1.6179e+09	2.07417e+09	2.71032e+09	3.62119e+09	4.96658e+09	7.02797e+09	1.03247e+10	1.57453e+10	1.03247e+10	7.02797e+09	4.96658e+09	3.62119e+09	2.71032e+09	2.07417e+09	1.6179e+09	1.28306e+09	1.03236e+09	8.41332e+08	6.93489e+08	5.77469e+08	4.8528e+08	4.11199e+08	
0	4.8262e+08	5.74304e+08	6.89689e+08	8.36721e+08	1.0267e+09	1.27603e+09	1.60903e+09	2.0628e+09	2.69547e+09	3.60134e+09	4.93936e+09	6.98945e+09	1.02681e+10	1.5659e+10	1.02681e+10	6.98945e+09	4.93936e+09	3.60134e+09	2.69547e+09	2.0628e+09	1.60903e+09	1.27603e+09	1.0267e+09	8.36721e+08	6.89689e+08	5.74304e+08	4.8262e+08	4.08946e+08	
0	4.7997e+08	5.7115e+08	6.85901e+08	8.32126e+08	1.02106e+09	1.26902e+09	1.6002e+09	2.05147e+09	2.68066e+09	3.58156e+09	4.91223e+09	6.95106e+09	1.02118e+10	1.5573e+10	1.02118e+10	6.95106e+09	4.91223e+09	3.58156e+09	2.68066e+09	2.05147e+09	1.6002e+09	1.26902e+09	1.02106e+09	8.32126e+08	6.85901e+08	5.7115e+08	4.7997e+08	4.067e+08	
0	4.77328e+08	5.68006e+08	6.82125e+08	8.27546e+08	1.01544e+09	1.26203e+09	1.59139e+09	2.04018e+09	2.66591e+09	3.56185e+09	4.88519e+09	6.9128e+09	1.01555e+10	1.54873e+10	1.01555e+10	6.9128e+09	4.88519e+09	3.56185e+09	2.66591e+09	2.04018e+09	1.59139e+09	1.26203e+09	1.01544e+09	8.27546e+08	6.82125e+08	5.68006e+08	4.77328e+08	4.04461e+08	
0	4.74694e+08	5.64873e+08	6.78362e+08	8.2298e+08	1.00984e+09	1.25507e+09	1.58261e+09	2.02892e+09	2.6512e+09	3.5422e+09	4.85825e+09	6.87467e+09	1.00995e+10	1.54018e+10	1.00995e+10	6.87467e+09	4.85825e+09	3.5422e+09	2.6512e+09	2.02892e+09	1.58261e+09	1.25507e+09	1.00984e+09	8.2298e+08	6.78362e+08	5.64873e+08	4.74694e+08	4.0223e+08	
0	4.7207e+08	5.6175e+08	6.74612e+08	8.18431e+08	1.00426e+09	1.24813e+09	1.57386e+09	2.01771e+09	2.63654e+09	3.52262e+09	4.83139e+09	6.83666e+09	1.00437e+10	1.53167e+10	1.00437e+10	6.83666e+09	4.83139e+09	3.52262e+09	2.63654e+09	2.01771e+09	1.57386e+09	1.24813e+09	1.00426e+09	8.18431e+08	6.74612e+08	5.6175e+08	4.7207e+08	4.00006e+08	
0	4.69455e+08	5.58637e+08	6.70874e+08	8.13896e+08	9.98694e+08	1.24122e+09	1.56514e+09	2.00653e+09	2.62194e+09	3.5031e+09	4.80462e+09	6.79878e+09	9.98803e+09	1.52318e+10	9.98803e+09	6.79878e+09	4.80462e+09	3.5031e+09	2.62194e+09	2.00653e+09	1.56514e+09	1.24122e+09	9.98694e+08	8.13896e+08	6.70874e+08	5.58637e+08	4.69455e+08	3.9779e+08	
0	4.66848e+08	5.55535e+08	6.67149e+08	8.09377e+08	9.93149e+08	1.23432e+09	1.55645e+09	1.99539e+09	2.60738e+09	3.48365e+09	4.77794e+09	6.76103e+09	9.93258e+09	1.51472e+10	9.93258e+09	6.76103e+09	4.77794e+09	3.48365e+09	2.60738e+09	1.99539e+09	1.55645e+09	1.23432e+09	9.93149e+08	8.09377e+08	6.67149e+08	5.55535e+08	4.66848e+08	3.95581e+08	
0	4.6425e+08	5.52444e+08	6.63437e+08	8.04873e+08	9.87622e+08	1.22746e+09	1.54779e+09	1.98428e+09	2.59287e+09	3.46426e+09	4.75135e+09	6.72341e+09	9.87731e+09	1.5063e+10	9.87731e+09	6.72341e+09	4.75135e+09	3.46426e+09	2.59287e+09	1.98428e+09	1.54779e+09	1.22746e+09	9.87622e+08	8.04873e+08	6.63437e+08	5.52444e+08	4.6425e+08	3.9338e+08	
0	4.61661e+08	5.49363e+08	6.59737e+08	8.00385e+08	9.82115e+08	1.22061e+09	1.53916e+09	1.97322e+09	2.57841e+09	3.44494e+09	4.72486e+09	6.68592e+09	9.82222e+09	1.4979e+10	9.82222e+09	6.68592e+09	4.72486e+09	3.44494e+09	2.57841e+09	1.97322e+09	1.53916e+09	1.22061e+09	9.82115e+08	8.00385e+08	6.59737e+08	5.49363e+08	4.61661e+08	3.91186e+08	
0	4.59081e+08	5.46293e+08	6.5605e+08	7.95912e+08	9.76626e+08	1.21379e+09	1.53056e+09	1.96219e+09	2.564e+09	3.42569e+09	4.69845e+09	6.64855e+09	9.76733e+09	1.48953e+10	9.76733e+09	6.64855e+09	4.69845e+09	3.42569e+09	2.564e+09	1.96219e+09	1.53056e+09	1.21379e+09	9.76626e+08	7.95912e+08	6.5605e+08	5.46293e+08	4.59081e+08	3.89e+08	
0	4.5651e+08	5.43234e+08	6.52376e+08	7.91454e+08	9.71157e+08	1.20699e+09	1.52198e+09	1.9512e+09	2.54964e+09	3.40651e+09	4.67214e+09	6.61132e+09	9.71263e+09	1.48118e+10	9.71263e+09	6.61132e+09	4.67214e+09	3.40651e+09	2.54964e+09	1.9512e+09	1.52198e+09	1.20699e+09	9.71157e+08	7.91454e+08	6.52376e+08	5.43234e+08	4.5651e+08	3.86822e+08	
0	4.53948e+08	5.40185e+08	6.48715e+08	7.87012e+08	9.65706e+08	1.20022e+09	1.51344e+09	1.94025e+09	2.53533e+09	3.38739e+09	4.64592e+09	6.57421e+09	9.65812e+09	1.47287e+10	9.65812e+09	6.57421e+09	4.64592e+09	3.38739e+09	2.53533e+09	1.94025e+09	1.51344e+09	1.20022e+09	9.65706e+08	7.87012e+08	6.48715e+08	5.40185e+08	4.53948e+08	3.84651e+08	
0	4.51395e+08	5.37147e+08	6.45066e+08	7.82586e+08	9.60275e+08	1.19347e+09	1.50493e+09	1.92934e+09	2.52107e+09	3.36834e+09	4.61979e+09	6.53724e+09	9.6038e+09	1.46459e+10	9.6038e+09	6.53724e+09	4.61979e+09	3.36834e+09	2.52107e+09	1.92934e+09	1.50493e+09	1.19347e+09	9.60275e+08	7.82586e+08	6.45066e+08	5.37147e+08	4.51395e+08	3.82487e+08	
0	4.48851e+08	5.3412e+08	6.41431e+08	7.78175e+08	9.54863e+08	1.18674e+09	1.49645e+09	1.91846e+09	2.50686e+09	3.34935e+09	4.59375e+09	6.50039e+09	9.54968e+09	1.45633e+10	9.54968e+09	6.50039e+09	4.59375e+09	3.34935e+09	2.50686e+09	1.91846e+09	1.49645e+09	1.18674e+09	9.54863e+08	7.78175e+08	6.41431e+08	5.3412e+08	4.48851e+08	3.80332e+08	
0	4.46316e+08	5.31103e+08	6.37808e+08	7.7378e+08	9.4947e+08	1.18004e+09	1.488e+09	1.90763e+09	2.49271e+09	3.33044e+09	4.56781e+09	6.46368e+09	9.49574e+09	1.44811e+10	9.49574e+09	6.46368e+09	4.56781e+09	3.33044e+09	2.49271e+09	1.90763e+09	1.488e+09	1.18004e+09	9.4947e+08	7.7378e+08	6.37808e+08	5.31103e+08	4.46316e+08	3.78184e+08	
0	4.4379e+08	5.28097e+08	6.34198e+08	7.69401e+08	9.44096e+08	1.17336e+09	1.47958e+09	1.89683e+09	2.4786e+09	3.31159e+09	4.54195e+09	6.4271e+09	9.442e+09	1.43991e+10	9.442e+09	6.4271e+09	4.54195e+09	3.31159e+09	2.4786e+09	1.89683e+09	1.47958e+09	1.17336e+09	9.44096e+08	7.69401e+08	6.34198e+08	5.28097e+08	4.4379e+08	3.76043e+08	
0	4.41273e+08	5.25102e+08	6.30601e+08	7.65037e+08	9.38742e+08	1.16671e+09	1.47118e+09	1.88607e+09	2.46454e+09	3.29281e+09	4.51619e+09	6.39065e+09	9.38845e+09	1.43175e+10	9.38845e+09	6.39065e+09	4.51619e+09	3.29281e+09	2.46454e+09	1.88607e+09	1.47118e+09	1.16671e+09	9.38742e+08	7.65037e+08	6.30601e+08	5.25102e+08	4.41273e+08	3.73911e+08	
0	4.38765e+08	5.22118e+08	6.27017e+08	7.60689e+08	9.33407e+08	1.16008e+09	1.46282e+09	1.87536e+09	2.45053e+09	3.27409e+09	4.49053e+09	6.35433e+09	9.33509e+09	1.42361e+10	9.33509e+09	6.35433e+09	4.49053e+09	3.27409e+09	2.45053e+09	1.87536e+09	1.46282e+09	1.16008e+09	9.33407e+08	7.60689e+08	6.27017e+08	5.22118e+08	4.38765e+08	3.71785e+08	
0	4.36266e+08	5.19144e+08	6.23447e+08	7.56357e+08	9.28091e+08	1.15347e+09	1.45449e+09	1.86468e+09	2.43658e+09	3.25545e+09	4.46495e+09	6.31814e+09	9.28193e+09	1.4155e+10	9.28193e+09	6.31814e+09	4.46495e+09	3.25545e+09	2.43658e+09	1.86468e+09	1.45449e+09	1.15347e+09	9.28091e+08	7.56357e+08	6.23447e+08	5.19144e+08	4.36266e+08	3.69668e+08	
0	4.33777e+08	5.16181e+08	6.19889e+08	7.52041e+08	9.22794e+08	1.14689e+09	1.44619e+09	1.85403e+09	2.42267e+09	3.23687e+09	4.43947e+09	6.28208e+09	9.22896e+09	1.40742e+10	9.22896e+09	6.28208e+09	4.43947e+09	3.23687e+09	2.42267e+09	1.85403e+09	1.44619e+09	1.14689e+09	9.22794e+08	7.52041e+08	6.19889e+08	5.16181e+08	4.33777e+08	3.67559e+08	
0	4.31296e+08	5.1323e+08	6.16344e+08	7.4774e+08	9.17517e+08	1.14033e+09	1.43792e+09	1.84343e+09	2.40882e+09	3.21836e+09	4.41409e+09	6.24616e+09	9.17618e+09	1.39938e+10	9.17618e+09	6.24616e+09	4.41409e+09	3.21836e+09	2.40882e+09	1.84343e+09	1.43792e+09	1.14033e+09	9.17517e+08	7.4774e+08	6.16344e+08	5.1323e+08	4.31296e+08	3.65457e+08	
0	4.28825e+08	5.10289e+08	6.12812e+08	7.43456e+08	9.1226e+08	1.13379e+09	1.42968e+09	1.83287e+09	2.39502e+09	3.19992e+09	4.38879e+09	6.21037e+09	9.1236e+09	1.39136e+10	9.1236e+09	6.21037e+09	4.38879e+09	3.19992e+09	2.39502e+09	1.83287e+09	1.42968e+09	1.13379e+09	9.1226e+08	7.43456e+08	6.12812e+08	5.10289e+08	4.28825e+08	3.63363e+08	
0	4.26362e+08	5.07359e+08	6.09293e+08	7.39187e+08	9.07022e+08	1.12728e+09	1.42147e+09	1.82234e+09	2.38126e+09	3.18154e+09	4.36359e+09	6.17471e+09	9.07121e+09	1.38337e+10	9.07121e+09	6.17471e+09	4.36359e+09	3.18154e+09	2.38126e+09	1.82234e+09	1.42147e+09	1.12728e+09	9.07022e+08	7.39187e+08	6.09293e+08	5.07359e+08	4.26362e+08	3.61276e+08	
0	4.23909e+08	5.0444e+08	6.05788e+08	7.34934e+08	9.01803e+08	1.1208e+09	1.41329e+09	1.81186e+09	2.36756e+09	3.16324e+09	4.33849e+09	6.13918e+09	9.01902e+09	1.37541e+10	9.01902e+09	6.13918e+09	4.33849e+09	3.16324e+09	2.36756e+09	1.81186e+09	1.41329e+09	1.1208e+09	9.01803e+08	7.34934e+08	6.05788e+08	5.0444e+08	4.23909e+08	3.59198e+08	
0	4.21465e+08	5.01531e+08	6.02295e+08	7.30697e+08	8.96604e+08	1.11434e+09	1.40515e+09	1.80141e+09	2.35391e+09	3.145e+09	4.31347e+09	6.10379e+09	8.96703e+09	1.36748e+10	8.96703e+09	6.10379e+09	4.31347e+09	3.145e+09	2.35391e+09	1.80141e+09	1.40515e+09	1.11434e+09	8.96604e+08	7.30697e+08	6.02295e+08	5.01531e+08	4.21465e+08	3.57127e+08	
0	4.19031e+08	4.98634e+08	5.98816e+08	7.26476e+08	8.91425e+08	1.1079e+09	1.39703e+09	1.79101e+09	2.34032e+09	3.12683e+09	4.28856e+09	6.06853e+09	8.91522e+09	1.35958e+10	8.91522e+09	6.06853e+09	4.28856e+09	3.12683e+09	2.34032e+09	1.79101e+09	1.39703e+09	1.1079e+09	8.91425e+08	7.26476e+08	5.98816e+08	4.98634e+08	4.19031e+08	3.55064e+08	
0	4.16605e+08	4.95748e+08	5.9535e+08	7.22271e+08	8.86265e+08	1.10149e+09	1.38894e+09	1.78064e+09	2.32677e+09	3.10873e+09	4.26373e+09	6.0334e+09	8.86362e+09	1.35171e+10	8.86362e+09	6.0334e+09	4.26373e+09	3.10873e+09	2.32677e+09	1.78064e+09	1.38894e+09	1.10149e+09	8.86265e+08	7.22271e+08	5.9535e+08	4.95748e+08	4.16605e+08	3.53008e+08	
0	4.14189e+08	4.92873e+08	5.91897e+08	7.18082e+08	8.81124e+08	1.0951e+09	1.38089e+09	1.77031e+09	2.31327e+09	3.0907e+09	4.239e+09	5.99841e+09	8.81221e+09	1.34387e+10	8.81221e+09	5.99841e+09	4.239e+09	3.0907e+09	2.31327e+09	1.77031e+09	1.38089e+09	1.0951e+09	8.81124e+08	7.18082e+08	5.91897e+08	4.92873e+08	4.14189e+08	3.50961e+08	
0	4.11782e+08	4.90008e+08	5.88457e+08	7.13908e+08	8.76004e+08	1.08873e+09	1.37286e+09	1.76002e+09	2.29983e+09	3.07274e+09	4.21437e+09	5.96355e+09	8.761e+09	1.33606e+10	8.761e+09	5.96355e+09	4.21437e+09	3.07274e+09	2.29983e+09	1.76002e+09	1.37286e+09	1.08873e+09	8.76004e+08	7.13908e+08	5.88457e+08	4.90008e+08	4.11782e+08	3.48921e+08	
0	4.09384e+08	4.87155e+08	5.8503e+08	7.09751e+08	8.70903e+08	1.08239e+09	1.36487e+09	1.74978e+09	2.28644e+09	3.05485e+09	4.18983e+09	5.92882e+09	8.70998e+09	1.32828e+10	8.70998e+09	5.92882e+09	4.18983e+09	3.05485e+09	2.28644e+09	1.74978e+09	1.36487e+09	1.08239e+09	8.70903e+08	7.09751e+08	5.8503e+08	4.87155e+08	4.09384e+08	3.4689e+08	
0	4.06995e+08	4.84313e+08	5.81617e+08	7.0561e+08	8.65821e+08	1.07608e+09	1.3569e+09	1.73957e+09	2.2731e+09	3.03702e+09	4.16538e+09	5.89423e+09	8.65916e+09	1.32053e+10	8.65916e+09	5.89423e+09	4.16538e+09	3.03702e+09	2.2731e+09	1.73957e+09	1.3569e+09	1.07608e+09	8.65821e+08	7.0561e+08	5.81617e+08	4.84313e+08	4.06995e+08	3.44866e+08	
0	4.04616e+08	4.81481e+08	5.78217e+08	7.01485e+08	8.6076e+08	1.06979e+09	1.34897e+09	1.7294e+09	2.25981e+09	3.01927e+09	4.14103e+09	5.85977e+09	8.60854e+09	1.31281e+10	8.60854e+09	5.85977e+09	4.14103e+09	3.01927e+09	2.25981e+09	1.7294e+09	1.34897e+09	1.06979e+09	8.6076e+08	7.01485e+08	5.78217e+08	4.81481e+08	4.04616e+08	3.42849e+08	
0	4.02246e+08	4.78661e+08	5.7483e+08	6.97376e+08	8.55718e+08	1.06352e+09	1.34107e+09	1.71927e+09	2.24657e+09	3.00158e+09	4.11677e+09	5.82545e+09	8.55812e+09	1.30512e+10	8.55812e+09	5.82545e+09	4.11677e+09	3.00158e+09	2.24657e+09	1.71927e+09	1.34107e+09	1.06352e+09	8.55718e+08	6.97376e+08	5.7483e+08	4.78661e+08	4.02246e+08	3.40841e+08	
0	3.99885e+08	4.75852e+08	5.71456e+08	6.93283e+08	8.50695e+08	1.05728e+09	1.3332e+09	1.70918e+09	2.23339e+09	2.98397e+09	4.09261e+09	5.79126e+09	8.50789e+09	1.29746e+10	8.50789e+09	5.79126e+09	4.09261e+09	2.98397e+09	2.23339e+09	1.70918e+09	1.3332e+09	1.05728e+09	8.50695e+08	6.93283e+08	5.71456e+08	4.75852e+08	3.99885e+08	3.38841e+08	
0	3.97534e+08	4.73053e+08	5.68096e+08	6.89206e+08	8.45693e+08	1.05106e+09	1.32536e+09	1.69913e+09	2.22025e+09	2.96642e+09	4.06855e+09	5.7572e+09	8.45786e+09	1.28983e+10	8.45786e+09	5.7572e+09	4.06855e+09	2.96642e+09	2.22025e+09	1.69913e+09	1.32536e+09	1.05106e+09	8.45693e+08	6.89206e+08	5.68096e+08	4.73053e+08	3.97534e+08	3.36848e+08	
0	3.95191e+08	4.70266e+08	5.64749e+08	6.85146e+08	8.4071e+08	1.04487e+09	1.31755e+09	1.68911e+09	2.20717e+09	2.94894e+09	4.04457e+09	5.72328e+09	8.40803e+09	1.28223e+10	8.40803e+09	5.72328e+09	4.04457e+09	2.94894e+09	2.20717e+09	1.68911e+09	1.31755e+09	1.04487e+09	8.4071e+08	6.85146e+08	5.64749e+08	4.70266e+08	3.95191e+08	3.34864e+08	
0	3.92859e+08	4.6749e+08	5.61415e+08	6.81101e+08	8.35747e+08	1.0387e+09	1.30977e+09	1.67914e+09	2.19414e+09	2.93153e+09	4.0207e+09	5.6895e+09	8.35839e+09	1.27466e+10	8.35839e+09	5.6895e+09	4.0207e+09	2.93153e+09	2.19414e+09	1.67914e+09	1.30977e+09	1.0387e+09	8.35747e+08	6.81101e+08	5.61415e+08	4.6749e+08	3.92859e+08	3.32887e+08	
0	3.90535e+08	4.64725e+08	5.58094e+08	6.77073e+08	8.30804e+08	1.03256e+09	1.30203e+09	1.66921e+09	2.18117e+09	2.9142e+09	3.99692e+09	5.65584e+09	8.30895e+09	1.26712e+10	8.30895e+09	5.65584e+09	3.99692e+09	2.9142e+09	2.18117e+09	1.66921e+09	1.30203e+09	1.03256e+09	8.30804e+08	6.77073e+08	5.58094e+08	4.64725e+08	3.90535e+08	3.30918e+08	
0	3.88221e+08	4.61971e+08	5.54787e+08	6.7306e+08	8.25881e+08	1.02644e+09	1.29431e+09	1.65932e+09	2.16824e+09	2.89693e+09	3.97323e+09	5.62233e+09	8.25971e+09	1.25962e+10	8.25971e+09	5.62233e+09	3.97323e+09	2.89693e+09	2.16824e+09	1.65932e+09	1.29431e+09	1.02644e+09	8.25881e+08	6.7306e+08	5.54787e+08	4.61971e+08	3.88221e+08	3.28957e+08	
0	3.85916e+08	4.59228e+08	5.51493e+08	6.69064e+08	8.20977e+08	1.02034e+09	1.28663e+09	1.64947e+09	2.15537e+09	2.87973e+09	3.94964e+09	5.58894e+09	8.21067e+09	1.25214e+10	8.21067e+09	5.58894e+09	3.94964e+09	2.87973e+09	2.15537e+09	1.64947e+09	1.28663e+09	1.02034e+09	8.20977e+08	6.69064e+08	5.51493e+08	4.59228e+08	3.85916e+08	3.27004e+08	
0	3.8362e+08	4.56496e+08	5.48212e+08	6.65084e+08	8.16093e+08	1.01427e+09	1.27897e+09	1.63966e+09	2.14254e+09	2.86259e+09	3.92615e+09	5.5557e+09	8.16183e+09	1.24469e+10	8.16183e+09	5.5557e+09	3.92615e+09	2.86259e+09	2.14254e+09	1.63966e+09	1.27897e+09	1.01427e+09	8.16093e+08	6.65084e+08	5.48212e+08	4.56496e+08	3.8362e+08	3.25058e+08	
0	3.81334e+08	4.53776e+08	5.44945e+08	6.6112e+08	8.11229e+08	1.00823e+09	1.27135e+09	1.62988e+09	2.12977e+09	2.84553e+09	3.90275e+09	5.52259e+09	8.11319e+09	1.23727e+10	8.11319e+09	5.52259e+09	3.90275e+09	2.84553e+09	2.12977e+09	1.62988e+09	1.27135e+09	1.00823e+09	8.11229e+08	6.6112e+08	5.44945e+08	4.53776e+08	3.81334e+08	3.23121e+08	
0	3.79056e+08	4.51066e+08	5.41691e+08	6.57172e+08	8.06385e+08	1.00221e+09	1.26376e+09	1.62015e+09	2.11706e+09	2.82854e+09	3.87944e+09	5.48961e+09	8.06474e+09	1.22988e+10	8.06474e+09	5.48961e+09	3.87944e+09	2.82854e+09	2.11706e+09	1.62015e+09	1.26376e+09	1.00221e+09	8.06385e+08	6.57172e+08	5.41691e+08	4.51066e+08	3.79056e+08	3.21192e+08	
0	3.76789e+08	4.48368e+08	5.3845e+08	6.53241e+08	8.01561e+08	9.96212e+08	1.2562e+09	1.61046e+09	2.10439e+09	2.81162e+09	3.85623e+09	5.45677e+09	8.01649e+09	1.22252e+10	8.01649e+09	5.45677e+09	3.85623e+09	2.81162e+09	2.10439e+09	1.61046e+09	1.2562e+09	9.96212e+08	8.01561e+08	6.53241e+08	5.3845e+08	4.48368e+08	3.76789e+08	3.1927e+08	
0	3.7453e+08	4.4568e+08	5.35223e+08	6.49325e+08	7.96757e+08	9.90241e+08	1.24867e+09	1.60081e+09	2.09178e+09	2.79477e+09	3.83312e+09	5.42406e+09	7.96844e+09	1.2152e+10	7.96844e+09	5.42406e+09	3.83312e+09	2.79477e+09	2.09178e+09	1.60081e+09	1.24867e+09	9.90241e+08	7.96757e+08	6.49325e+08	5.35223e+08	4.4568e+08	3.7453e+08	3.17356e+08	
0	3.72281e+08	4.43004e+08	5.32009e+08	6.45426e+08	7.91972e+08	9.84295e+08	1.24117e+09	1.59119e+09	2.07922e+09	2.77799e+09	3.8101e+09	5.39149e+09	7.92059e+09	1.2079e+10	7.92059e+09	5.39149e+09	3.8101e+09	2.77799e+09	2.07922e+09	1.59119e+09	1.24117e+09	9.84295e+08	7.91972e+08	6.45426e+08	5.32009e+08	4.43004e+08	3.72281e+08	3.15451e+08	
0	3.70042e+08	4.40339e+08	5.28808e+08	6.41543e+08	7.87207e+08	9.78373e+08	1.2337e+09	1.58162e+09	2.06671e+09	2.76127e+09	3.78718e+09	5.35905e+09	7.87294e+09	1.20063e+10	7.87294e+09	5.35905e+09	3.78718e+09	2.76127e+09	2.06671e+09	1.58162e+09	1.2337e+09	9.78373e+08	7.87207e+08	6.41543e+08	5.28808e+08	4.40339e+08	3.70042e+08	3.13553e+08	
0	3.67811e+08	4.37684e+08	5.25621e+08	6.37676e+08	7.82463e+08	9.72476e+08	1.22627e+09	1.57209e+09	2.05425e+09	2.74463e+09	3.76435e+09	5.32675e+09	7.82549e+09	1.1934e+10	7.82549e+09	5.32675e+09	3.76435e+09	2.74463e+09	2.05425e+09	1.57209e+09	1.22627e+09	9.72476e+08	7.82463e+08	6.37676e+08	5.25621e+08	4.37684e+08	3.67811e+08	3.11663e+08	
0	3.6559e+08	4.35041e+08	5.22447e+08	6.33825e+08	7.77738e+08	9.66604e+08	1.21886e+09	1.56259e+09	2.04185e+09	2.72806e+09	3.74162e+09	5.29458e+09	7.77823e+09	1.18619e+10	7.77823e+09	5.29458e+09	3.74162e+09	2.72806e+09	2.04185e+09	1.56259e+09	1.21886e+09	9.66604e+08	7.77738e+08	6.33825e+08	5.22447e+08	4.35041e+08	3.6559e+08	3.09781e+08	
0	3.63378e+08	4.3241e+08	5.19286e+08	6.29991e+08	7.73033e+08	9.60756e+08	1.21149e+09	1.55314e+09	2.02949e+09	2.71155e+09	3.71898e+09	5.26255e+09	7.73117e+09	1.17901e+10	7.73117e+09	5.26255e+09	3.71898e+09	2.71155e+09	2.02949e+09	1.55314e+09	1.21149e+09	9.60756e+08	7.73033e+08	6.29991e+08	5.19286e+08	4.3241e+08	3.63378e+08	3.07907e+08	
0	3.61176e+08	4.29789e+08	5.16139e+08	6.26173e+08	7.68347e+08	9.54933e+08	1.20414e+09	1.54373e+09	2.01719e+09	2.69512e+09	3.69644e+09	5.23066e+09	7.68432e+09	1.17187e+10	7.68432e+09	5.23066e+09	3.69644e+09	2.69512e+09	2.01719e+09	1.54373e+09	1.20414e+09	9.54933e+08	7.68347e+08	6.26173e+08	5.16139e+08	4.29789e+08	3.61176e+08	3.06041e+08	
0	3.58983e+08	4.27179e+08	5.13005e+08	6.22371e+08	7.63682e+08	9.49134e+08	1.19683e+09	1.53435e+09	2.00494e+09	2.67875e+09	3.674e+09	5.1989e+09	7.63766e+09	1.16475e+10	7.63766e+09	5.1989e+09	3.674e+09	2.67875e+09	2.00494e+09	1.53435e+09	1.19683e+09	9.49134e+08	7.63682e+08	6.22371e+08	5.13005e+08	4.27179e+08	3.58983e+08	3.04182e+08	
0	3.56799e+08	4.2458e+08	5.09884e+08	6.18585e+08	7.59036e+08	9.43361e+08	1.18955e+09	1.52502e+09	1.99275e+09	2.66246e+09	3.65165e+09	5.16727e+09	7.5912e+09	1.15767e+10	7.5912e+09	5.16727e+09	3.65165e+09	2.66246e+09	1.99275e+09	1.52502e+09	1.18955e+09	9.43361e+08	7.59036e+08	6.18585e+08	5.09884e+08	4.2458e+08	3.56799e+08	3.02332e+08	
0	3.54625e+08	4.21993e+08	5.06777e+08	6.14815e+08	7.54411e+08	9.37612e+08	1.1823e+09	1.51573e+09	1.9806e+09	2.64623e+09	3.6294e+09	5.13578e+09	7.54493e+09	1.15061e+10	7.54493e+09	5.13578e+09	3.6294e+09	2.64623e+09	1.9806e+09	1.51573e+09	1.1823e+09	9.37612e+08	7.54411e+08	6.14815e+08	5.06777e+08	4.21993e+08	3.54625e+08	3.0049e+08	
0	3.5246e+08	4.19417e+08	5.03683e+08	6.11061e+08	7.49805e+08	9.31887e+08	1.17508e+09	1.50647e+09	1.96851e+09	2.63008e+09	3.60724e+09	5.10443e+09	7.49887e+09	1.14359e+10	7.49887e+09	5.10443e+09	3.60724e+09	2.63008e+09	1.96851e+09	1.50647e+09	1.17508e+09	9.31887e+08	7.49805e+08	6.11061e+08	5.03683e+08	4.19417e+08	3.5246e+08	2.98655e+08	
0	3.50304e+08	4.16851e+08	5.00602e+08	6.07324e+08	7.45219e+08	9.26188e+08	1.1679e+09	1.49726e+09	1.95647e+09	2.61399e+09	3.58517e+09	5.07321e+09	7.45301e+09	1.13659e+10	7.45301e+09	5.07321e+09	3.58517e+09	2.61399e+09	1.95647e+09	1.49726e+09	1.1679e+09	9.26188e+08	7.45219e+08	6.07324e+08	5.00602e+08	4.16851e+08	3.50304e+08	2.96828e+08	
0	3.48158e+08	4.14297e+08	4.97535e+08	6.03603e+08	7.40653e+08	9.20513e+08	1.16074e+09	1.48808e+09	1.94448e+09	2.59797e+09	3.56321e+09	5.04212e+09	7.40734e+09	1.12963e+10	7.40734e+09	5.04212e+09	3.56321e+09	2.59797e+09	1.94448e+09	1.48808e+09	1.16074e+09	9.20513e+08	7.40653e+08	6.03603e+08	4.97535e+08	4.14297e+08	3.48158e+08	2.9501e+08	
0	3.4602e+08	4.11754e+08	4.94481e+08	5.99897e+08	7.36106e+08	9.14862e+08	1.15362e+09	1.47895e+09	1.93255e+09	2.58203e+09	3.54133e+09	5.01117e+09	7.36187e+09	1.1227e+10	7.36187e+09	5.01117e+09	3.54133e+09	2.58203e+09	1.93255e+09	1.47895e+09	1.15362e+09	9.14862e+08	7.36106e+08	5.99897e+08	4.94481e+08	4.11754e+08	3.4602e+08	2.93199e+08	
0	3.43893e+08	4.09222e+08	4.9144e+08	5.96209e+08	7.3158e+08	9.09237e+08	1.14652e+09	1.46985e+09	1.92066e+09	2.56615e+09	3.51956e+09	4.98036e+09	7.3166e+09	1.11579e+10	7.3166e+09	4.98036e+09	3.51956e+09	2.56615e+09	1.92066e+09	1.46985e+09	1.14652e+09	9.09237e+08	7.3158e+08	5.96209e+08	4.9144e+08	4.09222e+08	3.43893e+08	2.91396e+08	
0	3.41774e+08	4.06701e+08	4.88412e+08	5.92536e+08	7.27073e+08	9.03635e+08	1.13946e+09	1.4608e+09	1.90883e+09	2.55034e+09	3.49788e+09	4.94968e+09	7.27153e+09	1.10892e+10	7.27153e+09	4.94968e+09	3.49788e+09	2.55034e+09	1.90883e+09	1.4608e+09	1.13946e+09	9.03635e+08	7.27073e+08	5.92536e+08	4.88412e+08	4.06701e+08	3.41774e+08	2.89601e+08	
0	3.39665e+08	4.04191e+08	4.85398e+08	5.88879e+08	7.22586e+08	8.98059e+08	1.13243e+09	1.45178e+09	1.89705e+09	2.5346e+09	3.47629e+09	4.91913e+09	7.22665e+09	1.10207e+10	7.22665e+09	4.91913e+09	3.47629e+09	2.5346e+09	1.89705e+09	1.45178e+09	1.13243e+09	8.98059e+08	7.22586e+08	5.88879e+08	4.85398e+08	4.04191e+08	3.39665e+08	2.87813e+08	
0	3.37565e+08	4.01693e+08	4.82398e+08	5.85239e+08	7.18119e+08	8.92507e+08	1.12543e+09	1.44281e+09	1.88533e+09	2.51893e+09	3.4548e+09	4.88872e+09	7.18198e+09	1.09526e+10	7.18198e+09	4.88872e+09	3.4548e+09	2.51893e+09	1.88533e+09	1.44281e+09	1.12543e+09	8.92507e+08	7.18119e+08	5.85239e+08	4.82398e+08	4.01693e+08	3.37565e+08	2.86034e+08	
0	3.35475e+08	3.99205e+08	4.7941e+08	5.81614e+08	7.13672e+08	8.8698e+08	1.11846e+09	1.43387e+09	1.87365e+09	2.50333e+09	3.4334e+09	4.85844e+09	7.1375e+09	1.08848e+10	7.1375e+09	4.85844e+09	3.4334e+09	2.50333e+09	1.87365e+09	1.43387e+09	1.11846e+09	8.8698e+08	7.13672e+08	5.81614e+08	4.7941e+08	3.99205e+08	3.35475e+08	2.84263e+08	
0	3.33393e+08	3.96728e+08	4.76436e+08	5.78006e+08	7.09244e+08	8.81477e+08	1.11152e+09	1.42498e+09	1.86203e+09	2.4878e+09	3.4121e+09	4.8283e+09	7.09322e+09	1.08173e+10	7.09322e+09	4.8283e+09	3.4121e+09	2.4878e+09	1.86203e+09	1.42498e+09	1.11152e+09	8.81477e+08	7.09244e+08	5.78006e+08	4.76436e+08	3.96728e+08	3.33393e+08	2.82499e+08	
0	3.31321e+08	3.94263e+08	4.73475e+08	5.74414e+08	7.04836e+08	8.75999e+08	1.10461e+09	1.41612e+09	1.85045e+09	2.47234e+09	3.3909e+09	4.7983e+09	7.04914e+09	1.075e+10	7.04914e+09	4.7983e+09	3.3909e+09	2.47234e+09	1.85045e+09	1.41612e+09	1.10461e+09	8.75999e+08	7.04836e+08	5.74414e+08	4.73475e+08	3.94263e+08	3.31321e+08	2.80744e+08	
0	3.29259e+08	3.91808e+08	4.70527e+08	5.70838e+08	7.00448e+08	8.70545e+08	1.09773e+09	1.40731e+09	1.83893e+09	2.45695e+09	3.36979e+09	4.76842e+09	7.00525e+09	1.06831e+10	7.00525e+09	4.76842e+09	3.36979e+09	2.45695e+09	1.83893e+09	1.40731e+09	1.09773e+09	8.70545e+08	7.00448e+08	5.70838e+08	4.70527e+08	3.91808e+08	3.29259e+08	2.78996e+08	
0	3.27205e+08	3.89365e+08	4.67593e+08	5.67278e+08	6.9608e+08	8.65116e+08	1.09089e+09	1.39853e+09	1.82746e+09	2.44163e+09	3.34877e+09	4.73868e+09	6.96156e+09	1.06165e+10	6.96156e+09	4.73868e+09	3.34877e+09	2.44163e+09	1.82746e+09	1.39853e+09	1.09089e+09	8.65116e+08	6.9608e+08	5.67278e+08	4.67593e+08	3.89365e+08	3.27205e+08	2.77256e+08	
0	3.25161e+08	3.86932e+08	4.64672e+08	5.63734e+08	6.91731e+08	8.59711e+08	1.08407e+09	1.38979e+09	1.81605e+09	2.42637e+09	3.32785e+09	4.70908e+09	6.91807e+09	1.05502e+10	6.91807e+09	4.70908e+09	3.32785e+09	2.42637e+09	1.81605e+09	1.38979e+09	1.08407e+09	8.59711e+08	6.91731e+08	5.63734e+08	4.64672e+08	3.86932e+08	3.25161e+08	2.75524e+08	
0	3.23126e+08	3.84511e+08	4.61764e+08	5.60206e+08	6.87402e+08	8.54331e+08	1.07729e+09	1.3811e+09	1.80468e+09	2.41119e+09	3.30702e+09	4.67961e+09	6.87478e+09	1.04841e+10	6.87478e+09	4.67961e+09	3.30702e+09	2.41119e+09	1.80468e+09	1.3811e+09	1.07729e+09	8.54331e+08	6.87402e+08	5.60206e+08	4.61764e+08	3.84511e+08	3.23126e+08	2.73799e+08	
0	3.21101e+08	3.821e+08	4.58869e+08	5.56694e+08	6.83093e+08	8.48975e+08	1.07053e+09	1.37244e+09	1.79337e+09	2.39607e+09	3.28629e+09	4.65027e+09	6.83168e+09	1.04184e+10	6.83168e+09	4.65027e+09	3.28629e+09	2.39607e+09	1.79337e+09	1.37244e+09	1.07053e+09	8.48975e+08	6.83093e+08	5.56694e+08	4.58869e+08	3.821e+08	3.21101e+08	2.72083e+08	
0	3.19084e+08	3.79701e+08	4.55987e+08	5.53198e+08	6.78803e+08	8.43644e+08	1.06381e+09	1.36382e+09	1.78211e+09	2.38103e+09	3.26566e+09	4.62107e+09	6.78878e+09	1.0353e+10	6.78878e+09	4.62107e+09	3.26566e+09	2.38103e+09	1.78211e+09	1.36382e+09	1.06381e+09	8.43644e+08	6.78803e+08	5.53198e+08	4.55987e+08	3.79701e+08	3.19084e+08	2.70374e+08	
0	3.17077e+08	3.77312e+08	4.53119e+08	5.49718e+08	6.74533e+08	8.38337e+08	1.05712e+09	1.35524e+09	1.7709e+09	2.36605e+09	3.24511e+09	4.592e+09	6.74607e+09	1.02879e+10	6.74607e+09	4.592e+09	3.24511e+09	2.36605e+09	1.7709e+09	1.35524e+09	1.05712e+09	8.38337e+08	6.74533e+08	5.49718e+08	4.53119e+08	3.77312e+08	3.17077e+08	2.68674e+08	
0	3.15079e+08	3.74935e+08	4.50264e+08	5.46254e+08	6.70283e+08	8.33055e+08	1.05046e+09	1.3467e+09	1.75974e+09	2.35114e+09	3.22467e+09	4.56307e+09	6.70357e+09	1.0223e+10	6.70357e+09	4.56307e+09	3.22467e+09	2.35114e+09	1.75974e+09	1.3467e+09	1.05046e+09	8.33055e+08	6.70283e+08	5.46254e+08	4.50264e+08	3.74935e+08	3.15079e+08	2.66981e+08	
0	3.1309e+08	3.72568e+08	4.47422e+08	5.42806e+08	6.66052e+08	8.27797e+08	1.04383e+09	1.3382e+09	1.74863e+09	2.3363e+09	3.20431e+09	4.53427e+09	6.66125e+09	1.01585e+10	6.66125e+09	4.53427e+09	3.20431e+09	2.3363e+09	1.74863e+09	1.3382e+09	1.04383e+09	8.27797e+08	6.66052e+08	5.42806e+08	4.47422e+08	3.72568e+08	3.1309e+08	2.65296e+08	
0	3.11111e+08	3.70213e+08	4.44593e+08	5.39374e+08	6.61841e+08	8.22563e+08	1.03723e+09	1.32974e+09	1.73758e+09	2.32153e+09	3.18405e+09	4.5056e+09	6.61914e+09	1.00943e+10	6.61914e+09	4.5056e+09	3.18405e+09	2.32153e+09	1.73758e+09	1.32974e+09	1.03723e+09	8.22563e+08	6.61841e+08	5.39374e+08	4.44593e+08	3.70213e+08	3.11111e+08	2.63618e+08	
0	3.0914e+08	3.67868e+08	4.41777e+08	5.35958e+08	6.5765e+08	8.17353e+08	1.03066e+09	1.32132e+09	1.72657e+09	2.30682e+09	3.16389e+09	4.47706e+09	6.57722e+09	1.00304e+10	6.57722e+09	4.47706e+09	3.16389e+09	2.30682e+09	1.72657e+09	1.32132e+09	1.03066e+09	8.17353e+08	6.5765e+08	5.35958e+08	4.41777e+08	3.67868e+08	3.0914e+08	2.61949e+08	
0	3.07179e+08	3.65534e+08	4.38975e+08	5.32558e+08	6.53478e+08	8.12168e+08	1.02412e+09	1.31294e+09	1.71562e+09	2.29219e+09	3.14382e+09	4.44866e+09	6.53549e+09	9.96673e+09	6.53549e+09	4.44866e+09	3.14382e+09	2.29219e+09	1.71562e+09	1.31294e+09	1.02412e+09	8.12168e+08	6.53478e+08	5.32558e+08	4.38975e+08	3.65534e+08	3.07179e+08	2.60287e+08	
0	3.05227e+08	3.63212e+08	4.36185e+08	5.29174e+08	6.49325e+08	8.07007e+08	1.01761e+09	1.30459e+09	1.70472e+09	2.27762e+09	3.12384e+09	4.42039e+09	6.49396e+09	9.9034e+09	6.49396e+09	4.42039e+09	3.12384e+09	2.27762e+09	1.70472e+09	1.30459e+09	1.01761e+09	8.07007e+08	6.49325e+08	5.29174e+08	4.36185e+08	3.63212e+08	3.05227e+08	2.58633e+08	
0	3.03284e+08	3.609e+08	4.33409e+08	5.25806e+08	6.45192e+08	8.0187e+08	1.01114e+09	1.29629e+09	1.69387e+09	2.26313e+09	3.10396e+09	4.39226e+09	6.45263e+09	9.84036e+09	6.45263e+09	4.39226e+09	3.10396e+09	2.26313e+09	1.69387e+09	1.29629e+09	1.01114e+09	8.0187e+08	6.45192e+08	5.25806e+08	4.33409e+08	3.609e+08	3.03284e+08	2.56987e+08	
0	3.01351e+08	3.58599e+08	4.30645e+08	5.22454e+08	6.41078e+08	7.96758e+08	1.00469e+09	1.28802e+09	1.68307e+09	2.2487e+09	3.08417e+09	4.36425e+09	6.41149e+09	9.77763e+09	6.41149e+09	4.36425e+09	3.08417e+09	2.2487e+09	1.68307e+09	1.28802e+09	1.00469e+09	7.96758e+08	6.41078e+08	5.22454e+08	4.30645e+08	3.58599e+08	3.01351e+08	2.55348e+08	
0	2.99426e+08	3.56308e+08	4.27895e+08	5.19117e+08	6.36984e+08	7.9167e+08	9.98274e+08	1.2798e+09	1.67232e+09	2.23434e+09	3.06447e+09	4.33638e+09	6.37054e+09	9.71518e+09	6.37054e+09	4.33638e+09	3.06447e+09	2.23434e+09	1.67232e+09	1.2798e+09	9.98274e+08	7.9167e+08	6.36984e+08	5.19117e+08	4.27895e+08	3.56308e+08	2.99426e+08	2.53717e+08	
0	2.97511e+08	3.54029e+08	4.25158e+08	5.15796e+08	6.3291e+08	7.86605e+08	9.91888e+08	1.27161e+09	1.66162e+09	2.22004e+09	3.04487e+09	4.30864e+09	6.32979e+09	9.65304e+09	6.32979e+09	4.30864e+09	3.04487e+09	2.22004e+09	1.66162e+09	1.27161e+09	9.91888e+08	7.86605e+08	6.3291e+08	5.15796e+08	4.25158e+08	3.54029e+08	2.97511e+08	2.52094e+08	
0	2.95605e+08	3.51761e+08	4.22434e+08	5.12491e+08	6.28854e+08	7.81565e+08	9.85532e+08	1.26346e+09	1.65097e+09	2.20582e+09	3.02536e+09	4.28103e+09	6.28923e+09	9.59119e+09	6.28923e+09	4.28103e+09	3.02536e+09	2.20582e+09	1.65097e+09	1.26346e+09	9.85532e+08	7.81565e+08	6.28854e+08	5.12491e+08	4.22434e+08	3.51761e+08	2.95605e+08	2.50479e+08	
0	2.93707e+08	3.49503e+08	4.19723e+08	5.09202e+08	6.24818e+08	7.76549e+08	9.79207e+08	1.25535e+09	1.64038e+09	2.19166e+09	3.00594e+09	4.25356e+09	6.24887e+09	9.52963e+09	6.24887e+09	4.25356e+09	3.00594e+09	2.19166e+09	1.64038e+09	1.25535e+09	9.79207e+08	7.76549e+08	6.24818e+08	5.09202e+08	4.19723e+08	3.49503e+08	2.93707e+08	2.48872e+08	
0	2.91819e+08	3.47256e+08	4.17024e+08	5.05929e+08	6.20802e+08	7.71557e+08	9.72912e+08	1.24728e+09	1.62983e+09	2.17757e+09	2.98662e+09	4.22621e+09	6.2087e+09	9.46837e+09	6.2087e+09	4.22621e+09	2.98662e+09	2.17757e+09	1.62983e+09	1.24728e+09	9.72912e+08	7.71557e+08	6.20802e+08	5.05929e+08	4.17024e+08	3.47256e+08	2.91819e+08	2.47272e+08	
0	2.8994e+08	3.4502e+08	4.14339e+08	5.02671e+08	6.16804e+08	7.66589e+08	9.66648e+08	1.23925e+09	1.61934e+09	2.16355e+09	2.96738e+09	4.199e+09	6.16872e+09	9.4074e+09	6.16872e+09	4.199e+09	2.96738e+09	2.16355e+09	1.61934e+09	1.23925e+09	9.66648e+08	7.66589e+08	6.16804e+08	5.02671e+08	4.14339e+08	3.4502e+08	2.8994e+08	2.45679e+08	
0	2.8807e+08	3.42795e+08	4.11667e+08	4.99429e+08	6.12826e+08	7.61645e+08	9.60413e+08	1.23126e+09	1.60889e+09	2.1496e+09	2.94825e+09	4.17192e+09	6.12893e+09	9.34673e+09	6.12893e+09	4.17192e+09	2.94825e+09	2.1496e+09	1.60889e+09	1.23126e+09	9.60413e+08	7.61645e+08	6.12826e+08	4.99429e+08	4.11667e+08	3.42795e+08	2.8807e+08	2.44095e+08	
0	2.86209e+08	3.40581e+08	4.09008e+08	4.96203e+08	6.08867e+08	7.56725e+08	9.54209e+08	1.22331e+09	1.5985e+09	2.13571e+09	2.9292e+09	4.14497e+09	6.08934e+09	9.28635e+09	6.08934e+09	4.14497e+09	2.9292e+09	2.13571e+09	1.5985e+09	1.22331e+09	9.54209e+08	7.56725e+08	6.08867e+08	4.96203e+08	4.09008e+08	3.40581e+08	2.86209e+08	2.42518e+08	
0	2.84357e+08	3.38377e+08	4.06361e+08	4.92992e+08	6.04928e+08	7.51828e+08	9.48035e+08	1.21539e+09	1.58816e+09	2.12189e+09	2.91025e+09	4.11815e+09	6.04994e+09	9.22627e+09	6.04994e+09	4.11815e+09	2.91025e+09	2.12189e+09	1.58816e+09	1.21539e+09	9.48035e+08	7.51828e+08	6.04928e+08	4.92992e+08	4.06361e+08	3.38377e+08	2.84357e+08	2.40949e+08	
0	2.82515e+08	3.36184e+08	4.03728e+08	4.89797e+08	6.01007e+08	7.46956e+08	9.41891e+08	1.20751e+09	1.57786e+09	2.10814e+09	2.89139e+09	4.09146e+09	6.01073e+09	9.16647e+09	6.01073e+09	4.09146e+09	2.89139e+09	2.10814e+09	1.57786e+09	1.20751e+09	9.41891e+08	7.46956e+08	6.01007e+08	4.89797e+08	4.03728e+08	3.36184e+08	2.82515e+08	2.39387e+08	
0	2.80681e+08	3.34002e+08	4.01107e+08	4.86618e+08	5.97106e+08	7.42107e+08	9.35777e+08	1.19968e+09	1.56762e+09	2.09446e+09	2.87262e+09	4.0649e+09	5.97171e+09	9.10697e+09	5.97171e+09	4.0649e+09	2.87262e+09	2.09446e+09	1.56762e+09	1.19968e+09	9.35777e+08	7.42107e+08	5.97106e+08	4.86618e+08	4.01107e+08	3.34002e+08	2.80681e+08	2.37833e+08	
0	2.78856e+08	3.3183e+08	3.98499e+08	4.83454e+08	5.93224e+08	7.37282e+08	9.29693e+08	1.19188e+09	1.55743e+09	2.08084e+09	2.85394e+09	4.03847e+09	5.93289e+09	9.04776e+09	5.93289e+09	4.03847e+09	2.85394e+09	2.08084e+09	1.55743e+09	1.19188e+09	9.29693e+08	7.37282e+08	5.93224e+08	4.83454e+08	3.98499e+08	3.3183e+08	2.78856e+08	2.36287e+08	
0	2.7704e+08	3.29669e+08	3.95904e+08	4.80306e+08	5.89361e+08	7.32481e+08	9.23639e+08	1.18411e+09	1.54729e+09	2.06729e+09	2.83536e+09	4.01218e+09	5.89425e+09	8.98884e+09	5.89425e+09	4.01218e+09	2.83536e+09	2.06729e+09	1.54729e+09	1.18411e+09	9.23639e+08	7.32481e+08	5.89361e+08	4.80306e+08	3.95904e+08	3.29669e+08	2.7704e+08	2.34748e+08	
0	2.75233e+08	3.27519e+08	3.93322e+08	4.77173e+08	5.85517e+08	7.27703e+08	9.17614e+08	1.17639e+09	1.5372e+09	2.0538e+09	2.81686e+09	3.98601e+09	5.85581e+09	8.93022e+09	5.85581e+09	3.98601e+09	2.81686e+09	2.0538e+09	1.5372e+09	1.17639e+09	9.17614e+08	7.27703e+08	5.85517e+08	4.77173e+08	3.93322e+08	3.27519e+08	2.75233e+08	2.33217e+08	
0	2.73435e+08	3.2538e+08	3.90752e+08	4.74056e+08	5.81692e+08	7.2295e+08	9.1162e+08	1.16871e+09	1.52715e+09	2.04039e+09	2.79846e+09	3.95997e+09	5.81755e+09	8.87188e+09	5.81755e+09	3.95997e+09	2.79846e+09	2.04039e+09	1.52715e+09	1.16871e+09	9.1162e+08	7.2295e+08	5.81692e+08	4.74056e+08	3.90752e+08	3.2538e+08	2.73435e+08	2.31694e+08	
0	2.71646e+08	3.23251e+08	3.88196e+08	4.70954e+08	5.77886e+08	7.18219e+08	9.05655e+08	1.16106e+09	1.51716e+09	2.02704e+09	2.78015e+09	3.93406e+09	5.77949e+09	8.81383e+09	5.77949e+09	3.93406e+09	2.78015e+09	2.02704e+09	1.51716e+09	1.16106e+09	9.05655e+08	7.18219e+08	5.77886e+08	4.70954e+08	3.88196e+08	3.23251e+08	2.71646e+08	2.30178e+08	
0	2.69866e+08	3.21132e+08	3.85652e+08	4.67868e+08	5.74098e+08	7.13512e+08	8.9972e+08	1.15345e+09	1.50722e+09	2.01375e+09	2.76193e+09	3.90827e+09	5.74161e+09	8.75607e+09	5.74161e+09	3.90827e+09	2.76193e+09	2.01375e+09	1.50722e+09	1.15345e+09	8.9972e+08	7.13512e+08	5.74098e+08	4.67868e+08	3.85652e+08	3.21132e+08	2.69866e+08	2.28669e+08	
0	2.68094e+08	3.19024e+08	3.8312e+08	4.64797e+08	5.7033e+08	7.08829e+08	8.93814e+08	1.14588e+09	1.49733e+09	2.00054e+09	2.7438e+09	3.88262e+09	5.70393e+09	8.6986e+09	5.70393e+09	3.88262e+09	2.7438e+09	2.00054e+09	1.49733e+09	1.14588e+09	8.93814e+08	7.08829e+08	5.7033e+08	4.64797e+08	3.8312e+08	3.19024e+08	2.68094e+08	2.27168e+08	
0	2.66332e+08	3.16927e+08	3.80602e+08	4.61741e+08	5.66581e+08	7.04169e+08	8.87938e+08	1.13835e+09	1.48748e+09	1.98738e+09	2.72576e+09	3.8571e+09	5.66643e+09	8.64142e+09	5.66643e+09	3.8571e+09	2.72576e+09	1.98738e+09	1.48748e+09	1.13835e+09	8.87938e+08	7.04169e+08	5.66581e+08	4.61741e+08	3.80602e+08	3.16927e+08	2.66332e+08	2.25675e+08	
0	2.64578e+08	3.1484e+08	3.78096e+08	4.58701e+08	5.6285e+08	6.99533e+08	8.82092e+08	1.13085e+09	1.47769e+09	1.9743e+09	2.70782e+09	3.8317e+09	5.62912e+09	8.58452e+09	5.62912e+09	3.8317e+09	2.70782e+09	1.9743e+09	1.47769e+09	1.13085e+09	8.82092e+08	6.99533e+08	5.6285e+08	4.58701e+08	3.78096e+08	3.1484e+08	2.64578e+08	2.24189e+08	
0	2.62834e+08	3.12764e+08	3.75602e+08	4.55676e+08	5.59139e+08	6.9492e+08	8.76275e+08	1.12339e+09	1.46794e+09	1.96128e+09	2.68996e+09	3.80643e+09	5.592e+09	8.52791e+09	5.592e+09	3.80643e+09	2.68996e+09	1.96128e+09	1.46794e+09	1.12339e+09	8.76275e+08	6.9492e+08	5.59139e+08	4.55676e+08	3.75602e+08	3.12764e+08	2.62834e+08	2.22711e+08	
0	2.61098e+08	3.10698e+08	3.73122e+08	4.52666e+08	5.55446e+08	6.9033e+08	8.70488e+08	1.11597e+09	1.45825e+09	1.94833e+09	2.67219e+09	3.78129e+09	5.55507e+09	8.47159e+09	5.55507e+09	3.78129e+09	2.67219e+09	1.94833e+09	1.45825e+09	1.11597e+09	8.70488e+08	6.9033e+08	5.55446e+08	4.52666e+08	3.73122e+08	3.10698e+08	2.61098e+08	2.2124e+08	
0	2.5937e+08	3.08643e+08	3.70653e+08	4.49672e+08	5.51772e+08	6.85764e+08	8.64729e+08	1.10859e+09	1.4486e+09	1.93544e+09	2.65452e+09	3.75628e+09	5.51832e+09	8.41555e+09	5.51832e+09	3.75628e+09	2.65452e+09	1.93544e+09	1.4486e+09	1.10859e+09	8.64729e+08	6.85764e+08	5.51772e+08	4.49672e+08	3.70653e+08	3.08643e+08	2.5937e+08	2.19776e+08	
0	2.57652e+08	3.06598e+08	3.68198e+08	4.46693e+08	5.48116e+08	6.81221e+08	8.59001e+08	1.10125e+09	1.43901e+09	1.92262e+09	2.63693e+09	3.7314e+09	5.48176e+09	8.35979e+09	5.48176e+09	3.7314e+09	2.63693e+09	1.92262e+09	1.43901e+09	1.10125e+09	8.59001e+08	6.81221e+08	5.48116e+08	4.46693e+08	3.68198e+08	3.06598e+08	2.57652e+08	2.1832e+08	
0	2.55943e+08	3.04564e+08	3.65755e+08	4.43729e+08	5.44479e+08	6.767e+08	8.53301e+08	1.09394e+09	1.42946e+09	1.90986e+09	2.61944e+09	3.70664e+09	5.44539e+09	8.30433e+09	5.44539e+09	3.70664e+09	2.61944e+09	1.90986e+09	1.42946e+09	1.09394e+09	8.53301e+08	6.767e+08	5.44479e+08	4.43729e+08	3.65755e+08	3.04564e+08	2.55943e+08	2.16872e+08	
0	2.54242e+08	3.0254e+08	3.63324e+08	4.4078e+08	5.40861e+08	6.72203e+08	8.4763e+08	1.08667e+09	1.41996e+09	1.89717e+09	2.60203e+09	3.682e+09	5.4092e+09	8.24914e+09	5.4092e+09	3.682e+09	2.60203e+09	1.89717e+09	1.41996e+09	1.08667e+09	8.4763e+08	6.72203e+08	5.40861e+08	4.4078e+08	3.63324e+08	3.0254e+08	2.54242e+08	2.1543e+08	
0	2.5255e+08	3.00527e+08	3.60906e+08	4.37847e+08	5.37261e+08	6.6773e+08	8.41989e+08	1.07944e+09	1.41051e+09	1.88454e+09	2.58471e+09	3.6575e+09	5.3732e+09	8.19424e+09	5.3732e+09	3.6575e+09	2.58471e+09	1.88454e+09	1.41051e+09	1.07944e+09	8.41989e+08	6.6773e+08	5.37261e+08	4.37847e+08	3.60906e+08	3.00527e+08	2.5255e+08	2.13997e+08	
0	2.50866e+08	2.98523e+08	3.585e+08	4.34928e+08	5.3368e+08	6.63279e+08	8.36376e+08	1.07224e+09	1.40111e+09	1.87198e+09	2.56748e+09	3.63312e+09	5.33738e+09	8.13962e+09	5.33738e+09	3.63312e+09	2.56748e+09	1.87198e+09	1.40111e+09	1.07224e+09	8.36376e+08	6.63279e+08	5.3368e+08	4.34928e+08	3.585e+08	2.98523e+08	2.50866e+08	2.1257e+08	
0	2.49191e+08	2.9653e+08	3.56107e+08	4.32025e+08	5.30117e+08	6.58851e+08	8.30793e+08	1.06509e+09	1.39175e+09	1.85948e+09	2.55034e+09	3.60886e+09	5.30175e+09	8.08528e+09	5.30175e+09	3.60886e+09	2.55034e+09	1.85948e+09	1.39175e+09	1.06509e+09	8.30793e+08	6.58851e+08	5.30117e+08	4.32025e+08	3.56107e+08	2.9653e+08	2.49191e+08	2.11151e+08	
0	2.47525e+08	2.94548e+08	3.53726e+08	4.29136e+08	5.26573e+08	6.54446e+08	8.25238e+08	1.05796e+09	1.38245e+09	1.84705e+09	2.53329e+09	3.58474e+09	5.26631e+09	8.03122e+09	5.26631e+09	3.58474e+09	2.53329e+09	1.84705e+09	1.38245e+09	1.05796e+09	8.25238e+08	6.54446e+08	5.26573e+08	4.29136e+08	3.53726e+08	2.94548e+08	2.47525e+08	2.09739e+08	
0	2.45868e+08	2.92576e+08	3.51358e+08	4.26263e+08	5.23047e+08	6.50064e+08	8.19712e+08	1.05088e+09	1.37319e+09	1.83468e+09	2.51633e+09	3.56073e+09	5.23104e+09	7.97745e+09	5.23104e+09	3.56073e+09	2.51633e+09	1.83468e+09	1.37319e+09	1.05088e+09	8.19712e+08	6.50064e+08	5.23047e+08	4.26263e+08	3.51358e+08	2.92576e+08	2.45868e+08	2.08335e+08	
0	2.44219e+08	2.90614e+08	3.49001e+08	4.23404e+08	5.19539e+08	6.45704e+08	8.14215e+08	1.04383e+09	1.36398e+09	1.82238e+09	2.49945e+09	3.53685e+09	5.19596e+09	7.92395e+09	5.19596e+09	3.53685e+09	2.49945e+09	1.82238e+09	1.36398e+09	1.04383e+09	8.14215e+08	6.45704e+08	5.19539e+08	4.23404e+08	3.49001e+08	2.90614e+08	2.44219e+08	2.06938e+08	
0	2.42579e+08	2.88662e+08	3.46657e+08	4.2056e+08	5.1605e+08	6.41368e+08	8.08747e+08	1.03682e+09	1.35482e+09	1.81014e+09	2.48267e+09	3.5131e+09	5.16107e+09	7.87073e+09	5.16107e+09	3.5131e+09	2.48267e+09	1.81014e+09	1.35482e+09	1.03682e+09	8.08747e+08	6.41368e+08	5.1605e+08	4.2056e+08	3.46657e+08	2.88662e+08	2.42579e+08	2.05548e+08	
0	2.40947e+08	2.8672e+08	3.44326e+08	4.17732e+08	5.12579e+08	6.37054e+08	8.03307e+08	1.02985e+09	1.34571e+09	1.79796e+09	2.46597e+09	3.48947e+09	5.12635e+09	7.8178e+09	5.12635e+09	3.48947e+09	2.46597e+09	1.79796e+09	1.34571e+09	1.02985e+09	8.03307e+08	6.37054e+08	5.12579e+08	4.17732e+08	3.44326e+08	2.8672e+08	2.40947e+08	2.04166e+08	
0	2.39324e+08	2.84789e+08	3.42006e+08	4.14918e+08	5.09126e+08	6.32762e+08	7.97896e+08	1.02291e+09	1.33664e+09	1.78585e+09	2.44936e+09	3.46597e+09	5.09182e+09	7.76513e+09	5.09182e+09	3.46597e+09	2.44936e+09	1.78585e+09	1.33664e+09	1.02291e+09	7.97896e+08	6.32762e+08	5.09126e+08	4.14918e+08	3.42006e+08	2.84789e+08	2.39324e+08	2.0279e+08	
0	2.3771e+08	2.82868e+08	3.39699e+08	4.12119e+08	5.05692e+08	6.28494e+08	7.92513e+08	1.01601e+09	1.32763e+09	1.7738e+09	2.43283e+09	3.44258e+09	5.05747e+09	7.71275e+09	5.05747e+09	3.44258e+09	2.43283e+09	1.7738e+09	1.32763e+09	1.01601e+09	7.92513e+08	6.28494e+08	5.05692e+08	4.12119e+08	3.39699e+08	2.82868e+08	2.3771e+08	2.01422e+08	
0	2.36104e+08	2.80956e+08	3.37404e+08	4.09334e+08	5.02275e+08	6.24248e+08	7.87159e+08	1.00915e+09	1.31866e+09	1.76182e+09	2.4164e+09	3.41932e+09	5.0233e+09	7.66064e+09	5.0233e+09	3.41932e+09	2.4164e+09	1.76182e+09	1.31866e+09	1.00915e+09	7.87159e+08	6.24248e+08	5.02275e+08	4.09334e+08	3.37404e+08	2.80956e+08	2.36104e+08	2.00061e+08	
0	2.34506e+08	2.79056e+08	3.35121e+08	4.06565e+08	4.98877e+08	6.20024e+08	7.81833e+08	1.00232e+09	1.30973e+09	1.7499e+09	2.40005e+09	3.39619e+09	4.98931e+09	7.60881e+09	4.98931e+09	3.39619e+09	2.40005e+09	1.7499e+09	1.30973e+09	1.00232e+09	7.81833e+08	6.20024e+08	4.98877e+08	4.06565e+08	3.35121e+08	2.79056e+08	2.34506e+08	1.98708e+08	
0	2.32917e+08	2.77165e+08	3.3285e+08	4.0381e+08	4.95496e+08	6.15823e+08	7.76535e+08	9.95527e+08	1.30086e+09	1.73804e+09	2.38378e+09	3.37318e+09	4.95551e+09	7.55725e+09	4.95551e+09	3.37318e+09	2.38378e+09	1.73804e+09	1.30086e+09	9.95527e+08	7.76535e+08	6.15823e+08	4.95496e+08	4.0381e+08	3.3285e+08	2.77165e+08	2.32917e+08	1.97361e+08	
0	2.31337e+08	2.75284e+08	3.30592e+08	4.0107e+08	4.92134e+08	6.11644e+08	7.71266e+08	9.88771e+08	1.29203e+09	1.72625e+09	2.36761e+09	3.35029e+09	4.92188e+09	7.50597e+09	4.92188e+09	3.35029e+09	2.36761e+09	1.72625e+09	1.29203e+09	9.88771e+08	7.71266e+08	6.11644e+08	4.92134e+08	4.0107e+08	3.30592e+08	2.75284e+08	2.31337e+08	1.96022e+08	
0	2.29765e+08	2.73413e+08	3.28345e+08	3.98344e+08	4.88789e+08	6.07487e+08	7.66024e+08	9.82052e+08	1.28325e+09	1.71452e+09	2.35152e+09	3.32752e+09	4.88843e+09	7.45496e+09	4.88843e+09	3.32752e+09	2.35152e+09	1.71452e+09	1.28325e+09	9.82052e+08	7.66024e+08	6.07487e+08	4.88789e+08	3.98344e+08	3.28345e+08	2.73413e+08	2.29765e+08	1.9469e+08	
0	2.28201e+08	2.71552e+08	3.2611e+08	3.95633e+08	4.85463e+08	6.03353e+08	7.60811e+08	9.75368e+08	1.27452e+09	1.70285e+09	2.33551e+09	3.30487e+09	4.85516e+09	7.40423e+09	4.85516e+09	3.30487e+09	2.33551e+09	1.70285e+09	1.27452e+09	9.75368e+08	7.60811e+08	6.03353e+08	4.85463e+08	3.95633e+08	3.2611e+08	2.71552e+08	2.28201e+08	1.93365e+08	
0	2.26645e+08	2.69701e+08	3.23888e+08	3.92936e+08	4.82154e+08	5.9924e+08	7.55626e+08	9.6872e+08	1.26583e+09	1.69124e+09	2.3196e+09	3.28235e+09	4.82207e+09	7.35376e+09	4.82207e+09	3.28235e+09	2.3196e+09	1.69124e+09	1.26583e+09	9.6872e+08	7.55626e+08	5.9924e+08	4.82154e+08	3.92936e+08	3.23888e+08	2.69701e+08	2.26645e+08	1.92047e+08	
0	2.25098e+08	2.67861e+08	3.21677e+08	3.90254e+08	4.78863e+08	5.9515e+08	7.50468e+08	9.62108e+08	1.25719e+09	1.6797e+09	2.30376e+09	3.25994e+09	4.78916e+09	7.30357e+09	4.78916e+09	3.25994e+09	2.30376e+09	1.6797e+09	1.25719e+09	9.62108e+08	7.50468e+08	5.9515e+08	4.78863e+08	3.90254e+08	3.21677e+08	2.67861e+08	2.25098e+08	1.90736e+08	
0	2.2356e+08	2.6603e+08	3.19478e+08	3.87587e+08	4.7559e+08	5.91082e+08	7.45338e+08	9.55532e+08	1.2486e+09	1.66822e+09	2.28802e+09	3.23766e+09	4.75642e+09	7.25365e+09	4.75642e+09	3.23766e+09	2.28802e+09	1.66822e+09	1.2486e+09	9.55532e+08	7.45338e+08	5.91082e+08	4.7559e+08	3.87587e+08	3.19478e+08	2.6603e+08	2.2356e+08	1.89432e+08	
0	2.2203e+08	2.64209e+08	3.17291e+08	3.84934e+08	4.72334e+08	5.87036e+08	7.40236e+08	9.48991e+08	1.24005e+09	1.6568e+09	2.27235e+09	3.2155e+09	4.72386e+09	7.20399e+09	4.72386e+09	3.2155e+09	2.27235e+09	1.6568e+09	1.24005e+09	9.48991e+08	7.40236e+08	5.87036e+08	4.72334e+08	3.84934e+08	3.17291e+08	2.64209e+08	2.2203e+08	1.88136e+08	
0	2.20507e+08	2.62397e+08	3.15116e+08	3.82295e+08	4.69096e+08	5.83012e+08	7.35162e+08	9.42486e+08	1.23155e+09	1.64544e+09	2.25678e+09	3.19346e+09	4.69148e+09	7.15461e+09	4.69148e+09	3.19346e+09	2.25678e+09	1.64544e+09	1.23155e+09	9.42486e+08	7.35162e+08	5.83012e+08	4.69096e+08	3.82295e+08	3.15116e+08	2.62397e+08	2.20507e+08	1.86846e+08	
0	2.18994e+08	2.60596e+08	3.12953e+08	3.79671e+08	4.65876e+08	5.7901e+08	7.30115e+08	9.36016e+08	1.2231e+09	1.63414e+09	2.24128e+09	3.17153e+09	4.65927e+09	7.1055e+09	4.65927e+09	3.17153e+09	2.24128e+09	1.63414e+09	1.2231e+09	9.36016e+08	7.30115e+08	5.7901e+08	4.65876e+08	3.79671e+08	3.12953e+08	2.60596e+08	2.18994e+08	1.85563e+08	
0	2.17488e+08	2.58805e+08	3.10802e+08	3.77061e+08	4.62673e+08	5.75029e+08	7.25096e+08	9.29581e+08	1.21469e+09	1.62291e+09	2.22588e+09	3.14973e+09	4.62724e+09	7.05665e+09	4.62724e+09	3.14973e+09	2.22588e+09	1.62291e+09	1.21469e+09	9.29581e+08	7.25096e+08	5.75029e+08	4.62673e+08	3.77061e+08	3.10802e+08	2.58805e+08	2.17488e+08	1.84288e+08	
0	2.15991e+08	2.57023e+08	3.08662e+08	3.74465e+08	4.59488e+08	5.7107e+08	7.20104e+08	9.23181e+08	1.20632e+09	1.61174e+09	2.21055e+09	3.12805e+09	4.59539e+09	7.00807e+09	4.59539e+09	3.12805e+09	2.21055e+09	1.61174e+09	1.20632e+09	9.23181e+08	7.20104e+08	5.7107e+08	4.59488e+08	3.74465e+08	3.08662e+08	2.57023e+08	2.15991e+08	1.83019e+08	
0	2.14502e+08	2.55251e+08	3.06534e+08	3.71883e+08	4.5632e+08	5.67133e+08	7.1514e+08	9.16817e+08	1.19801e+09	1.60063e+09	2.19531e+09	3.10648e+09	4.5637e+09	6.95976e+09	4.5637e+09	3.10648e+09	2.19531e+09	1.60063e+09	1.19801e+09	9.16817e+08	7.1514e+08	5.67133e+08	4.5632e+08	3.71883e+08	3.06534e+08	2.55251e+08	2.14502e+08	1.81757e+08	
0	2.13021e+08	2.53489e+08	3.04418e+08	3.69316e+08	4.5317e+08	5.63218e+08	7.10202e+08	9.10487e+08	1.18974e+09	1.58958e+09	2.18016e+09	3.08503e+09	4.5322e+09	6.91171e+09	4.5322e+09	3.08503e+09	2.18016e+09	1.58958e+09	1.18974e+09	9.10487e+08	7.10202e+08	5.63218e+08	4.5317e+08	3.69316e+08	3.04418e+08	2.53489e+08	2.13021e+08	1.80502e+08	
0	2.11548e+08	2.51736e+08	3.02313e+08	3.66762e+08	4.50037e+08	5.59324e+08	7.05292e+08	9.04192e+08	1.18151e+09	1.57859e+09	2.16508e+09	3.0637e+09	4.50086e+09	6.86392e+09	4.50086e+09	3.0637e+09	2.16508e+09	1.57859e+09	1.18151e+09	9.04192e+08	7.05292e+08	5.59324e+08	4.50037e+08	3.66762e+08	3.02313e+08	2.51736e+08	2.11548e+08	1.79254e+08	
0	2.10084e+08	2.49993e+08	3.0022e+08	3.64223e+08	4.46921e+08	5.55452e+08	7.00409e+08	8.97932e+08	1.17333e+09	1.56766e+09	2.15009e+09	3.04249e+09	4.4697e+09	6.8164e+09	4.4697e+09	3.04249e+09	2.15009e+09	1.56766e+09	1.17333e+09	8.97932e+08	7.00409e+08	5.55452e+08	4.46921e+08	3.64223e+08	3.0022e+08	2.49993e+08	2.10084e+08	1.78013e+08	
0	2.08627e+08	2.4826e+08	2.98139e+08	3.61698e+08	4.43823e+08	5.51601e+08	6.95553e+08	8.91707e+08	1.1652e+09	1.55679e+09	2.13519e+09	3.0214e+09	4.43871e+09	6.76914e+09	4.43871e+09	3.0214e+09	2.13519e+09	1.55679e+09	1.1652e+09	8.91707e+08	6.95553e+08	5.51601e+08	4.43823e+08	3.61698e+08	2.98139e+08	2.4826e+08	2.08627e+08	1.76779e+08	
0	2.07179e+08	2.46537e+08	2.96069e+08	3.59187e+08	4.40741e+08	5.47771e+08	6.90724e+08	8.85516e+08	1.15711e+09	1.54598e+09	2.12036e+09	3.00042e+09	4.4079e+09	6.72215e+09	4.4079e+09	3.00042e+09	2.12036e+09	1.54598e+09	1.15711e+09	8.85516e+08	6.90724e+08	5.47771e+08	4.40741e+08	3.59187e+08	2.96069e+08	2.46537e+08	2.07179e+08	1.75552e+08	
0	2.05738e+08	2.44823e+08	2.9401e+08	3.5669e+08	4.37677e+08	5.43963e+08	6.85922e+08	8.7936e+08	1.14906e+09	1.53523e+09	2.10562e+09	2.97956e+09	4.37725e+09	6.67541e+09	4.37725e+09	2.97956e+09	2.10562e+09	1.53523e+09	1.14906e+09	8.7936e+08	6.85922e+08	5.43963e+08	4.37677e+08	3.5669e+08	2.9401e+08	2.44823e+08	2.05738e+08	1.74331e+08	
0	2.04306e+08	2.43118e+08	2.91963e+08	3.54206e+08	4.3463e+08	5.40176e+08	6.81147e+08	8.73238e+08	1.14106e+09	1.52454e+09	2.09096e+09	2.95882e+09	4.34678e+09	6.62894e+09	4.34678e+09	2.95882e+09	2.09096e+09	1.52454e+09	1.14106e+09	8.73238e+08	6.81147e+08	5.40176e+08	4.3463e+08	3.54206e+08	2.91963e+08	2.43118e+08	2.04306e+08	1.73118e+08	
0	2.02882e+08	2.41423e+08	2.89928e+08	3.51737e+08	4.316e+08	5.3641e+08	6.76398e+08	8.6715e+08	1.13311e+09	1.51391e+09	2.07638e+09	2.93819e+09	4.31647e+09	6.58273e+09	4.31647e+09	2.93819e+09	2.07638e+09	1.51391e+09	1.13311e+09	8.6715e+08	6.76398e+08	5.3641e+08	4.316e+08	3.51737e+08	2.89928e+08	2.41423e+08	2.02882e+08	1.71911e+08	
0	2.01465e+08	2.39738e+08	2.87904e+08	3.49281e+08	4.28587e+08	5.32665e+08	6.71676e+08	8.61096e+08	1.1252e+09	1.50335e+09	2.06189e+09	2.91768e+09	4.28634e+09	6.53677e+09	4.28634e+09	2.91768e+09	2.06189e+09	1.50335e+09	1.1252e+09	8.61096e+08	6.71676e+08	5.32665e+08	4.28587e+08	3.49281e+08	2.87904e+08	2.39738e+08	2.01465e+08	1.70711e+08	
0	2.00057e+08	2.38062e+08	2.85891e+08	3.4684e+08	4.25591e+08	5.28941e+08	6.6698e+08	8.55076e+08	1.11733e+09	1.49284e+09	2.04747e+09	2.89728e+09	4.25637e+09	6.49107e+09	4.25637e+09	2.89728e+09	2.04747e+09	1.49284e+09	1.11733e+09	8.55076e+08	6.6698e+08	5.28941e+08	4.25591e+08	3.4684e+08	2.85891e+08	2.38062e+08	2.00057e+08	1.69517e+08	
0	1.98656e+08	2.36395e+08	2.8389e+08	3.44411e+08	4.22611e+08	5.25238e+08	6.62311e+08	8.4909e+08	1.10951e+09	1.48239e+09	2.03314e+09	2.877e+09	4.22658e+09	6.44563e+09	4.22658e+09	2.877e+09	2.03314e+09	1.48239e+09	1.10951e+09	8.4909e+08	6.62311e+08	5.25238e+08	4.22611e+08	3.44411e+08	2.8389e+08	2.36395e+08	1.98656e+08	1.6833e+08	
0	1.97264e+08	2.34738e+08	2.819e+08	3.41997e+08	4.19649e+08	5.21556e+08	6.57668e+08	8.43138e+08	1.10173e+09	1.47199e+09	2.01889e+09	2.85683e+09	4.19695e+09	6.40045e+09	4.19695e+09	2.85683e+09	2.01889e+09	1.47199e+09	1.10173e+09	8.43138e+08	6.57668e+08	5.21556e+08	4.19649e+08	3.41997e+08	2.819e+08	2.34738e+08	1.97264e+08	1.6715e+08	
0	1.95879e+08	2.3309e+08	2.79921e+08	3.39596e+08	4.16703e+08	5.17895e+08	6.53052e+08	8.37219e+08	1.094e+09	1.46166e+09	2.00472e+09	2.83678e+09	4.16749e+09	6.35552e+09	4.16749e+09	2.83678e+09	2.00472e+09	1.46166e+09	1.094e+09	8.37219e+08	6.53052e+08	5.17895e+08	4.16703e+08	3.39596e+08	2.79921e+08	2.3309e+08	1.95879e+08	1.65977e+08	
0	1.94502e+08	2.31452e+08	2.77953e+08	3.37209e+08	4.13774e+08	5.14255e+08	6.48461e+08	8.31335e+08	1.08631e+09	1.45139e+09	1.99063e+09	2.81684e+09	4.13819e+09	6.31085e+09	4.13819e+09	2.81684e+09	1.99063e+09	1.45139e+09	1.08631e+09	8.31335e+08	6.48461e+08	5.14255e+08	4.13774e+08	3.37209e+08	2.77953e+08	2.31452e+08	1.94502e+08	1.6481e+08	
0	1.93133e+08	2.29823e+08	2.75997e+08	3.34836e+08	4.10862e+08	5.10635e+08	6.43897e+08	8.25483e+08	1.07866e+09	1.44117e+09	1.97661e+09	2.79701e+09	4.10907e+09	6.26643e+09	4.10907e+09	2.79701e+09	1.97661e+09	1.44117e+09	1.07866e+09	8.25483e+08	6.43897e+08	5.10635e+08	4.10862e+08	3.34836e+08	2.75997e+08	2.29823e+08	1.93133e+08	1.6365e+08	
0	1.91772e+08	2.28203e+08	2.74052e+08	3.32476e+08	4.07966e+08	5.07036e+08	6.39359e+08	8.19665e+08	1.07106e+09	1.43101e+09	1.96268e+09	2.7773e+09	4.0801e+09	6.22226e+09	4.0801e+09	2.7773e+09	1.96268e+09	1.43101e+09	1.07106e+09	8.19665e+08	6.39359e+08	5.07036e+08	4.07966e+08	3.32476e+08	2.74052e+08	2.28203e+08	1.91772e+08	1.62497e+08	
0	1.90418e+08	2.26592e+08	2.72117e+08	3.30129e+08	4.05086e+08	5.03458e+08	6.34846e+08	8.1388e+08	1.0635e+09	1.42091e+09	1.94883e+09	2.7577e+09	4.05131e+09	6.17835e+09	4.05131e+09	2.7577e+09	1.94883e+09	1.42091e+09	1.0635e+09	8.1388e+08	6.34846e+08	5.03458e+08	4.05086e+08	3.30129e+08	2.72117e+08	2.26592e+08	1.90418e+08	1.6135e+08	
0	1.89073e+08	2.24991e+08	2.70194e+08	3.27796e+08	4.02224e+08	4.999e+08	6.3036e+08	8.08128e+08	1.05598e+09	1.41087e+09	1.93506e+09	2.73821e+09	4.02268e+09	6.13468e+09	4.02268e+09	2.73821e+09	1.93506e+09	1.41087e+09	1.05598e+09	8.08128e+08	6.3036e+08	4.999e+08	4.02224e+08	3.27796e+08	2.70194e+08	2.24991e+08	1.89073e+08	1.6021e+08	
0	1.87735e+08	2.23399e+08	2.68282e+08	3.25477e+08	3.99377e+08	4.96362e+08	6.25899e+08	8.02409e+08	1.04851e+09	1.40089e+09	1.92136e+09	2.71883e+09	3.99421e+09	6.09127e+09	3.99421e+09	2.71883e+09	1.92136e+09	1.40089e+09	1.04851e+09	8.02409e+08	6.25899e+08	4.96362e+08	3.99377e+08	3.25477e+08	2.68282e+08	2.23399e+08	1.87735e+08	1.59076e+08	
0	1.86404e+08	2.21816e+08	2.66381e+08	3.2317e+08	3.96547e+08	4.92845e+08	6.21464e+08	7.96723e+08	1.04108e+09	1.39096e+09	1.90775e+09	2.69956e+09	3.96591e+09	6.04811e+09	3.96591e+09	2.69956e+09	1.90775e+09	1.39096e+09	1.04108e+09	7.96723e+08	6.21464e+08	4.92845e+08	3.96547e+08	3.2317e+08	2.66381e+08	2.21816e+08	1.86404e+08	1.57949e+08	
0	1.85082e+08	2.20242e+08	2.64491e+08	3.20877e+08	3.93733e+08	4.89348e+08	6.17054e+08	7.9107e+08	1.03369e+09	1.38109e+09	1.89421e+09	2.68041e+09	3.93777e+09	6.0052e+09	3.93777e+09	2.68041e+09	1.89421e+09	1.38109e+09	1.03369e+09	7.9107e+08	6.17054e+08	4.89348e+08	3.93733e+08	3.20877e+08	2.64491e+08	2.20242e+08	1.85082e+08	1.56828e+08	
0	1.83767e+08	2.18677e+08	2.62612e+08	3.18597e+08	3.90936e+08	4.85871e+08	6.1267e+08	7.8545e+08	1.02635e+09	1.37128e+09	1.88075e+09	2.66137e+09	3.90979e+09	5.96253e+09	3.90979e+09	2.66137e+09	1.88075e+09	1.37128e+09	1.02635e+09	7.8545e+08	6.1267e+08	4.85871e+08	3.90936e+08	3.18597e+08	2.62612e+08	2.18677e+08	1.83767e+08	1.55714e+08	
0	1.82459e+08	2.17121e+08	2.60744e+08	3.16331e+08	3.88155e+08	4.82414e+08	6.08311e+08	7.79862e+08	1.01905e+09	1.36152e+09	1.86737e+09	2.64243e+09	3.88197e+09	5.92011e+09	3.88197e+09	2.64243e+09	1.86737e+09	1.36152e+09	1.01905e+09	7.79862e+08	6.08311e+08	4.82414e+08	3.88155e+08	3.16331e+08	2.60744e+08	2.17121e+08	1.82459e+08	1.54606e+08	
0	1.8116e+08	2.15575e+08	2.58886e+08	3.14077e+08	3.8539e+08	4.78978e+08	6.03978e+08	7.74306e+08	1.01179e+09	1.35182e+09	1.85407e+09	2.62361e+09	3.85432e+09	5.87794e+09	3.85432e+09	2.62361e+09	1.85407e+09	1.35182e+09	1.01179e+09	7.74306e+08	6.03978e+08	4.78978e+08	3.8539e+08	3.14077e+08	2.58886e+08	2.15575e+08	1.8116e+08	1.53505e+08	
0	1.79867e+08	2.14037e+08	2.57039e+08	3.11837e+08	3.82641e+08	4.75561e+08	5.9967e+08	7.68783e+08	1.00457e+09	1.34218e+09	1.84085e+09	2.60489e+09	3.82683e+09	5.83601e+09	3.82683e+09	2.60489e+09	1.84085e+09	1.34218e+09	1.00457e+09	7.68783e+08	5.9967e+08	4.75561e+08	3.82641e+08	3.11837e+08	2.57039e+08	2.14037e+08	1.79867e+08	1.5241e+08	
0	1.78583e+08	2.12508e+08	2.55204e+08	3.0961e+08	3.79908e+08	4.72164e+08	5.95386e+08	7.63292e+08	9.97397e+08	1.33259e+09	1.8277e+09	2.58629e+09	3.79949e+09	5.79433e+09	3.79949e+09	2.58629e+09	1.8277e+09	1.33259e+09	9.97397e+08	7.63292e+08	5.95386e+08	4.72164e+08	3.79908e+08	3.0961e+08	2.55204e+08	2.12508e+08	1.78583e+08	1.51321e+08	
0	1.77305e+08	2.10988e+08	2.53378e+08	3.07395e+08	3.77191e+08	4.68788e+08	5.91128e+08	7.57833e+08	9.90263e+08	1.32306e+09	1.81463e+09	2.56779e+09	3.77232e+09	5.75289e+09	3.77232e+09	2.56779e+09	1.81463e+09	1.32306e+09	9.90263e+08	7.57833e+08	5.91128e+08	4.68788e+08	3.77191e+08	3.07395e+08	2.53378e+08	2.10988e+08	1.77305e+08	1.50239e+08	
0	1.76036e+08	2.09477e+08	2.51564e+08	3.05194e+08	3.7449e+08	4.65431e+08	5.86895e+08	7.52406e+08	9.83172e+08	1.31359e+09	1.80163e+09	2.5494e+09	3.74531e+09	5.71169e+09	3.74531e+09	2.5494e+09	1.80163e+09	1.31359e+09	9.83172e+08	7.52406e+08	5.86895e+08	4.65431e+08	3.7449e+08	3.05194e+08	2.51564e+08	2.09477e+08	1.76036e+08	1.49163e+08	
0	1.74773e+08	2.07975e+08	2.4976e+08	3.03006e+08	3.71804e+08	4.62093e+08	5.82687e+08	7.47011e+08	9.76122e+08	1.30417e+09	1.78871e+09	2.53112e+09	3.71845e+09	5.67074e+09	3.71845e+09	2.53112e+09	1.78871e+09	1.30417e+09	9.76122e+08	7.47011e+08	5.82687e+08	4.62093e+08	3.71804e+08	3.03006e+08	2.4976e+08	2.07975e+08	1.74773e+08	1.48093e+08	
0	1.73519e+08	2.06482e+08	2.47967e+08	3.0083e+08	3.69135e+08	4.58775e+08	5.78503e+08	7.41648e+08	9.69114e+08	1.29481e+09	1.77587e+09	2.51295e+09	3.69175e+09	5.63002e+09	3.69175e+09	2.51295e+09	1.77587e+09	1.29481e+09	9.69114e+08	7.41648e+08	5.78503e+08	4.58775e+08	3.69135e+08	3.0083e+08	2.47967e+08	2.06482e+08	1.73519e+08	1.4703e+08	
0	1.72271e+08	2.04998e+08	2.46184e+08	2.98668e+08	3.66481e+08	4.55477e+08	5.74344e+08	7.36316e+08	9.62147e+08	1.2855e+09	1.7631e+09	2.49488e+09	3.66521e+09	5.58955e+09	3.66521e+09	2.49488e+09	1.7631e+09	1.2855e+09	9.62147e+08	7.36316e+08	5.74344e+08	4.55477e+08	3.66481e+08	2.98668e+08	2.46184e+08	2.04998e+08	1.72271e+08	1.45973e+08	
0	1.71031e+08	2.03522e+08	2.44412e+08	2.96518e+08	3.63843e+08	4.52199e+08	5.7021e+08	7.31016e+08	9.55221e+08	1.27624e+09	1.75041e+09	2.47692e+09	3.63883e+09	5.54931e+09	3.63883e+09	2.47692e+09	1.75041e+09	1.27624e+09	9.55221e+08	7.31016e+08	5.7021e+08	4.52199e+08	3.63843e+08	2.96518e+08	2.44412e+08	2.03522e+08	1.71031e+08	1.44922e+08	
0	1.69798e+08	2.02055e+08	2.42651e+08	2.9438e+08	3.61221e+08	4.48939e+08	5.661e+08	7.25747e+08	9.48336e+08	1.26705e+09	1.7378e+09	2.45907e+09	3.6126e+09	5.50932e+09	3.6126e+09	2.45907e+09	1.7378e+09	1.26705e+09	9.48336e+08	7.25747e+08	5.661e+08	4.48939e+08	3.61221e+08	2.9438e+08	2.42651e+08	2.02055e+08	1.69798e+08	1.43878e+08	
0	1.68573e+08	2.00597e+08	2.40899e+08	2.92256e+08	3.58614e+08	4.45699e+08	5.62015e+08	7.20509e+08	9.41492e+08	1.2579e+09	1.72526e+09	2.44133e+09	3.58653e+09	5.46956e+09	3.58653e+09	2.44133e+09	1.72526e+09	1.2579e+09	9.41492e+08	7.20509e+08	5.62015e+08	4.45699e+08	3.58614e+08	2.92256e+08	2.40899e+08	2.00597e+08	1.68573e+08	1.4284e+08	
0	1.67355e+08	1.99147e+08	2.39159e+08	2.90144e+08	3.56022e+08	4.42479e+08	5.57954e+08	7.15303e+08	9.34689e+08	1.24881e+09	1.71279e+09	2.42368e+09	3.56061e+09	5.43003e+09	3.56061e+09	2.42368e+09	1.71279e+09	1.24881e+09	9.34689e+08	7.15303e+08	5.57954e+08	4.42479e+08	3.56022e+08	2.90144e+08	2.39159e+08	1.99147e+08	1.67355e+08	1.41807e+08	
0	1.66144e+08	1.97707e+08	2.37428e+08	2.88045e+08	3.53446e+08	4.39277e+08	5.53917e+08	7.10127e+08	9.27926e+08	1.23978e+09	1.7004e+09	2.40615e+09	3.53485e+09	5.39075e+09	3.53485e+09	2.40615e+09	1.7004e+09	1.23978e+09	9.27926e+08	7.10127e+08	5.53917e+08	4.39277e+08	3.53446e+08	2.88045e+08	2.37428e+08	1.97707e+08	1.66144e+08	1.40781e+08	
0	1.6494e+08	1.96274e+08	2.35708e+08	2.85958e+08	3.50886e+08	4.36095e+08	5.49904e+08	7.04983e+08	9.21204e+08	1.2308e+09	1.68808e+09	2.38872e+09	3.50924e+09	5.35169e+09	3.50924e+09	2.38872e+09	1.68808e+09	1.2308e+09	9.21204e+08	7.04983e+08	5.49904e+08	4.36095e+08	3.50886e+08	2.85958e+08	2.35708e+08	1.96274e+08	1.6494e+08	1.39761e+08	
0	1.63744e+08	1.94851e+08	2.33998e+08	2.83884e+08	3.48341e+08	4.32932e+08	5.45915e+08	6.99869e+08	9.14522e+08	1.22187e+09	1.67583e+09	2.37139e+09	3.48379e+09	5.31287e+09	3.48379e+09	2.37139e+09	1.67583e+09	1.22187e+09	9.14522e+08	6.99869e+08	5.45915e+08	4.32932e+08	3.48341e+08	2.83884e+08	2.33998e+08	1.94851e+08	1.63744e+08	1.38748e+08	
0	1.62555e+08	1.93435e+08	2.32299e+08	2.81822e+08	3.45811e+08	4.29787e+08	5.4195e+08	6.94786e+08	9.0788e+08	1.21299e+09	1.66366e+09	2.35417e+09	3.45849e+09	5.27429e+09	3.45849e+09	2.35417e+09	1.66366e+09	1.21299e+09	9.0788e+08	6.94786e+08	5.4195e+08	4.29787e+08	3.45811e+08	2.81822e+08	2.32299e+08	1.93435e+08	1.62555e+08	1.3774e+08	
0	1.61373e+08	1.92029e+08	2.3061e+08	2.79773e+08	3.43296e+08	4.26662e+08	5.38009e+08	6.89734e+08	9.01278e+08	1.20417e+09	1.65156e+09	2.33705e+09	3.43334e+09	5.23593e+09	3.43334e+09	2.33705e+09	1.65156e+09	1.20417e+09	9.01278e+08	6.89734e+08	5.38009e+08	4.26662e+08	3.43296e+08	2.79773e+08	2.3061e+08	1.92029e+08	1.61373e+08	1.36738e+08	
0	1.60198e+08	1.90631e+08	2.28931e+08	2.77736e+08	3.40796e+08	4.23555e+08	5.34092e+08	6.84712e+08	8.94715e+08	1.1954e+09	1.63954e+09	2.32003e+09	3.40834e+09	5.19781e+09	3.40834e+09	2.32003e+09	1.63954e+09	1.1954e+09	8.94715e+08	6.84712e+08	5.34092e+08	4.23555e+08	3.40796e+08	2.77736e+08	2.28931e+08	1.90631e+08	1.60198e+08	1.35743e+08	
0	1.5903e+08	1.89241e+08	2.27262e+08	2.75711e+08	3.38312e+08	4.20468e+08	5.30198e+08	6.7972e+08	8.88193e+08	1.18669e+09	1.62759e+09	2.30312e+09	3.38349e+09	5.15992e+09	3.38349e+09	2.30312e+09	1.62759e+09	1.18669e+09	8.88193e+08	6.7972e+08	5.30198e+08	4.20468e+08	3.38312e+08	2.75711e+08	2.27262e+08	1.89241e+08	1.5903e+08	1.34753e+08	
0	1.57869e+08	1.87859e+08	2.25603e+08	2.73698e+08	3.35842e+08	4.17398e+08	5.26328e+08	6.74758e+08	8.81709e+08	1.17803e+09	1.61571e+09	2.28631e+09	3.35879e+09	5.12225e+09	3.35879e+09	2.28631e+09	1.61571e+09	1.17803e+09	8.81709e+08	6.74758e+08	5.26328e+08	4.17398e+08	3.35842e+08	2.73698e+08	2.25603e+08	1.87859e+08	1.57869e+08	1.3377e+08	
0	1.56715e+08	1.86486e+08	2.23954e+08	2.71698e+08	3.33388e+08	4.14348e+08	5.22481e+08	6.69827e+08	8.75265e+08	1.16942e+09	1.6039e+09	2.2696e+09	3.33425e+09	5.08482e+09	3.33425e+09	2.2696e+09	1.6039e+09	1.16942e+09	8.75265e+08	6.69827e+08	5.22481e+08	4.14348e+08	3.33388e+08	2.71698e+08	2.23954e+08	1.86486e+08	1.56715e+08	1.32792e+08	
0	1.55568e+08	1.85122e+08	2.22315e+08	2.6971e+08	3.30948e+08	4.11316e+08	5.18658e+08	6.64925e+08	8.68861e+08	1.16086e+09	1.59216e+09	2.25299e+09	3.30985e+09	5.04761e+09	3.30985e+09	2.25299e+09	1.59216e+09	1.16086e+09	8.68861e+08	6.64925e+08	5.18658e+08	4.11316e+08	3.30948e+08	2.6971e+08	2.22315e+08	1.85122e+08	1.55568e+08	1.3182e+08	
0	1.54429e+08	1.83766e+08	2.20686e+08	2.67734e+08	3.28524e+08	4.08302e+08	5.14858e+08	6.60054e+08	8.62495e+08	1.15236e+09	1.58049e+09	2.23648e+09	3.2856e+09	5.01063e+09	3.2856e+09	2.23648e+09	1.58049e+09	1.15236e+09	8.62495e+08	6.60054e+08	5.14858e+08	4.08302e+08	3.28524e+08	2.67734e+08	2.20686e+08	1.83766e+08	1.54429e+08	1.30854e+08	
0	1.53296e+08	1.82418e+08	2.19067e+08	2.6577e+08	3.26114e+08	4.05307e+08	5.11081e+08	6.55212e+08	8.56168e+08	1.1439e+09	1.5689e+09	2.22008e+09	3.26149e+09	4.97387e+09	3.26149e+09	2.22008e+09	1.5689e+09	1.1439e+09	8.56168e+08	6.55212e+08	5.11081e+08	4.05307e+08	3.26114e+08	2.6577e+08	2.19067e+08	1.82418e+08	1.53296e+08	1.29894e+08	
0	1.5217e+08	1.81078e+08	2.17458e+08	2.63818e+08	3.23718e+08	4.0233e+08	5.07328e+08	6.50399e+08	8.4988e+08	1.1355e+09	1.55738e+09	2.20377e+09	3.23754e+09	4.93734e+09	3.23754e+09	2.20377e+09	1.55738e+09	1.1355e+09	8.4988e+08	6.50399e+08	5.07328e+08	4.0233e+08	3.23718e+08	2.63818e+08	2.17458e+08	1.81078e+08	1.5217e+08	1.2894e+08	
0	1.51051e+08	1.79746e+08	2.15859e+08	2.61878e+08	3.21338e+08	3.99372e+08	5.03597e+08	6.45617e+08	8.4363e+08	1.12715e+09	1.54593e+09	2.18756e+09	3.21373e+09	4.90103e+09	3.21373e+09	2.18756e+09	1.54593e+09	1.12715e+09	8.4363e+08	6.45617e+08	5.03597e+08	3.99372e+08	3.21338e+08	2.61878e+08	2.15859e+08	1.79746e+08	1.51051e+08	1.27992e+08	
0	1.49939e+08	1.78423e+08	2.1427e+08	2.5995e+08	3.18972e+08	3.96431e+08	4.99889e+08	6.40863e+08	8.37418e+08	1.11885e+09	1.53454e+09	2.17146e+09	3.19007e+09	4.86495e+09	3.19007e+09	2.17146e+09	1.53454e+09	1.11885e+09	8.37418e+08	6.40863e+08	4.99889e+08	3.96431e+08	3.18972e+08	2.5995e+08	2.1427e+08	1.78423e+08	1.49939e+08	1.2705e+08	
0	1.48833e+08	1.77107e+08	2.1269e+08	2.58033e+08	3.16621e+08	3.93509e+08	4.96204e+08	6.36139e+08	8.31245e+08	1.1106e+09	1.52323e+09	2.15545e+09	3.16655e+09	4.82909e+09	3.16655e+09	2.15545e+09	1.52323e+09	1.1106e+09	8.31245e+08	6.36139e+08	4.96204e+08	3.93509e+08	3.16621e+08	2.58033e+08	2.1269e+08	1.77107e+08	1.48833e+08	1.26113e+08	
0	1.47735e+08	1.758e+08	2.11121e+08	2.56129e+08	3.14284e+08	3.90604e+08	4.92541e+08	6.31444e+08	8.2511e+08	1.10241e+09	1.51199e+09	2.13954e+09	3.14318e+09	4.79344e+09	3.14318e+09	2.13954e+09	1.51199e+09	1.10241e+09	8.2511e+08	6.31444e+08	4.92541e+08	3.90604e+08	3.14284e+08	2.56129e+08	2.11121e+08	1.758e+08	1.47735e+08	1.25182e+08	
0	1.46643e+08	1.74501e+08	2.0956e+08	2.54236e+08	3.11961e+08	3.87718e+08	4.88902e+08	6.26777e+08	8.19012e+08	1.09426e+09	1.50081e+09	2.12373e+09	3.11995e+09	4.75802e+09	3.11995e+09	2.12373e+09	1.50081e+09	1.09426e+09	8.19012e+08	6.26777e+08	4.88902e+08	3.87718e+08	3.11961e+08	2.54236e+08	2.0956e+08	1.74501e+08	1.46643e+08	1.24257e+08	
0	1.45558e+08	1.7321e+08	2.0801e+08	2.52355e+08	3.09653e+08	3.84849e+08	4.85284e+08	6.2214e+08	8.12953e+08	1.08616e+09	1.48971e+09	2.10802e+09	3.09687e+09	4.72282e+09	3.09687e+09	2.10802e+09	1.48971e+09	1.08616e+09	8.12953e+08	6.2214e+08	4.85284e+08	3.84849e+08	3.09653e+08	2.52355e+08	2.0801e+08	1.7321e+08	1.45558e+08	1.23338e+08	
0	1.4448e+08	1.71927e+08	2.06469e+08	2.50486e+08	3.07359e+08	3.81998e+08	4.8169e+08	6.17531e+08	8.06931e+08	1.07812e+09	1.47868e+09	2.0924e+09	3.07393e+09	4.68784e+09	3.07393e+09	2.0924e+09	1.47868e+09	1.07812e+09	8.06931e+08	6.17531e+08	4.8169e+08	3.81998e+08	3.07359e+08	2.50486e+08	2.06469e+08	1.71927e+08	1.4448e+08	1.22424e+08	
0	1.43408e+08	1.70652e+08	2.04938e+08	2.48628e+08	3.0508e+08	3.79165e+08	4.78117e+08	6.12951e+08	8.00946e+08	1.07012e+09	1.46771e+09	2.07688e+09	3.05113e+09	4.65307e+09	3.05113e+09	2.07688e+09	1.46771e+09	1.07012e+09	8.00946e+08	6.12951e+08	4.78117e+08	3.79165e+08	3.0508e+08	2.48628e+08	2.04938e+08	1.70652e+08	1.43408e+08	1.21516e+08	
0	1.42344e+08	1.69385e+08	2.03416e+08	2.46782e+08	3.02814e+08	3.7635e+08	4.74567e+08	6.084e+08	7.94999e+08	1.06218e+09	1.45681e+09	2.06146e+09	3.02848e+09	4.61852e+09	3.02848e+09	2.06146e+09	1.45681e+09	1.06218e+09	7.94999e+08	6.084e+08	4.74567e+08	3.7635e+08	3.02814e+08	2.46782e+08	2.03416e+08	1.69385e+08	1.42344e+08	1.20614e+08	
0	1.41285e+08	1.68125e+08	2.01904e+08	2.44947e+08	3.00563e+08	3.73552e+08	4.71039e+08	6.03877e+08	7.89088e+08	1.05428e+09	1.44598e+09	2.04614e+09	3.00596e+09	4.58418e+09	3.00596e+09	2.04614e+09	1.44598e+09	1.05428e+09	7.89088e+08	6.03877e+08	4.71039e+08	3.73552e+08	3.00563e+08	2.44947e+08	2.01904e+08	1.68125e+08	1.41285e+08	1.19717e+08	
0	1.40234e+08	1.66874e+08	2.00401e+08	2.43124e+08	2.98326e+08	3.70771e+08	4.67533e+08	5.99382e+08	7.83215e+08	1.04643e+09	1.43522e+09	2.03091e+09	2.98359e+09	4.55006e+09	2.98359e+09	2.03091e+09	1.43522e+09	1.04643e+09	7.83215e+08	5.99382e+08	4.67533e+08	3.70771e+08	2.98326e+08	2.43124e+08	2.00401e+08	1.66874e+08	1.40234e+08	1.18826e+08	
0	1.39189e+08	1.6563e+08	1.98908e+08	2.41312e+08	2.96103e+08	3.68008e+08	4.64049e+08	5.94915e+08	7.77378e+08	1.03863e+09	1.42452e+09	2.01577e+09	2.96135e+09	4.51615e+09	2.96135e+09	2.01577e+09	1.42452e+09	1.03863e+09	7.77378e+08	5.94915e+08	4.64049e+08	3.68008e+08	2.96103e+08	2.41312e+08	1.98908e+08	1.6563e+08	1.39189e+08	1.17941e+08	
0	1.3815e+08	1.64395e+08	1.97423e+08	2.39512e+08	2.93894e+08	3.65263e+08	4.60586e+08	5.90477e+08	7.71578e+08	1.03088e+09	1.41389e+09	2.00073e+09	2.93926e+09	4.48246e+09	2.93926e+09	2.00073e+09	1.41389e+09	1.03088e+09	7.71578e+08	5.90477e+08	4.60586e+08	3.65263e+08	2.93894e+08	2.39512e+08	1.97423e+08	1.64395e+08	1.3815e+08	1.17061e+08	
0	1.37118e+08	1.63167e+08	1.95949e+08	2.37723e+08	2.91698e+08	3.62534e+08	4.57146e+08	5.86066e+08	7.65815e+08	1.02318e+09	1.40333e+09	1.98579e+09	2.9173e+09	4.44897e+09	2.9173e+09	1.98579e+09	1.40333e+09	1.02318e+09	7.65815e+08	5.86066e+08	4.57146e+08	3.62534e+08	2.91698e+08	2.37723e+08	1.95949e+08	1.63167e+08	1.37118e+08	1.16186e+08	
0	1.36093e+08	1.61946e+08	1.94483e+08	2.35945e+08	2.89517e+08	3.59823e+08	4.53727e+08	5.81683e+08	7.60087e+08	1.01553e+09	1.39284e+09	1.97094e+09	2.89548e+09	4.4157e+09	2.89548e+09	1.97094e+09	1.39284e+09	1.01553e+09	7.60087e+08	5.81683e+08	4.53727e+08	3.59823e+08	2.89517e+08	2.35945e+08	1.94483e+08	1.61946e+08	1.36093e+08	1.15317e+08	
0	1.35074e+08	1.60734e+08	1.93027e+08	2.34178e+08	2.87349e+08	3.57129e+08	4.5033e+08	5.77328e+08	7.54396e+08	1.00793e+09	1.38241e+09	1.95618e+09	2.8738e+09	4.38264e+09	2.8738e+09	1.95618e+09	1.38241e+09	1.00793e+09	7.54396e+08	5.77328e+08	4.5033e+08	3.57129e+08	2.87349e+08	2.34178e+08	1.93027e+08	1.60734e+08	1.35074e+08	1.14454e+08	
0	1.34061e+08	1.59529e+08	1.9158e+08	2.32423e+08	2.85195e+08	3.54452e+08	4.46954e+08	5.73e+08	7.48741e+08	1.00037e+09	1.37204e+09	1.94151e+09	2.85226e+09	4.34979e+09	2.85226e+09	1.94151e+09	1.37204e+09	1.00037e+09	7.48741e+08	5.73e+08	4.46954e+08	3.54452e+08	2.85195e+08	2.32423e+08	1.9158e+08	1.59529e+08	1.34061e+08	1.13596e+08	
0	1.33055e+08	1.58332e+08	1.90142e+08	2.30678e+08	2.83054e+08	3.51791e+08	4.43599e+08	5.68699e+08	7.43121e+08	9.92864e+08	1.36175e+09	1.92694e+09	2.83085e+09	4.31714e+09	2.83085e+09	1.92694e+09	1.36175e+09	9.92864e+08	7.43121e+08	5.68699e+08	4.43599e+08	3.51791e+08	2.83054e+08	2.30678e+08	1.90142e+08	1.58332e+08	1.33055e+08	1.12743e+08	
0	1.32055e+08	1.57142e+08	1.88714e+08	2.28945e+08	2.80928e+08	3.49148e+08	4.40266e+08	5.64426e+08	7.37538e+08	9.85404e+08	1.35151e+09	1.91246e+09	2.80958e+09	4.2847e+09	2.80958e+09	1.91246e+09	1.35151e+09	9.85404e+08	7.37538e+08	5.64426e+08	4.40266e+08	3.49148e+08	2.80928e+08	2.28945e+08	1.88714e+08	1.57142e+08	1.32055e+08	1.11896e+08	
0	1.31062e+08	1.5596e+08	1.87294e+08	2.27223e+08	2.78814e+08	3.46521e+08	4.36954e+08	5.6018e+08	7.31989e+08	9.77991e+08	1.34135e+09	1.89808e+09	2.78845e+09	4.25247e+09	2.78845e+09	1.89808e+09	1.34135e+09	9.77991e+08	7.31989e+08	5.6018e+08	4.36954e+08	3.46521e+08	2.78814e+08	2.27223e+08	1.87294e+08	1.5596e+08	1.31062e+08	1.11055e+08	
0	1.30075e+08	1.54785e+08	1.85883e+08	2.25511e+08	2.76714e+08	3.43912e+08	4.33663e+08	5.55961e+08	7.26477e+08	9.70625e+08	1.33125e+09	1.88378e+09	2.76745e+09	4.22044e+09	2.76745e+09	1.88378e+09	1.33125e+09	9.70625e+08	7.26477e+08	5.55961e+08	4.33663e+08	3.43912e+08	2.76714e+08	2.25511e+08	1.85883e+08	1.54785e+08	1.30075e+08	1.10218e+08	
0	1.29094e+08	1.53618e+08	1.84482e+08	2.23811e+08	2.74628e+08	3.41319e+08	4.30393e+08	5.51769e+08	7.20999e+08	9.63307e+08	1.32121e+09	1.86958e+09	2.74658e+09	4.18862e+09	2.74658e+09	1.86958e+09	1.32121e+09	9.63307e+08	7.20999e+08	5.51769e+08	4.30393e+08	3.41319e+08	2.74628e+08	2.23811e+08	1.84482e+08	1.53618e+08	1.29094e+08	1.09387e+08	
0	1.28119e+08	1.52458e+08	1.83089e+08	2.22121e+08	2.72555e+08	3.38742e+08	4.27144e+08	5.47604e+08	7.15556e+08	9.56035e+08	1.31123e+09	1.85546e+09	2.72585e+09	4.157e+09	2.72585e+09	1.85546e+09	1.31123e+09	9.56035e+08	7.15556e+08	5.47604e+08	4.27144e+08	3.38742e+08	2.72555e+08	2.22121e+08	1.83089e+08	1.52458e+08	1.28119e+08	1.08561e+08	
0	1.27151e+08	1.51306e+08	1.81705e+08	2.20443e+08	2.70495e+08	3.36182e+08	4.23916e+08	5.43465e+08	7.10148e+08	9.4881e+08	1.30132e+09	1.84144e+09	2.70525e+09	4.12559e+09	2.70525e+09	1.84144e+09	1.30132e+09	9.4881e+08	7.10148e+08	5.43465e+08	4.23916e+08	3.36182e+08	2.70495e+08	2.20443e+08	1.81705e+08	1.51306e+08	1.27151e+08	1.07741e+08	
0	1.26189e+08	1.50161e+08	1.80331e+08	2.18775e+08	2.68448e+08	3.33638e+08	4.20709e+08	5.39353e+08	7.04775e+08	9.41631e+08	1.29148e+09	1.82751e+09	2.68478e+09	4.09437e+09	2.68478e+09	1.82751e+09	1.29148e+09	9.41631e+08	7.04775e+08	5.39353e+08	4.20709e+08	3.33638e+08	2.68448e+08	2.18775e+08	1.80331e+08	1.50161e+08	1.26189e+08	1.06926e+08	
0	1.25233e+08	1.49024e+08	1.78965e+08	2.17117e+08	2.66415e+08	3.31111e+08	4.17522e+08	5.35268e+08	6.99436e+08	9.34498e+08	1.2817e+09	1.81366e+09	2.66444e+09	4.06336e+09	2.66444e+09	1.81366e+09	1.2817e+09	9.34498e+08	6.99436e+08	5.35268e+08	4.17522e+08	3.31111e+08	2.66415e+08	2.17117e+08	1.78965e+08	1.49024e+08	1.25233e+08	1.06116e+08	
0	1.24283e+08	1.47894e+08	1.77607e+08	2.15471e+08	2.64394e+08	3.286e+08	4.14355e+08	5.31208e+08	6.94132e+08	9.27411e+08	1.27198e+09	1.79991e+09	2.64423e+09	4.03254e+09	2.64423e+09	1.79991e+09	1.27198e+09	9.27411e+08	6.94132e+08	5.31208e+08	4.14355e+08	3.286e+08	2.64394e+08	2.15471e+08	1.77607e+08	1.47894e+08	1.24283e+08	1.05311e+08	
0	1.2334e+08	1.46771e+08	1.76259e+08	2.13835e+08	2.62387e+08	3.26105e+08	4.1121e+08	5.27175e+08	6.88862e+08	9.20369e+08	1.26232e+09	1.78624e+09	2.62416e+09	4.00192e+09	2.62416e+09	1.78624e+09	1.26232e+09	9.20369e+08	6.88862e+08	5.27175e+08	4.1121e+08	3.26105e+08	2.62387e+08	2.13835e+08	1.76259e+08	1.46771e+08	1.2334e+08	1.04511e+08	
0	1.22402e+08	1.45655e+08	1.74919e+08	2.1221e+08	2.60393e+08	3.23626e+08	4.08084e+08	5.23168e+08	6.83626e+08	9.13374e+08	1.25272e+09	1.77267e+09	2.60421e+09	3.97151e+09	2.60421e+09	1.77267e+09	1.25272e+09	9.13374e+08	6.83626e+08	5.23168e+08	4.08084e+08	3.23626e+08	2.60393e+08	2.1221e+08	1.74919e+08	1.45655e+08	1.22402e+08	1.03717e+08	
0	1.21471e+08	1.44547e+08	1.73588e+08	2.10595e+08	2.58411e+08	3.21164e+08	4.04979e+08	5.19187e+08	6.78424e+08	9.06423e+08	1.24319e+09	1.75918e+09	2.58439e+09	3.94128e+09	2.58439e+09	1.75918e+09	1.24319e+09	9.06423e+08	6.78424e+08	5.19187e+08	4.04979e+08	3.21164e+08	2.58411e+08	2.10595e+08	1.73588e+08	1.44547e+08	1.21471e+08	1.02928e+08	
0	1.20546e+08	1.43446e+08	1.72266e+08	2.0899e+08	2.56442e+08	3.18717e+08	4.01893e+08	5.15232e+08	6.73255e+08	8.99518e+08	1.23372e+09	1.74578e+09	2.56471e+09	3.91126e+09	2.56471e+09	1.74578e+09	1.23372e+09	8.99518e+08	6.73255e+08	5.15232e+08	4.01893e+08	3.18717e+08	2.56442e+08	2.0899e+08	1.72266e+08	1.43446e+08	1.20546e+08	1.02144e+08	
0	1.19626e+08	1.42352e+08	1.70952e+08	2.07397e+08	2.54487e+08	3.16286e+08	3.98828e+08	5.11302e+08	6.6812e+08	8.92657e+08	1.22431e+09	1.73246e+09	2.54515e+09	3.88143e+09	2.54515e+09	1.73246e+09	1.22431e+09	8.92657e+08	6.6812e+08	5.11302e+08	3.98828e+08	3.16286e+08	2.54487e+08	2.07397e+08	1.70952e+08	1.42352e+08	1.19626e+08	1.01365e+08	
0	1.18713e+08	1.41265e+08	1.69646e+08	2.05813e+08	2.52543e+08	3.13871e+08	3.95783e+08	5.07398e+08	6.63019e+08	8.85842e+08	1.21496e+09	1.71923e+09	2.52571e+09	3.85179e+09	2.52571e+09	1.71923e+09	1.21496e+09	8.85842e+08	6.63019e+08	5.07398e+08	3.95783e+08	3.13871e+08	2.52543e+08	2.05813e+08	1.69646e+08	1.41265e+08	1.18713e+08	1.00591e+08	
0	1.17805e+08	1.40185e+08	1.6835e+08	2.0424e+08	2.50613e+08	3.11472e+08	3.92758e+08	5.0352e+08	6.57951e+08	8.7907e+08	1.20567e+09	1.70609e+09	2.50641e+09	3.82235e+09	2.50641e+09	1.70609e+09	1.20567e+09	8.7907e+08	6.57951e+08	5.0352e+08	3.92758e+08	3.11472e+08	2.50613e+08	2.0424e+08	1.6835e+08	1.40185e+08	1.17805e+08	9.98218e+07	
0	1.16904e+08	1.39112e+08	1.67061e+08	2.02677e+08	2.48695e+08	3.09088e+08	3.89752e+08	4.99666e+08	6.52916e+08	8.72343e+08	1.19645e+09	1.69304e+09	2.48722e+09	3.7931e+09	2.48722e+09	1.69304e+09	1.19645e+09	8.72343e+08	6.52916e+08	4.99666e+08	3.89752e+08	3.09088e+08	2.48695e+08	2.02677e+08	1.67061e+08	1.39112e+08	1.16904e+08	9.90579e+07	
0	1.16008e+08	1.38046e+08	1.65782e+08	2.01124e+08	2.4679e+08	3.0672e+08	3.86766e+08	4.95838e+08	6.47914e+08	8.6566e+08	1.18728e+09	1.68006e+09	2.46817e+09	3.76404e+09	2.46817e+09	1.68006e+09	1.18728e+09	8.6566e+08	6.47914e+08	4.95838e+08	3.86766e+08	3.0672e+08	2.4679e+08	2.01124e+08	1.65782e+08	1.38046e+08	1.16008e+08	9.8299e+07	
0	1.15118e+08	1.36988e+08	1.6451e+08	1.99581e+08	2.44897e+08	3.04368e+08	3.838e+08	4.92035e+08	6.42944e+08	8.59021e+08	1.17818e+09	1.66718e+09	2.44924e+09	3.73517e+09	2.44924e+09	1.66718e+09	1.17818e+09	8.59021e+08	6.42944e+08	4.92035e+08	3.838e+08	3.04368e+08	2.44897e+08	1.99581e+08	1.6451e+08	1.36988e+08	1.15118e+08	9.7545e+07	
0	1.14235e+08	1.35936e+08	1.63247e+08	1.98049e+08	2.43017e+08	3.02031e+08	3.80853e+08	4.88257e+08	6.38008e+08	8.52425e+08	1.16913e+09	1.65438e+09	2.43043e+09	3.70649e+09	2.43043e+09	1.65438e+09	1.16913e+09	8.52425e+08	6.38008e+08	4.88257e+08	3.80853e+08	3.02031e+08	2.43017e+08	1.98049e+08	1.63247e+08	1.35936e+08	1.14235e+08	9.67961e+07	
0	1.13356e+08	1.34891e+08	1.61992e+08	1.96527e+08	2.41149e+08	2.99709e+08	3.77925e+08	4.84504e+08	6.33104e+08	8.45872e+08	1.16014e+09	1.64166e+09	2.41175e+09	3.678e+09	2.41175e+09	1.64166e+09	1.16014e+09	8.45872e+08	6.33104e+08	4.84504e+08	3.77925e+08	2.99709e+08	2.41149e+08	1.96527e+08	1.61992e+08	1.34891e+08	1.13356e+08	9.6052e+07	
0	1.12484e+08	1.33853e+08	1.60745e+08	1.95014e+08	2.39293e+08	2.97403e+08	3.75017e+08	4.80776e+08	6.28232e+08	8.39363e+08	1.15122e+09	1.62903e+09	2.39319e+09	3.6497e+09	2.39319e+09	1.62903e+09	1.15122e+09	8.39363e+08	6.28232e+08	4.80776e+08	3.75017e+08	2.97403e+08	2.39293e+08	1.95014e+08	1.60745e+08	1.33853e+08	1.12484e+08	9.53129e+07	
0	1.11618e+08	1.32822e+08	1.59507e+08	1.93512e+08	2.3745e+08	2.95112e+08	3.72128e+08	4.77072e+08	6.23392e+08	8.32897e+08	1.14235e+09	1.61648e+09	2.37476e+09	3.62158e+09	2.37476e+09	1.61648e+09	1.14235e+09	8.32897e+08	6.23392e+08	4.77072e+08	3.72128e+08	2.95112e+08	2.3745e+08	1.93512e+08	1.59507e+08	1.32822e+08	1.11618e+08	9.45786e+07	
0	1.10757e+08	1.31797e+08	1.58277e+08	1.9202e+08	2.35618e+08	2.92836e+08	3.69258e+08	4.73393e+08	6.18584e+08	8.26474e+08	1.13354e+09	1.60401e+09	2.35644e+09	3.59365e+09	2.35644e+09	1.60401e+09	1.13354e+09	8.26474e+08	6.18584e+08	4.73393e+08	3.69258e+08	2.92836e+08	2.35618e+08	1.9202e+08	1.58277e+08	1.31797e+08	1.10757e+08	9.38492e+07	
0	1.09902e+08	1.3078e+08	1.57055e+08	1.90537e+08	2.33799e+08	2.90575e+08	3.66407e+08	4.69738e+08	6.13808e+08	8.20093e+08	1.12478e+09	1.59163e+09	2.33825e+09	3.56591e+09	2.33825e+09	1.59163e+09	1.12478e+09	8.20093e+08	6.13808e+08	4.69738e+08	3.66407e+08	2.90575e+08	2.33799e+08	1.90537e+08	1.57055e+08	1.3078e+08	1.09902e+08	9.31246e+07	
0	1.09052e+08	1.29769e+08	1.55841e+08	1.89064e+08	2.31992e+08	2.88329e+08	3.63575e+08	4.66107e+08	6.09064e+08	8.13754e+08	1.11609e+09	1.57933e+09	2.32018e+09	3.53835e+09	2.32018e+09	1.57933e+09	1.11609e+09	8.13754e+08	6.09064e+08	4.66107e+08	3.63575e+08	2.88329e+08	2.31992e+08	1.89064e+08	1.55841e+08	1.29769e+08	1.09052e+08	9.24048e+07	
0	1.08208e+08	1.28765e+08	1.54635e+08	1.87601e+08	2.30197e+08	2.86098e+08	3.60762e+08	4.62501e+08	6.04352e+08	8.07458e+08	1.10746e+09	1.56711e+09	2.30222e+09	3.51097e+09	2.30222e+09	1.56711e+09	1.10746e+09	8.07458e+08	6.04352e+08	4.62501e+08	3.60762e+08	2.86098e+08	2.30197e+08	1.87601e+08	1.54635e+08	1.28765e+08	1.08208e+08	9.16899e+07	
0	1.0737e+08	1.27767e+08	1.53437e+08	1.86148e+08	2.28414e+08	2.83882e+08	3.57967e+08	4.58918e+08	5.9967e+08	8.01203e+08	1.09888e+09	1.55497e+09	2.28439e+09	3.48377e+09	2.28439e+09	1.55497e+09	1.09888e+09	8.01203e+08	5.9967e+08	4.58918e+08	3.57967e+08	2.83882e+08	2.28414e+08	1.86148e+08	1.53437e+08	1.27767e+08	1.0737e+08	9.09796e+07	
0	1.06538e+08	1.26777e+08	1.52248e+08	1.84705e+08	2.26643e+08	2.81681e+08	3.55192e+08	4.5536e+08	5.9502e+08	7.9499e+08	1.09036e+09	1.54291e+09	2.26668e+09	3.45676e+09	2.26668e+09	1.54291e+09	1.09036e+09	7.9499e+08	5.9502e+08	4.5536e+08	3.55192e+08	2.81681e+08	2.26643e+08	1.84705e+08	1.52248e+08	1.26777e+08	1.06538e+08	9.02741e+07	
0	1.05711e+08	1.25792e+08	1.51066e+08	1.83271e+08	2.24883e+08	2.79494e+08	3.52434e+08	4.51825e+08	5.90401e+08	7.88819e+08	1.08189e+09	1.53093e+09	2.24908e+09	3.42992e+09	2.24908e+09	1.53093e+09	1.08189e+09	7.88819e+08	5.90401e+08	4.51825e+08	3.52434e+08	2.79494e+08	2.24883e+08	1.83271e+08	1.51066e+08	1.25792e+08	1.05711e+08	8.95734e+07	
0	1.04889e+08	1.24815e+08	1.49892e+08	1.81847e+08	2.23136e+08	2.77322e+08	3.49695e+08	4.48313e+08	5.85813e+08	7.82689e+08	1.07348e+09	1.51904e+09	2.2316e+09	3.40327e+09	2.2316e+09	1.51904e+09	1.07348e+09	7.82689e+08	5.85813e+08	4.48313e+08	3.49695e+08	2.77322e+08	2.23136e+08	1.81847e+08	1.49892e+08	1.24815e+08	1.04889e+08	8.88773e+07	
0	1.04073e+08	1.23844e+08	1.48726e+08	1.80432e+08	2.214e+08	2.75165e+08	3.46975e+08	4.44826e+08	5.81256e+08	7.766e+08	1.06513e+09	1.50722e+09	2.21424e+09	3.37679e+09	2.21424e+09	1.50722e+09	1.06513e+09	7.766e+08	5.81256e+08	4.44826e+08	3.46975e+08	2.75165e+08	2.214e+08	1.80432e+08	1.48726e+08	1.23844e+08	1.04073e+08	8.81858e+07	
0	1.03263e+08	1.22879e+08	1.47567e+08	1.79027e+08	2.19676e+08	2.73022e+08	3.44273e+08	4.41362e+08	5.76729e+08	7.70552e+08	1.05684e+09	1.49548e+09	2.197e+09	3.3505e+09	2.197e+09	1.49548e+09	1.05684e+09	7.70552e+08	5.76729e+08	4.41362e+08	3.44273e+08	2.73022e+08	2.19676e+08	1.79027e+08	1.47567e+08	1.22879e+08	1.03263e+08	8.74991e+07	
0	1.02458e+08	1.21921e+08	1.46417e+08	1.77631e+08	2.17963e+08	2.70893e+08	3.41589e+08	4.37921e+08	5.72233e+08	7.64544e+08	1.0486e+09	1.48382e+09	2.17987e+09	3.32438e+09	2.17987e+09	1.48382e+09	1.0486e+09	7.64544e+08	5.72233e+08	4.37921e+08	3.41589e+08	2.70893e+08	2.17963e+08	1.77631e+08	1.46417e+08	1.21921e+08	1.02458e+08	8.68169e+07	
0	1.01658e+08	1.2097e+08	1.45274e+08	1.76245e+08	2.16262e+08	2.68779e+08	3.38923e+08	4.34503e+08	5.67766e+08	7.58577e+08	1.04041e+09	1.47224e+09	2.16286e+09	3.29843e+09	2.16286e+09	1.47224e+09	1.04041e+09	7.58577e+08	5.67766e+08	4.34503e+08	3.38923e+08	2.68779e+08	2.16262e+08	1.76245e+08	1.45274e+08	1.2097e+08	1.01658e+08	8.61393e+07	
0	1.00864e+08	1.20025e+08	1.44139e+08	1.74868e+08	2.14572e+08	2.66679e+08	3.36275e+08	4.31108e+08	5.63331e+08	7.52651e+08	1.03229e+09	1.46074e+09	2.14596e+09	3.27266e+09	2.14596e+09	1.46074e+09	1.03229e+09	7.52651e+08	5.63331e+08	4.31108e+08	3.36275e+08	2.66679e+08	2.14572e+08	1.74868e+08	1.44139e+08	1.20025e+08	1.00864e+08	8.54663e+07	
0	1.00075e+08	1.19086e+08	1.43012e+08	1.735e+08	2.12894e+08	2.64593e+08	3.33645e+08	4.27736e+08	5.58925e+08	7.46764e+08	1.02421e+09	1.44931e+09	2.12917e+09	3.24706e+09	2.12917e+09	1.44931e+09	1.02421e+09	7.46764e+08	5.58925e+08	4.27736e+08	3.33645e+08	2.64593e+08	2.12894e+08	1.735e+08	1.43012e+08	1.19086e+08	1.00075e+08	8.47979e+07	
0	9.92912e+07	1.18154e+08	1.41892e+08	1.72142e+08	2.11227e+08	2.62521e+08	3.31032e+08	4.24387e+08	5.54548e+08	7.40917e+08	1.01619e+09	1.43797e+09	2.1125e+09	3.22164e+09	2.1125e+09	1.43797e+09	1.01619e+09	7.40917e+08	5.54548e+08	4.24387e+08	3.31032e+08	2.62521e+08	2.11227e+08	1.72142e+08	1.41892e+08	1.18154e+08	9.92912e+07	8.41339e+07	
0	9.8513e+07	1.17228e+08	1.4078e+08	1.70793e+08	2.09572e+08	2.60464e+08	3.28438e+08	4.21061e+08	5.50202e+08	7.3511e+08	1.00823e+09	1.42669e+09	2.09595e+09	3.19639e+09	2.09595e+09	1.42669e+09	1.00823e+09	7.3511e+08	5.50202e+08	4.21061e+08	3.28438e+08	2.60464e+08	2.09572e+08	1.70793e+08	1.4078e+08	1.17228e+08	9.8513e+07	8.34745e+07	
0	9.774e+07	1.16308e+08	1.39675e+08	1.69452e+08	2.07927e+08	2.5842e+08	3.25861e+08	4.17757e+08	5.45885e+08	7.29342e+08	1.00032e+09	1.4155e+09	2.0795e+09	3.17131e+09	2.0795e+09	1.4155e+09	1.00032e+09	7.29342e+08	5.45885e+08	4.17757e+08	3.25861e+08	2.5842e+08	2.07927e+08	1.69452e+08	1.39675e+08	1.16308e+08	9.774e+07	8.28196e+07	
0	9.69724e+07	1.15394e+08	1.38578e+08	1.68122e+08	2.06294e+08	2.56391e+08	3.23301e+08	4.14476e+08	5.41597e+08	7.23614e+08	9.9246e+08	1.40438e+09	2.06317e+09	3.1464e+09	2.06317e+09	1.40438e+09	9.9246e+08	7.23614e+08	5.41597e+08	4.14476e+08	3.23301e+08	2.56391e+08	2.06294e+08	1.68122e+08	1.38578e+08	1.15394e+08	9.69724e+07	8.21691e+07	
0	9.62099e+07	1.14487e+08	1.37489e+08	1.668e+08	2.04672e+08	2.54375e+08	3.20759e+08	4.11217e+08	5.37339e+08	7.17924e+08	9.84657e+08	1.39334e+09	2.04695e+09	3.12166e+09	2.04695e+09	1.39334e+09	9.84657e+08	7.17924e+08	5.37339e+08	4.11217e+08	3.20759e+08	2.54375e+08	2.04672e+08	1.668e+08	1.37489e+08	1.14487e+08	9.62099e+07	8.1523e+07	
0	9.54527e+07	1.13586e+08	1.36407e+08	1.65487e+08	2.03061e+08	2.52372e+08	3.18235e+08	4.07981e+08	5.3311e+08	7.12273e+08	9.76907e+08	1.38237e+09	2.03083e+09	3.09709e+09	2.03083e+09	1.38237e+09	9.76907e+08	7.12273e+08	5.3311e+08	4.07981e+08	3.18235e+08	2.52372e+08	2.03061e+08	1.65487e+08	1.36407e+08	1.13586e+08	9.54527e+07	8.08813e+07	
0	9.47006e+07	1.12691e+08	1.35332e+08	1.64183e+08	2.01461e+08	2.50384e+08	3.15727e+08	4.04766e+08	5.28909e+08	7.06661e+08	9.6921e+08	1.37148e+09	2.01483e+09	3.07269e+09	2.01483e+09	1.37148e+09	9.6921e+08	7.06661e+08	5.28909e+08	4.04766e+08	3.15727e+08	2.50384e+08	2.01461e+08	1.64183e+08	1.35332e+08	1.12691e+08	9.47006e+07	8.02441e+07	
0	9.39536e+07	1.11802e+08	1.34264e+08	1.62888e+08	1.99872e+08	2.48409e+08	3.13237e+08	4.01574e+08	5.24738e+08	7.01088e+08	9.61565e+08	1.36066e+09	1.99894e+09	3.04846e+09	1.99894e+09	1.36066e+09	9.61565e+08	7.01088e+08	5.24738e+08	4.01574e+08	3.13237e+08	2.48409e+08	1.99872e+08	1.62888e+08	1.34264e+08	1.11802e+08	9.39536e+07	7.96112e+07	
0	9.32118e+07	1.10919e+08	1.33204e+08	1.61602e+08	1.98294e+08	2.46448e+08	3.10764e+08	3.98403e+08	5.20595e+08	6.95552e+08	9.53973e+08	1.34992e+09	1.98316e+09	3.02439e+09	1.98316e+09	1.34992e+09	9.53973e+08	6.95552e+08	5.20595e+08	3.98403e+08	3.10764e+08	2.46448e+08	1.98294e+08	1.61602e+08	1.33204e+08	1.10919e+08	9.32118e+07	7.89826e+07	
0	9.24751e+07	1.10043e+08	1.32152e+08	1.60325e+08	1.96727e+08	2.445e+08	3.08308e+08	3.95254e+08	5.1648e+08	6.90055e+08	9.46434e+08	1.33925e+09	1.96748e+09	3.00049e+09	1.96748e+09	1.33925e+09	9.46434e+08	6.90055e+08	5.1648e+08	3.95254e+08	3.08308e+08	2.445e+08	1.96727e+08	1.60325e+08	1.32152e+08	1.10043e+08	9.24751e+07	7.83583e+07	
0	9.17435e+07	1.09172e+08	1.31106e+08	1.59056e+08	1.9517e+08	2.42566e+08	3.05869e+08	3.92127e+08	5.12394e+08	6.84595e+08	9.38945e+08	1.32866e+09	1.95192e+09	2.97675e+09	1.95192e+09	1.32866e+09	9.38945e+08	6.84595e+08	5.12394e+08	3.92127e+08	3.05869e+08	2.42566e+08	1.9517e+08	1.59056e+08	1.31106e+08	1.09172e+08	9.17435e+07	7.77384e+07	
0	9.10169e+07	1.08307e+08	1.30068e+08	1.57796e+08	1.93625e+08	2.40644e+08	3.03446e+08	3.89021e+08	5.08336e+08	6.79173e+08	9.31509e+08	1.31813e+09	1.93646e+09	2.95317e+09	1.93646e+09	1.31813e+09	9.31509e+08	6.79173e+08	5.08336e+08	3.89021e+08	3.03446e+08	2.40644e+08	1.93625e+08	1.57796e+08	1.30068e+08	1.08307e+08	9.10169e+07	7.71227e+07	
0	9.02953e+07	1.07449e+08	1.29036e+08	1.56545e+08	1.9209e+08	2.38737e+08	3.0104e+08	3.85937e+08	5.04305e+08	6.73789e+08	9.24124e+08	1.30768e+09	1.92111e+09	2.92976e+09	1.92111e+09	1.30768e+09	9.24124e+08	6.73789e+08	5.04305e+08	3.85937e+08	3.0104e+08	2.38737e+08	1.9209e+08	1.56545e+08	1.29036e+08	1.07449e+08	9.02953e+07	7.65112e+07	
0	8.95786e+07	1.06596e+08	1.28012e+08	1.55303e+08	1.90565e+08	2.36842e+08	2.98651e+08	3.82874e+08	5.00303e+08	6.68441e+08	9.1679e+08	1.2973e+09	1.90586e+09	2.90651e+09	1.90586e+09	1.2973e+09	9.1679e+08	6.68441e+08	5.00303e+08	3.82874e+08	2.98651e+08	2.36842e+08	1.90565e+08	1.55303e+08	1.28012e+08	1.06596e+08	8.95786e+07	7.5904e+07	
0	8.8867e+07	1.05749e+08	1.26995e+08	1.54069e+08	1.89051e+08	2.3496e+08	2.96279e+08	3.79832e+08	4.96328e+08	6.63131e+08	9.09506e+08	1.287e+09	1.89072e+09	2.88342e+09	1.89072e+09	1.287e+09	9.09506e+08	6.63131e+08	4.96328e+08	3.79832e+08	2.96279e+08	2.3496e+08	1.89051e+08	1.54069e+08	1.26995e+08	1.05749e+08	8.8867e+07	7.5301e+07	
0	8.81603e+07	1.04908e+08	1.25985e+08	1.52844e+08	1.87548e+08	2.33092e+08	2.93922e+08	3.76812e+08	4.92381e+08	6.57857e+08	9.02273e+08	1.27676e+09	1.87568e+09	2.86049e+09	1.87568e+09	1.27676e+09	9.02273e+08	6.57857e+08	4.92381e+08	3.76812e+08	2.93922e+08	2.33092e+08	1.87548e+08	1.52844e+08	1.25985e+08	1.04908e+08	8.81603e+07	7.47022e+07	
0	8.74585e+07	1.04073e+08	1.24983e+08	1.51627e+08	1.86055e+08	2.31236e+08	2.91583e+08	3.73812e+08	4.88462e+08	6.5262e+08	8.95091e+08	1.2666e+09	1.86075e+09	2.83771e+09	1.86075e+09	1.2666e+09	8.95091e+08	6.5262e+08	4.88462e+08	3.73812e+08	2.91583e+08	2.31236e+08	1.86055e+08	1.51627e+08	1.24983e+08	1.04073e+08	8.74585e+07	7.41075e+07	
0	8.67615e+07	1.03244e+08	1.23987e+08	1.50419e+08	1.84572e+08	2.29394e+08	2.89259e+08	3.70833e+08	4.84569e+08	6.4742e+08	8.87958e+08	1.25651e+09	1.84592e+09	2.8151e+09	1.84592e+09	1.25651e+09	8.87958e+08	6.4742e+08	4.84569e+08	3.70833e+08	2.89259e+08	2.29394e+08	1.84572e+08	1.50419e+08	1.23987e+08	1.03244e+08	8.67615e+07	7.3517e+07	
0	8.60695e+07	1.0242e+08	1.22998e+08	1.49219e+08	1.831e+08	2.27564e+08	2.86952e+08	3.67875e+08	4.80704e+08	6.42255e+08	8.80875e+08	1.24648e+09	1.8312e+09	2.79265e+09	1.8312e+09	1.24648e+09	8.80875e+08	6.42255e+08	4.80704e+08	3.67875e+08	2.86952e+08	2.27564e+08	1.831e+08	1.49219e+08	1.22998e+08	1.0242e+08	8.60695e+07	7.29305e+07	
0	8.53822e+07	1.01602e+08	1.22015e+08	1.48028e+08	1.81638e+08	2.25747e+08	2.8466e+08	3.64938e+08	4.76866e+08	6.37127e+08	8.73841e+08	1.23653e+09	1.81658e+09	2.77035e+09	1.81658e+09	1.23653e+09	8.73841e+08	6.37127e+08	4.76866e+08	3.64938e+08	2.8466e+08	2.25747e+08	1.81638e+08	1.48028e+08	1.22015e+08	1.01602e+08	8.53822e+07	7.23482e+07	
0	8.46997e+07	1.0079e+08	1.2104e+08	1.46844e+08	1.80186e+08	2.23942e+08	2.82385e+08	3.62021e+08	4.73054e+08	6.32035e+08	8.66857e+08	1.22665e+09	1.80206e+09	2.7482e+09	1.80206e+09	1.22665e+09	8.66857e+08	6.32035e+08	4.73054e+08	3.62021e+08	2.82385e+08	2.23942e+08	1.80186e+08	1.46844e+08	1.2104e+08	1.0079e+08	8.46997e+07	7.17699e+07	
0	8.40221e+07	9.99838e+07	1.20072e+08	1.4567e+08	1.78744e+08	2.22151e+08	2.80126e+08	3.59124e+08	4.69269e+08	6.26978e+08	8.59921e+08	1.21683e+09	1.78764e+09	2.72622e+09	1.78764e+09	1.21683e+09	8.59921e+08	6.26978e+08	4.69269e+08	3.59124e+08	2.80126e+08	2.22151e+08	1.78744e+08	1.4567e+08	1.20072e+08	9.99838e+07	8.40221e+07	7.11957e+07	
0	8.33491e+07	9.9183e+07	1.1911e+08	1.44503e+08	1.77313e+08	2.20371e+08	2.77882e+08	3.56248e+08	4.65511e+08	6.21956e+08	8.53034e+08	1.20709e+09	1.77332e+09	2.70438e+09	1.77332e+09	1.20709e+09	8.53034e+08	6.21956e+08	4.65511e+08	3.56248e+08	2.77882e+08	2.20371e+08	1.77313e+08	1.44503e+08	1.1911e+08	9.9183e+07	8.33491e+07	7.06255e+07	
0	8.26809e+07	9.83879e+07	1.18155e+08	1.43344e+08	1.75891e+08	2.18605e+08	2.75654e+08	3.53392e+08	4.61779e+08	6.1697e+08	8.46195e+08	1.19741e+09	1.7591e+09	2.6827e+09	1.7591e+09	1.19741e+09	8.46195e+08	6.1697e+08	4.61779e+08	3.53392e+08	2.75654e+08	2.18605e+08	1.75891e+08	1.43344e+08	1.18155e+08	9.83879e+07	8.26809e+07	7.00593e+07	
0	8.20174e+07	9.75983e+07	1.17207e+08	1.42194e+08	1.7448e+08	2.1685e+08	2.73442e+08	3.50556e+08	4.58073e+08	6.12019e+08	8.39404e+08	1.1878e+09	1.74499e+09	2.66117e+09	1.74499e+09	1.1878e+09	8.39404e+08	6.12019e+08	4.58073e+08	3.50556e+08	2.73442e+08	2.1685e+08	1.7448e+08	1.42194e+08	1.17207e+08	9.75983e+07	8.20174e+07	6.9497e+07	
0	8.13586e+07	9.68143e+07	1.16265e+08	1.41052e+08	1.73078e+08	2.15108e+08	2.71246e+08	3.4774e+08	4.54393e+08	6.07102e+08	8.32661e+08	1.17826e+09	1.73097e+09	2.6398e+09	1.73097e+09	1.17826e+09	8.32661e+08	6.07102e+08	4.54393e+08	3.4774e+08	2.71246e+08	2.15108e+08	1.73078e+08	1.41052e+08	1.16265e+08	9.68143e+07	8.13586e+07	6.89388e+07	
0	8.07043e+07	9.60358e+07	1.15331e+08	1.39918e+08	1.71686e+08	2.13379e+08	2.69065e+08	3.44944e+08	4.50739e+08	6.02221e+08	8.25966e+08	1.16878e+09	1.71705e+09	2.61857e+09	1.71705e+09	1.16878e+09	8.25966e+08	6.02221e+08	4.50739e+08	3.44944e+08	2.69065e+08	2.13379e+08	1.71686e+08	1.39918e+08	1.15331e+08	9.60358e+07	8.07043e+07	6.83844e+07	
0	8.00548e+07	9.52628e+07	1.14402e+08	1.38791e+08	1.70304e+08	2.11661e+08	2.66899e+08	3.42167e+08	4.47111e+08	5.97373e+08	8.19318e+08	1.15938e+09	1.70323e+09	2.59749e+09	1.70323e+09	1.15938e+09	8.19318e+08	5.97373e+08	4.47111e+08	3.42167e+08	2.66899e+08	2.11661e+08	1.70304e+08	1.38791e+08	1.14402e+08	9.52628e+07	8.00548e+07	6.7834e+07	
0	7.94098e+07	9.44953e+07	1.13481e+08	1.37673e+08	1.68932e+08	2.09956e+08	2.64749e+08	3.39411e+08	4.43509e+08	5.9256e+08	8.12717e+08	1.15004e+09	1.68951e+09	2.57657e+09	1.68951e+09	1.15004e+09	8.12717e+08	5.9256e+08	4.43509e+08	3.39411e+08	2.64749e+08	2.09956e+08	1.68932e+08	1.37673e+08	1.13481e+08	9.44953e+07	7.94098e+07	6.72875e+07	
0	7.87693e+07	9.37332e+07	1.12565e+08	1.36563e+08	1.6757e+08	2.08263e+08	2.62613e+08	3.36673e+08	4.39932e+08	5.87782e+08	8.06162e+08	1.14076e+09	1.67588e+09	2.55579e+09	1.67588e+09	1.14076e+09	8.06162e+08	5.87782e+08	4.39932e+08	3.36673e+08	2.62613e+08	2.08263e+08	1.6757e+08	1.36563e+08	1.12565e+08	9.37332e+07	7.87693e+07	6.67448e+07	
0	7.81334e+07	9.29765e+07	1.11657e+08	1.3546e+08	1.66217e+08	2.06581e+08	2.60493e+08	3.33955e+08	4.36381e+08	5.83036e+08	7.99654e+08	1.13155e+09	1.66235e+09	2.53515e+09	1.66235e+09	1.13155e+09	7.99654e+08	5.83036e+08	4.36381e+08	3.33955e+08	2.60493e+08	2.06581e+08	1.66217e+08	1.3546e+08	1.11657e+08	9.29765e+07	7.81334e+07	6.6206e+07	
0	7.75021e+07	9.22252e+07	1.10754e+08	1.34366e+08	1.64874e+08	2.04912e+08	2.58388e+08	3.31257e+08	4.32854e+08	5.78325e+08	7.93192e+08	1.12241e+09	1.64892e+09	2.51467e+09	1.64892e+09	1.12241e+09	7.93192e+08	5.78325e+08	4.32854e+08	3.31257e+08	2.58388e+08	2.04912e+08	1.64874e+08	1.34366e+08	1.10754e+08	9.22252e+07	7.75021e+07	6.5671e+07	
0	7.68752e+07	9.14792e+07	1.09859e+08	1.33279e+08	1.6354e+08	2.03254e+08	2.56298e+08	3.28577e+08	4.29353e+08	5.73647e+08	7.86776e+08	1.11333e+09	1.63558e+09	2.49433e+09	1.63558e+09	1.11333e+09	7.86776e+08	5.73647e+08	4.29353e+08	3.28577e+08	2.56298e+08	2.03254e+08	1.6354e+08	1.33279e+08	1.09859e+08	9.14792e+07	7.68752e+07	6.51398e+07	
0	7.62528e+07	9.07385e+07	1.08969e+08	1.322e+08	1.62216e+08	2.01609e+08	2.54223e+08	3.25917e+08	4.25877e+08	5.69003e+08	7.80406e+08	1.10432e+09	1.62234e+09	2.47413e+09	1.62234e+09	1.10432e+09	7.80406e+08	5.69003e+08	4.25877e+08	3.25917e+08	2.54223e+08	2.01609e+08	1.62216e+08	1.322e+08	1.08969e+08	9.07385e+07	7.62528e+07	6.46124e+07	
0	7.56348e+07	9.00032e+07	1.08086e+08	1.31128e+08	1.60902e+08	1.99975e+08	2.52163e+08	3.23276e+08	4.22426e+08	5.64391e+08	7.74082e+08	1.09537e+09	1.60919e+09	2.45408e+09	1.60919e+09	1.09537e+09	7.74082e+08	5.64391e+08	4.22426e+08	3.23276e+08	2.52163e+08	1.99975e+08	1.60902e+08	1.31128e+08	1.08086e+08	9.00032e+07	7.56348e+07	6.40888e+07	
0	7.50212e+07	8.9273e+07	1.07209e+08	1.30065e+08	1.59596e+08	1.98353e+08	2.50117e+08	3.20653e+08	4.18999e+08	5.59813e+08	7.67802e+08	1.08648e+09	1.59614e+09	2.43417e+09	1.59614e+09	1.08648e+09	7.67802e+08	5.59813e+08	4.18999e+08	3.20653e+08	2.50117e+08	1.98353e+08	1.59596e+08	1.30065e+08	1.07209e+08	8.9273e+07	7.50212e+07	6.35688e+07	
0	7.4412e+07	8.85481e+07	1.06339e+08	1.29009e+08	1.583e+08	1.96742e+08	2.48086e+08	3.18049e+08	4.15596e+08	5.55267e+08	7.61567e+08	1.07766e+09	1.58318e+09	2.41441e+09	1.58318e+09	1.07766e+09	7.61567e+08	5.55267e+08	4.15596e+08	3.18049e+08	2.48086e+08	1.96742e+08	1.583e+08	1.29009e+08	1.06339e+08	8.85481e+07	7.4412e+07	6.30527e+07	
0	7.38072e+07	8.78284e+07	1.05474e+08	1.2796e+08	1.57014e+08	1.95143e+08	2.4607e+08	3.15464e+08	4.12218e+08	5.50754e+08	7.55377e+08	1.0689e+09	1.57031e+09	2.39478e+09	1.57031e+09	1.0689e+09	7.55377e+08	5.50754e+08	4.12218e+08	3.15464e+08	2.4607e+08	1.95143e+08	1.57014e+08	1.2796e+08	1.05474e+08	8.78284e+07	7.38072e+07	6.25402e+07	
0	7.32067e+07	8.71138e+07	1.04616e+08	1.26919e+08	1.55736e+08	1.93555e+08	2.44068e+08	3.12898e+08	4.08865e+08	5.46273e+08	7.49232e+08	1.0602e+09	1.55753e+09	2.3753e+09	1.55753e+09	1.0602e+09	7.49232e+08	5.46273e+08	4.08865e+08	3.12898e+08	2.44068e+08	1.93555e+08	1.55736e+08	1.26919e+08	1.04616e+08	8.71138e+07	7.32067e+07	6.20313e+07	
0	7.26105e+07	8.64044e+07	1.03764e+08	1.25885e+08	1.54468e+08	1.91979e+08	2.4208e+08	3.10349e+08	4.05535e+08	5.41824e+08	7.4313e+08	1.05157e+09	1.54485e+09	2.35596e+09	1.54485e+09	1.05157e+09	7.4313e+08	5.41824e+08	4.05535e+08	3.10349e+08	2.4208e+08	1.91979e+08	1.54468e+08	1.25885e+08	1.03764e+08	8.64044e+07	7.26105e+07	6.15262e+07	
0	7.20186e+07	8.57001e+07	1.02918e+08	1.24859e+08	1.53209e+08	1.90414e+08	2.40107e+08	3.0782e+08	4.02229e+08	5.37407e+08	7.37072e+08	1.043e+09	1.53226e+09	2.33675e+09	1.53226e+09	1.043e+09	7.37072e+08	5.37407e+08	4.02229e+08	3.0782e+08	2.40107e+08	1.90414e+08	1.53209e+08	1.24859e+08	1.02918e+08	8.57001e+07	7.20186e+07	6.10246e+07	
0	7.1431e+07	8.50008e+07	1.02079e+08	1.2384e+08	1.51959e+08	1.8886e+08	2.38148e+08	3.05308e+08	3.98947e+08	5.33023e+08	7.31058e+08	1.03449e+09	1.51975e+09	2.31769e+09	1.51975e+09	1.03449e+09	7.31058e+08	5.33023e+08	3.98947e+08	3.05308e+08	2.38148e+08	1.8886e+08	1.51959e+08	1.2384e+08	1.02079e+08	8.50008e+07	7.1431e+07	6.05267e+07	
0	7.08476e+07	8.43066e+07	1.01245e+08	1.22829e+08	1.50718e+08	1.87318e+08	2.36203e+08	3.02815e+08	3.95689e+08	5.28669e+08	7.25088e+08	1.02604e+09	1.50734e+09	2.29876e+09	1.50734e+09	1.02604e+09	7.25088e+08	5.28669e+08	3.95689e+08	3.02815e+08	2.36203e+08	1.87318e+08	1.50718e+08	1.22829e+08	1.01245e+08	8.43066e+07	7.08476e+07	6.00324e+07	
0	7.02685e+07	8.36174e+07	1.00417e+08	1.21825e+08	1.49486e+08	1.85787e+08	2.34272e+08	3.00339e+08	3.92454e+08	5.24347e+08	7.1916e+08	1.01765e+09	1.49502e+09	2.27996e+09	1.49502e+09	1.01765e+09	7.1916e+08	5.24347e+08	3.92454e+08	3.00339e+08	2.34272e+08	1.85787e+08	1.49486e+08	1.21825e+08	1.00417e+08	8.36174e+07	7.02685e+07	5.95416e+07	
0	6.96935e+07	8.29332e+07	9.95955e+07	1.20828e+08	1.48262e+08	1.84266e+08	2.32355e+08	2.97882e+08	3.89243e+08	5.20057e+08	7.13276e+08	1.00932e+09	1.48279e+09	2.26131e+09	1.48279e+09	1.00932e+09	7.13276e+08	5.20057e+08	3.89243e+08	2.97882e+08	2.32355e+08	1.84266e+08	1.48262e+08	1.20828e+08	9.95955e+07	8.29332e+07	6.96935e+07	5.90544e+07	
0	6.91227e+07	8.22539e+07	9.87797e+07	1.19838e+08	1.47048e+08	1.82757e+08	2.30452e+08	2.95442e+08	3.86055e+08	5.15797e+08	7.07434e+08	1.00105e+09	1.47064e+09	2.24279e+09	1.47064e+09	1.00105e+09	7.07434e+08	5.15797e+08	3.86055e+08	2.95442e+08	2.30452e+08	1.82757e+08	1.47048e+08	1.19838e+08	9.87797e+07	8.22539e+07	6.91227e+07	5.85707e+07	
0	6.8556e+07	8.15796e+07	9.79699e+07	1.18856e+08	1.45842e+08	1.81259e+08	2.28563e+08	2.9302e+08	3.8289e+08	5.11569e+08	7.01634e+08	9.92848e+08	1.45858e+09	2.2244e+09	1.45858e+09	9.92848e+08	7.01634e+08	5.11569e+08	3.8289e+08	2.9302e+08	2.28563e+08	1.81259e+08	1.45842e+08	1.18856e+08	9.79699e+07	8.15796e+07	6.8556e+07	5.80906e+07	
0	6.79934e+07	8.09102e+07	9.7166e+07	1.17881e+08	1.44646e+08	1.79771e+08	2.26687e+08	2.90615e+08	3.79748e+08	5.07371e+08	6.95876e+08	9.84701e+08	1.44662e+09	2.20615e+09	1.44662e+09	9.84701e+08	6.95876e+08	5.07371e+08	3.79748e+08	2.90615e+08	2.26687e+08	1.79771e+08	1.44646e+08	1.17881e+08	9.7166e+07	8.09102e+07	6.79934e+07	5.76139e+07	
0	6.74349e+07	8.02456e+07	9.63679e+07	1.16912e+08	1.43458e+08	1.78295e+08	2.24825e+08	2.88228e+08	3.76629e+08	5.03204e+08	6.90161e+08	9.76613e+08	1.43473e+09	2.18803e+09	1.43473e+09	9.76613e+08	6.90161e+08	5.03204e+08	3.76629e+08	2.88228e+08	2.24825e+08	1.78295e+08	1.43458e+08	1.16912e+08	9.63679e+07	8.02456e+07	6.74349e+07	5.71407e+07	
0	6.68805e+07	7.95859e+07	9.55756e+07	1.15951e+08	1.42278e+08	1.76829e+08	2.22977e+08	2.85859e+08	3.73532e+08	4.99066e+08	6.84487e+08	9.68584e+08	1.42294e+09	2.17004e+09	1.42294e+09	9.68584e+08	6.84487e+08	4.99066e+08	3.73532e+08	2.85859e+08	2.22977e+08	1.76829e+08	1.42278e+08	1.15951e+08	9.55756e+07	7.95859e+07	6.68805e+07	5.66709e+07	
0	6.63302e+07	7.89309e+07	9.47891e+07	1.14997e+08	1.41107e+08	1.75374e+08	2.21142e+08	2.83506e+08	3.70459e+08	4.9496e+08	6.78854e+08	9.60613e+08	1.41123e+09	2.15218e+09	1.41123e+09	9.60613e+08	6.78854e+08	4.9496e+08	3.70459e+08	2.83506e+08	2.21142e+08	1.75374e+08	1.41107e+08	1.14997e+08	9.47891e+07	7.89309e+07	6.63302e+07	5.62045e+07	
0	6.57838e+07	7.82808e+07	9.40084e+07	1.1405e+08	1.39945e+08	1.73929e+08	2.1932e+08	2.81171e+08	3.67407e+08	4.90883e+08	6.73262e+08	9.52701e+08	1.3996e+09	2.13445e+09	1.3996e+09	9.52701e+08	6.73262e+08	4.90883e+08	3.67407e+08	2.81171e+08	2.1932e+08	1.73929e+08	1.39945e+08	1.1405e+08	9.40084e+07	7.82808e+07	6.57838e+07	5.57416e+07	
0	6.52415e+07	7.76354e+07	9.32333e+07	1.13109e+08	1.38791e+08	1.72495e+08	2.17512e+08	2.78853e+08	3.64378e+08	4.86836e+08	6.67712e+08	9.44846e+08	1.38807e+09	2.11686e+09	1.38807e+09	9.44846e+08	6.67712e+08	4.86836e+08	3.64378e+08	2.78853e+08	2.17512e+08	1.72495e+08	1.38791e+08	1.13109e+08	9.32333e+07	7.76354e+07	6.52415e+07	5.5282e+07	
0	6.47031e+07	7.69948e+07	9.2464e+07	1.12176e+08	1.37646e+08	1.71072e+08	2.15717e+08	2.76552e+08	3.61371e+08	4.82818e+08	6.62202e+08	9.37049e+08	1.37661e+09	2.09939e+09	1.37661e+09	9.37049e+08	6.62202e+08	4.82818e+08	3.61371e+08	2.76552e+08	2.15717e+08	1.71072e+08	1.37646e+08	1.12176e+08	9.2464e+07	7.69948e+07	6.47031e+07	5.48258e+07	
0	6.41686e+07	7.63588e+07	9.17002e+07	1.1125e+08	1.36509e+08	1.69659e+08	2.13935e+08	2.74267e+08	3.58386e+08	4.7883e+08	6.56732e+08	9.2931e+08	1.36524e+09	2.08205e+09	1.36524e+09	9.2931e+08	6.56732e+08	4.7883e+08	3.58386e+08	2.74267e+08	2.13935e+08	1.69659e+08	1.36509e+08	1.1125e+08	9.17002e+07	7.63588e+07	6.41686e+07	5.4373e+07	
0	6.36381e+07	7.57275e+07	9.09421e+07	1.1033e+08	1.35381e+08	1.68256e+08	2.12167e+08	2.72e+08	3.55423e+08	4.74872e+08	6.51302e+08	9.21627e+08	1.35395e+09	2.06484e+09	1.35395e+09	9.21627e+08	6.51302e+08	4.74872e+08	3.55423e+08	2.72e+08	2.12167e+08	1.68256e+08	1.35381e+08	1.1033e+08	9.09421e+07	7.57275e+07	6.36381e+07	5.39235e+07	
0	6.31115e+07	7.51009e+07	9.01895e+07	1.09417e+08	1.3426e+08	1.66864e+08	2.10411e+08	2.69749e+08	3.52482e+08	4.70942e+08	6.45913e+08	9.14e+08	1.34275e+09	2.04775e+09	1.34275e+09	9.14e+08	6.45913e+08	4.70942e+08	3.52482e+08	2.69749e+08	2.10411e+08	1.66864e+08	1.3426e+08	1.09417e+08	9.01895e+07	7.51009e+07	6.31115e+07	5.34772e+07	
0	6.25888e+07	7.44788e+07	8.94425e+07	1.08511e+08	1.33148e+08	1.65482e+08	2.08668e+08	2.67515e+08	3.49563e+08	4.67041e+08	6.40563e+08	9.0643e+08	1.33163e+09	2.03079e+09	1.33163e+09	9.0643e+08	6.40563e+08	4.67041e+08	3.49563e+08	2.67515e+08	2.08668e+08	1.65482e+08	1.33148e+08	1.08511e+08	8.94425e+07	7.44788e+07	6.25888e+07	5.30343e+07	
0	6.20699e+07	7.38614e+07	8.8701e+07	1.07611e+08	1.32044e+08	1.6411e+08	2.06938e+08	2.65297e+08	3.46665e+08	4.63169e+08	6.35252e+08	8.98915e+08	1.32059e+09	2.01395e+09	1.32059e+09	8.98915e+08	6.35252e+08	4.63169e+08	3.46665e+08	2.65297e+08	2.06938e+08	1.6411e+08	1.32044e+08	1.07611e+08	8.8701e+07	7.38614e+07	6.20699e+07	5.25946e+07	
0	6.15549e+07	7.32485e+07	8.7965e+07	1.06718e+08	1.30949e+08	1.62748e+08	2.05221e+08	2.63096e+08	3.43788e+08	4.59326e+08	6.29981e+08	8.91456e+08	1.30963e+09	1.99724e+09	1.30963e+09	8.91456e+08	6.29981e+08	4.59326e+08	3.43788e+08	2.63096e+08	2.05221e+08	1.62748e+08	1.30949e+08	1.06718e+08	8.7965e+07	7.32485e+07	6.15549e+07	5.21582e+07	
0	6.10436e+07	7.26401e+07	8.72344e+07	1.05832e+08	1.29861e+08	1.61397e+08	2.03517e+08	2.60911e+08	3.40933e+08	4.55511e+08	6.24749e+08	8.84052e+08	1.29875e+09	1.98065e+09	1.29875e+09	8.84052e+08	6.24749e+08	4.55511e+08	3.40933e+08	2.60911e+08	2.03517e+08	1.61397e+08	1.29861e+08	1.05832e+08	8.72344e+07	7.26401e+07	6.10436e+07	5.1725e+07	
0	6.05362e+07	7.20362e+07	8.65092e+07	1.04952e+08	1.28782e+08	1.60055e+08	2.01825e+08	2.58742e+08	3.38099e+08	4.51724e+08	6.19555e+08	8.76703e+08	1.28796e+09	1.96419e+09	1.28796e+09	8.76703e+08	6.19555e+08	4.51724e+08	3.38099e+08	2.58742e+08	2.01825e+08	1.60055e+08	1.28782e+08	1.04952e+08	8.65092e+07	7.20362e+07	6.05362e+07	5.1295e+07	
0	6.00325e+07	7.14369e+07	8.57894e+07	1.04079e+08	1.2771e+08	1.58723e+08	2.00145e+08	2.56589e+08	3.35285e+08	4.47966e+08	6.144e+08	8.69408e+08	1.27724e+09	1.94785e+09	1.27724e+09	8.69408e+08	6.144e+08	4.47966e+08	3.35285e+08	2.56589e+08	2.00145e+08	1.58723e+08	1.2771e+08	1.04079e+08	8.57894e+07	7.14369e+07	6.00325e+07	5.08682e+07	
0	5.95325e+07	7.08419e+07	8.50749e+07	1.03212e+08	1.26646e+08	1.57401e+08	1.98479e+08	2.54452e+08	3.32493e+08	4.44235e+08	6.09283e+08	8.62167e+08	1.2666e+09	1.93162e+09	1.2666e+09	8.62167e+08	6.09283e+08	4.44235e+08	3.32493e+08	2.54452e+08	1.98479e+08	1.57401e+08	1.26646e+08	1.03212e+08	8.50749e+07	7.08419e+07	5.95325e+07	5.04446e+07	
0	5.90362e+07	7.02514e+07	8.43658e+07	1.02351e+08	1.25591e+08	1.56089e+08	1.96824e+08	2.52331e+08	3.29722e+08	4.40532e+08	6.04205e+08	8.54981e+08	1.25604e+09	1.91552e+09	1.25604e+09	8.54981e+08	6.04205e+08	4.40532e+08	3.29722e+08	2.52331e+08	1.96824e+08	1.56089e+08	1.25591e+08	1.02351e+08	8.43658e+07	7.02514e+07	5.90362e+07	5.00241e+07	
0	5.85437e+07	6.96653e+07	8.36619e+07	1.01498e+08	1.24543e+08	1.54787e+08	1.95182e+08	2.50225e+08	3.26971e+08	4.36857e+08	5.99163e+08	8.47847e+08	1.24557e+09	1.89954e+09	1.24557e+09	8.47847e+08	5.99163e+08	4.36857e+08	3.26971e+08	2.50225e+08	1.95182e+08	1.54787e+08	1.24543e+08	1.01498e+08	8.36619e+07	6.96653e+07	5.85437e+07	4.96067e+07	
0	5.80548e+07	6.90835e+07	8.29632e+07	1.0065e+08	1.23503e+08	1.53494e+08	1.93552e+08	2.48136e+08	3.2424e+08	4.33208e+08	5.9416e+08	8.40767e+08	1.23516e+09	1.88368e+09	1.23516e+09	8.40767e+08	5.9416e+08	4.33208e+08	3.2424e+08	2.48136e+08	1.93552e+08	1.53494e+08	1.23503e+08	1.0065e+08	8.29632e+07	6.90835e+07	5.80548e+07	4.91925e+07	
0	5.75696e+07	6.85061e+07	8.22698e+07	9.98087e+07	1.22471e+08	1.52211e+08	1.91934e+08	2.46062e+08	3.2153e+08	4.29588e+08	5.89194e+08	8.3374e+08	1.22484e+09	1.86793e+09	1.22484e+09	8.3374e+08	5.89194e+08	4.29588e+08	3.2153e+08	2.46062e+08	1.91934e+08	1.52211e+08	1.22471e+08	9.98087e+07	8.22698e+07	6.85061e+07	5.75696e+07	4.87813e+07	
0	5.70879e+07	6.7933e+07	8.15815e+07	9.89737e+07	1.21446e+08	1.50938e+08	1.90329e+08	2.44003e+08	3.1884e+08	4.25994e+08	5.84265e+08	8.26765e+08	1.21459e+09	1.85231e+09	1.21459e+09	8.26765e+08	5.84265e+08	4.25994e+08	3.1884e+08	2.44003e+08	1.90329e+08	1.50938e+08	1.21446e+08	9.89737e+07	8.15815e+07	6.7933e+07	5.70879e+07	4.83732e+07	
0	5.66099e+07	6.73641e+07	8.08984e+07	9.81449e+07	1.20429e+08	1.49674e+08	1.88735e+08	2.4196e+08	3.1617e+08	4.22427e+08	5.79372e+08	8.19842e+08	1.20442e+09	1.8368e+09	1.20442e+09	8.19842e+08	5.79372e+08	4.22427e+08	3.1617e+08	2.4196e+08	1.88735e+08	1.49674e+08	1.20429e+08	9.81449e+07	8.08984e+07	6.73641e+07	5.66099e+07	4.79681e+07	
0	5.61355e+07	6.67996e+07	8.02204e+07	9.73224e+07	1.1942e+08	1.4842e+08	1.87153e+08	2.39932e+08	3.13521e+08	4.18886e+08	5.74517e+08	8.12971e+08	1.19433e+09	1.8214e+09	1.19433e+09	8.12971e+08	5.74517e+08	4.18886e+08	3.13521e+08	2.39932e+08	1.87153e+08	1.4842e+08	1.1942e+08	9.73224e+07	8.02204e+07	6.67996e+07	5.61355e+07	4.75661e+07	
0	5.56646e+07	6.62392e+07	7.95475e+07	9.6506e+07	1.18418e+08	1.47175e+08	1.85583e+08	2.3792e+08	3.10891e+08	4.15373e+08	5.69698e+08	8.06151e+08	1.18431e+09	1.80612e+09	1.18431e+09	8.06151e+08	5.69698e+08	4.15373e+08	3.10891e+08	2.3792e+08	1.85583e+08	1.47175e+08	1.18418e+08	9.6506e+07	7.95475e+07	6.62392e+07	5.56646e+07	4.71671e+07	
0	5.51973e+07	6.56831e+07	7.88797e+07	9.56958e+07	1.17424e+08	1.45939e+08	1.84025e+08	2.35922e+08	3.08281e+08	4.11885e+08	5.64915e+08	7.99383e+08	1.17437e+09	1.79096e+09	1.17437e+09	7.99383e+08	5.64915e+08	4.11885e+08	3.08281e+08	2.35922e+08	1.84025e+08	1.45939e+08	1.17424e+08	9.56958e+07	7.88797e+07	6.56831e+07	5.51973e+07	4.67711e+07	
0	5.47334e+07	6.51312e+07	7.82168e+07	9.48916e+07	1.16437e+08	1.44713e+08	1.82479e+08	2.3394e+08	3.0569e+08	4.08424e+08	5.60167e+08	7.92666e+08	1.1645e+09	1.77591e+09	1.1645e+09	7.92666e+08	5.60167e+08	4.08424e+08	3.0569e+08	2.3394e+08	1.82479e+08	1.44713e+08	1.16437e+08	9.48916e+07	7.82168e+07	6.51312e+07	5.47334e+07	4.63781e+07	
0	5.42731e+07	6.45834e+07	7.7559e+07	9.40935e+07	1.15458e+08	1.43496e+08	1.80944e+08	2.31972e+08	3.03119e+08	4.04989e+08	5.55456e+08	7.85999e+08	1.1547e+09	1.76097e+09	1.1547e+09	7.85999e+08	5.55456e+08	4.04989e+08	3.03119e+08	2.31972e+08	1.80944e+08	1.43496e+08	1.15458e+08	9.40935e+07	7.7559e+07	6.45834e+07	5.42731e+07	4.5988e+07	
0	5.38162e+07	6.40397e+07	7.69061e+07	9.33014e+07	1.14486e+08	1.42288e+08	1.79421e+08	2.30019e+08	3.00567e+08	4.0158e+08	5.5078e+08	7.79382e+08	1.14498e+09	1.74615e+09	1.14498e+09	7.79382e+08	5.5078e+08	4.0158e+08	3.00567e+08	2.30019e+08	1.79421e+08	1.42288e+08	1.14486e+08	9.33014e+07	7.69061e+07	6.40397e+07	5.38162e+07	4.56009e+07	
0	5.33628e+07	6.35001e+07	7.62581e+07	9.25153e+07	1.13521e+08	1.41089e+08	1.77909e+08	2.28081e+08	2.98035e+08	3.98196e+08	5.4614e+08	7.72816e+08	1.13534e+09	1.73144e+09	1.13534e+09	7.72816e+08	5.4614e+08	3.98196e+08	2.98035e+08	2.28081e+08	1.77909e+08	1.41089e+08	1.13521e+08	9.25153e+07	7.62581e+07	6.35001e+07	5.33628e+07	4.52167e+07	
0	5.29128e+07	6.29646e+07	7.5615e+07	9.17352e+07	1.12564e+08	1.39899e+08	1.76409e+08	2.26158e+08	2.95522e+08	3.94838e+08	5.41534e+08	7.66299e+08	1.12576e+09	1.71684e+09	1.12576e+09	7.66299e+08	5.41534e+08	3.94838e+08	2.95522e+08	2.26158e+08	1.76409e+08	1.39899e+08	1.12564e+08	9.17352e+07	7.5615e+07	6.29646e+07	5.29128e+07	4.48354e+07	
0	5.24662e+07	6.24332e+07	7.49768e+07	9.09609e+07	1.11614e+08	1.38718e+08	1.7492e+08	2.24249e+08	2.93027e+08	3.91506e+08	5.36963e+08	7.59831e+08	1.11626e+09	1.70235e+09	1.11626e+09	7.59831e+08	5.36963e+08	3.91506e+08	2.93027e+08	2.24249e+08	1.7492e+08	1.38718e+08	1.11614e+08	9.09609e+07	7.49768e+07	6.24332e+07	5.24662e+07	4.4457e+07	
0	5.2023e+07	6.19058e+07	7.43434e+07	9.01925e+07	1.10671e+08	1.37546e+08	1.73442e+08	2.22355e+08	2.90552e+08	3.88198e+08	5.32427e+08	7.53412e+08	1.10683e+09	1.68797e+09	1.10683e+09	7.53412e+08	5.32427e+08	3.88198e+08	2.90552e+08	2.22355e+08	1.73442e+08	1.37546e+08	1.10671e+08	9.01925e+07	7.43434e+07	6.19058e+07	5.2023e+07	4.40814e+07	
0	5.15831e+07	6.13824e+07	7.37148e+07	8.94299e+07	1.09735e+08	1.36383e+08	1.71976e+08	2.20475e+08	2.88095e+08	3.84916e+08	5.27926e+08	7.47042e+08	1.09747e+09	1.67369e+09	1.09747e+09	7.47042e+08	5.27926e+08	3.84916e+08	2.88095e+08	2.20475e+08	1.71976e+08	1.36383e+08	1.09735e+08	8.94299e+07	7.37148e+07	6.13824e+07	5.15831e+07	4.37087e+07	
0	5.11466e+07	6.08629e+07	7.3091e+07	8.86731e+07	1.08807e+08	1.35229e+08	1.7052e+08	2.18609e+08	2.85657e+08	3.81659e+08	5.23458e+08	7.4072e+08	1.08819e+09	1.65953e+09	1.08819e+09	7.4072e+08	5.23458e+08	3.81659e+08	2.85657e+08	2.18609e+08	1.7052e+08	1.35229e+08	1.08807e+08	8.86731e+07	7.3091e+07	6.08629e+07	5.11466e+07	4.33388e+07	
0	5.07134e+07	6.03474e+07	7.2472e+07	8.79221e+07	1.07885e+08	1.34084e+08	1.69076e+08	2.16757e+08	2.83238e+08	3.78426e+08	5.19024e+08	7.34446e+08	1.07897e+09	1.64548e+09	1.07897e+09	7.34446e+08	5.19024e+08	3.78426e+08	2.83238e+08	2.16757e+08	1.69076e+08	1.34084e+08	1.07885e+08	8.79221e+07	7.2472e+07	6.03474e+07	5.07134e+07	4.29717e+07	
0	5.02835e+07	5.98359e+07	7.18576e+07	8.71767e+07	1.06971e+08	1.32947e+08	1.67643e+08	2.1492e+08	2.80837e+08	3.75218e+08	5.14625e+08	7.2822e+08	1.06982e+09	1.63153e+09	1.06982e+09	7.2822e+08	5.14625e+08	3.75218e+08	2.80837e+08	2.1492e+08	1.67643e+08	1.32947e+08	1.06971e+08	8.71767e+07	7.18576e+07	5.98359e+07	5.02835e+07	4.26075e+07	
0	4.98569e+07	5.93282e+07	7.12479e+07	8.64371e+07	1.06063e+08	1.31819e+08	1.6622e+08	2.13096e+08	2.78454e+08	3.72035e+08	5.10258e+08	7.22042e+08	1.06075e+09	1.61768e+09	1.06075e+09	7.22042e+08	5.10258e+08	3.72035e+08	2.78454e+08	2.13096e+08	1.6622e+08	1.31819e+08	1.06063e+08	8.64371e+07	7.12479e+07	5.93282e+07	4.98569e+07	4.2246e+07	
0	4.94335e+07	5.88244e+07	7.06429e+07	8.57031e+07	1.05162e+08	1.307e+08	1.64809e+08	2.11287e+08	2.76089e+08	3.68876e+08	5.05925e+08	7.1591e+08	1.05174e+09	1.60395e+09	1.05174e+09	7.1591e+08	5.05925e+08	3.68876e+08	2.76089e+08	2.11287e+08	1.64809e+08	1.307e+08	1.05162e+08	8.57031e+07	7.06429e+07	5.88244e+07	4.94335e+07	4.18872e+07	
0	4.90133e+07	5.83244e+07	7.00425e+07	8.49747e+07	1.04268e+08	1.29589e+08	1.63408e+08	2.09491e+08	2.73743e+08	3.6574e+08	5.01625e+08	7.09826e+08	1.0428e+09	1.59032e+09	1.0428e+09	7.09826e+08	5.01625e+08	3.6574e+08	2.73743e+08	2.09491e+08	1.63408e+08	1.29589e+08	1.04268e+08	8.49747e+07	7.00425e+07	5.83244e+07	4.90133e+07	4.15312e+07	
0	4.85964e+07	5.78283e+07	6.94467e+07	8.42519e+07	1.03382e+08	1.28487e+08	1.62018e+08	2.07709e+08	2.71414e+08	3.62629e+08	4.97358e+08	7.03788e+08	1.03393e+09	1.57679e+09	1.03393e+09	7.03788e+08	4.97358e+08	3.62629e+08	2.71414e+08	2.07709e+08	1.62018e+08	1.28487e+08	1.03382e+08	8.42519e+07	6.94467e+07	5.78283e+07	4.85964e+07	4.11779e+07	
0	4.81827e+07	5.7336e+07	6.88555e+07	8.35346e+07	1.02501e+08	1.27393e+08	1.60639e+08	2.05941e+08	2.69104e+08	3.59542e+08	4.93124e+08	6.97796e+08	1.02513e+09	1.56336e+09	1.02513e+09	6.97796e+08	4.93124e+08	3.59542e+08	2.69104e+08	2.05941e+08	1.60639e+08	1.27393e+08	1.02501e+08	8.35346e+07	6.88555e+07	5.7336e+07	4.81827e+07	4.08274e+07	
0	4.77721e+07	5.68474e+07	6.82688e+07	8.28228e+07	1.01628e+08	1.26307e+08	1.5927e+08	2.04186e+08	2.66811e+08	3.56478e+08	4.88922e+08	6.9185e+08	1.01639e+09	1.55004e+09	1.01639e+09	6.9185e+08	4.88922e+08	3.56478e+08	2.66811e+08	2.04186e+08	1.5927e+08	1.26307e+08	1.01628e+08	8.28228e+07	6.82688e+07	5.68474e+07	4.77721e+07	4.04795e+07	
0	4.73647e+07	5.63626e+07	6.76865e+07	8.21164e+07	1.00761e+08	1.2523e+08	1.57912e+08	2.02445e+08	2.64535e+08	3.53438e+08	4.84753e+08	6.8595e+08	1.00772e+09	1.53682e+09	1.00772e+09	6.8595e+08	4.84753e+08	3.53438e+08	2.64535e+08	2.02445e+08	1.57912e+08	1.2523e+08	1.00761e+08	8.21164e+07	6.76865e+07	5.63626e+07	4.73647e+07	4.01343e+07	
0	4.69604e+07	5.58815e+07	6.71088e+07	8.14155e+07	9.99012e+07	1.24161e+08	1.56564e+08	2.00717e+08	2.62277e+08	3.50421e+08	4.80615e+08	6.80095e+08	9.99122e+08	1.52371e+09	9.99122e+08	6.80095e+08	4.80615e+08	3.50421e+08	2.62277e+08	2.00717e+08	1.56564e+08	1.24161e+08	9.99012e+07	8.14155e+07	6.71088e+07	5.58815e+07	4.69604e+07	3.97917e+07	
0	4.65593e+07	5.54041e+07	6.65355e+07	8.072e+07	9.90478e+07	1.23101e+08	1.55226e+08	1.99002e+08	2.60037e+08	3.47428e+08	4.76509e+08	6.74285e+08	9.90587e+08	1.51069e+09	9.90587e+08	6.74285e+08	4.76509e+08	3.47428e+08	2.60037e+08	1.99002e+08	1.55226e+08	1.23101e+08	9.90478e+07	8.072e+07	6.65355e+07	5.54041e+07	4.65593e+07	3.94518e+07	
0	4.61612e+07	5.49304e+07	6.59666e+07	8.00299e+07	9.82009e+07	1.22048e+08	1.53899e+08	1.97301e+08	2.57813e+08	3.44457e+08	4.72435e+08	6.6852e+08	9.82117e+08	1.49777e+09	9.82117e+08	6.6852e+08	4.72435e+08	3.44457e+08	2.57813e+08	1.97301e+08	1.53899e+08	1.22048e+08	9.82009e+07	8.00299e+07	6.59666e+07	5.49304e+07	4.61612e+07	3.91144e+07	
0	4.57662e+07	5.44604e+07	6.54021e+07	7.9345e+07	9.73606e+07	1.21004e+08	1.52582e+08	1.95612e+08	2.55607e+08	3.4151e+08	4.68392e+08	6.62799e+08	9.73713e+08	1.48496e+09	9.73713e+08	6.62799e+08	4.68392e+08	3.4151e+08	2.55607e+08	1.95612e+08	1.52582e+08	1.21004e+08	9.73606e+07	7.9345e+07	6.54021e+07	5.44604e+07	4.57662e+07	3.87797e+07	
0	4.53742e+07	5.3994e+07	6.4842e+07	7.86655e+07	9.65268e+07	1.19967e+08	1.51276e+08	1.93937e+08	2.53418e+08	3.38585e+08	4.64381e+08	6.57123e+08	9.65374e+08	1.47224e+09	9.65374e+08	6.57123e+08	4.64381e+08	3.38585e+08	2.53418e+08	1.93937e+08	1.51276e+08	1.19967e+08	9.65268e+07	7.86655e+07	6.4842e+07	5.3994e+07	4.53742e+07	3.84476e+07	
0	4.49853e+07	5.35311e+07	6.42862e+07	7.79912e+07	9.56994e+07	1.18939e+08	1.49979e+08	1.92275e+08	2.51246e+08	3.35683e+08	4.604e+08	6.5149e+08	9.57099e+08	1.45962e+09	9.57099e+08	6.5149e+08	4.604e+08	3.35683e+08	2.51246e+08	1.92275e+08	1.49979e+08	1.18939e+08	9.56994e+07	7.79912e+07	6.42862e+07	5.35311e+07	4.49853e+07	3.8118e+07	
0	4.45993e+07	5.30719e+07	6.37347e+07	7.73221e+07	9.48784e+07	1.17919e+08	1.48692e+08	1.90625e+08	2.4909e+08	3.32803e+08	4.56451e+08	6.45901e+08	9.48888e+08	1.4471e+09	9.48888e+08	6.45901e+08	4.56451e+08	3.32803e+08	2.4909e+08	1.90625e+08	1.48692e+08	1.17919e+08	9.48784e+07	7.73221e+07	6.37347e+07	5.30719e+07	4.45993e+07	3.7791e+07	
0	4.42164e+07	5.26162e+07	6.31875e+07	7.66582e+07	9.40638e+07	1.16906e+08	1.47416e+08	1.88988e+08	2.46952e+08	3.29946e+08	4.52531e+08	6.40355e+08	9.40741e+08	1.43467e+09	9.40741e+08	6.40355e+08	4.52531e+08	3.29946e+08	2.46952e+08	1.88988e+08	1.47416e+08	1.16906e+08	9.40638e+07	7.66582e+07	6.31875e+07	5.26162e+07	4.42164e+07	3.74666e+07	
0	4.38365e+07	5.21641e+07	6.26445e+07	7.59995e+07	9.32554e+07	1.15902e+08	1.46149e+08	1.87364e+08	2.4483e+08	3.2711e+08	4.48643e+08	6.34853e+08	9.32657e+08	1.42234e+09	9.32657e+08	6.34853e+08	4.48643e+08	3.2711e+08	2.4483e+08	1.87364e+08	1.46149e+08	1.15902e+08	9.32554e+07	7.59995e+07	6.26445e+07	5.21641e+07	4.38365e+07	3.71446e+07	
0	4.34594e+07	5.17155e+07	6.21057e+07	7.53459e+07	9.24534e+07	1.14905e+08	1.44892e+08	1.85753e+08	2.42724e+08	3.24297e+08	4.44784e+08	6.29393e+08	9.24636e+08	1.41011e+09	9.24636e+08	6.29393e+08	4.44784e+08	3.24297e+08	2.42724e+08	1.85753e+08	1.44892e+08	1.14905e+08	9.24534e+07	7.53459e+07	6.21057e+07	5.17155e+07	4.34594e+07	3.68252e+07	
0	4.30854e+07	5.12703e+07	6.15712e+07	7.46973e+07	9.16576e+07	1.13916e+08	1.43645e+08	1.84154e+08	2.40635e+08	3.21506e+08	4.40956e+08	6.23975e+08	9.16677e+08	1.39797e+09	9.16677e+08	6.23975e+08	4.40956e+08	3.21506e+08	2.40635e+08	1.84154e+08	1.43645e+08	1.13916e+08	9.16576e+07	7.46973e+07	6.15712e+07	5.12703e+07	4.30854e+07	3.65082e+07	
0	4.27142e+07	5.08286e+07	6.10407e+07	7.40538e+07	9.0868e+07	1.12934e+08	1.42407e+08	1.82568e+08	2.38562e+08	3.18736e+08	4.37157e+08	6.186e+08	9.0878e+08	1.38593e+09	9.0878e+08	6.186e+08	4.37157e+08	3.18736e+08	2.38562e+08	1.82568e+08	1.42407e+08	1.12934e+08	9.0868e+07	7.40538e+07	6.10407e+07	5.08286e+07	4.27142e+07	3.61937e+07	
0	4.23459e+07	5.03904e+07	6.05145e+07	7.34154e+07	9.00846e+07	1.11961e+08	1.41179e+08	1.80994e+08	2.36505e+08	3.15988e+08	4.33388e+08	6.13266e+08	9.00945e+08	1.37398e+09	9.00945e+08	6.13266e+08	4.33388e+08	3.15988e+08	2.36505e+08	1.80994e+08	1.41179e+08	1.11961e+08	9.00846e+07	7.34154e+07	6.05145e+07	5.03904e+07	4.23459e+07	3.58816e+07	
0	4.19805e+07	4.99556e+07	5.99923e+07	7.27819e+07	8.93072e+07	1.10995e+08	1.39961e+08	1.79432e+08	2.34464e+08	3.13261e+08	4.29648e+08	6.07975e+08	8.9317e+08	1.36213e+09	8.9317e+08	6.07975e+08	4.29648e+08	3.13261e+08	2.34464e+08	1.79432e+08	1.39961e+08	1.10995e+08	8.93072e+07	7.27819e+07	5.99923e+07	4.99556e+07	4.19805e+07	3.5572e+07	
0	4.1618e+07	4.95242e+07	5.94742e+07	7.21533e+07	8.8536e+07	1.10036e+08	1.38752e+08	1.77882e+08	2.32439e+08	3.10556e+08	4.25938e+08	6.02724e+08	8.85457e+08	1.35036e+09	8.85457e+08	6.02724e+08	4.25938e+08	3.10556e+08	2.32439e+08	1.77882e+08	1.38752e+08	1.10036e+08	8.8536e+07	7.21533e+07	5.94742e+07	4.95242e+07	4.1618e+07	3.52648e+07	
0	4.12583e+07	4.90961e+07	5.89602e+07	7.15297e+07	8.77708e+07	1.09085e+08	1.37553e+08	1.76345e+08	2.3043e+08	3.07872e+08	4.22256e+08	5.97515e+08	8.77804e+08	1.33869e+09	8.77804e+08	5.97515e+08	4.22256e+08	3.07872e+08	2.3043e+08	1.76345e+08	1.37553e+08	1.09085e+08	8.77708e+07	7.15297e+07	5.89602e+07	4.90961e+07	4.12583e+07	3.496e+07	
0	4.09014e+07	4.86714e+07	5.84501e+07	7.09109e+07	8.70115e+07	1.08141e+08	1.36363e+08	1.74819e+08	2.28437e+08	3.05209e+08	4.18604e+08	5.92346e+08	8.70211e+08	1.32711e+09	8.70211e+08	5.92346e+08	4.18604e+08	3.05209e+08	2.28437e+08	1.74819e+08	1.36363e+08	1.08141e+08	8.70115e+07	7.09109e+07	5.84501e+07	4.86714e+07	4.09014e+07	3.46576e+07	
0	4.05473e+07	4.82501e+07	5.79441e+07	7.0297e+07	8.62582e+07	1.07205e+08	1.35183e+08	1.73306e+08	2.26459e+08	3.02566e+08	4.1498e+08	5.87218e+08	8.62677e+08	1.31562e+09	8.62677e+08	5.87218e+08	4.1498e+08	3.02566e+08	2.26459e+08	1.73306e+08	1.35183e+08	1.07205e+08	8.62582e+07	7.0297e+07	5.79441e+07	4.82501e+07	4.05473e+07	3.43575e+07	
0	4.0196e+07	4.7832e+07	5.74421e+07	6.9688e+07	8.55109e+07	1.06276e+08	1.34012e+08	1.71804e+08	2.24497e+08	2.99945e+08	4.11384e+08	5.8213e+08	8.55202e+08	1.30422e+09	8.55202e+08	5.8213e+08	4.11384e+08	2.99945e+08	2.24497e+08	1.71804e+08	1.34012e+08	1.06276e+08	8.55109e+07	6.9688e+07	5.74421e+07	4.7832e+07	4.0196e+07	3.40599e+07	
0	3.98474e+07	4.74172e+07	5.6944e+07	6.90837e+07	8.47693e+07	1.05355e+08	1.32849e+08	1.70314e+08	2.22551e+08	2.97344e+08	4.07817e+08	5.77082e+08	8.47787e+08	1.29291e+09	8.47787e+08	5.77082e+08	4.07817e+08	2.97344e+08	2.22551e+08	1.70314e+08	1.32849e+08	1.05355e+08	8.47693e+07	6.90837e+07	5.6944e+07	4.74172e+07	3.98474e+07	3.37645e+07	
0	3.95016e+07	4.70057e+07	5.64498e+07	6.84841e+07	8.40337e+07	1.0444e+08	1.31697e+08	1.68836e+08	2.20619e+08	2.94763e+08	4.04278e+08	5.72074e+08	8.40429e+08	1.28169e+09	8.40429e+08	5.72074e+08	4.04278e+08	2.94763e+08	2.20619e+08	1.68836e+08	1.31697e+08	1.0444e+08	8.40337e+07	6.84841e+07	5.64498e+07	4.70057e+07	3.95016e+07	3.34715e+07	
0	3.91585e+07	4.65975e+07	5.59595e+07	6.78893e+07	8.33038e+07	1.03533e+08	1.30553e+08	1.6737e+08	2.18703e+08	2.92203e+08	4.00766e+08	5.67105e+08	8.33129e+08	1.27056e+09	8.33129e+08	5.67105e+08	4.00766e+08	2.92203e+08	2.18703e+08	1.6737e+08	1.30553e+08	1.03533e+08	8.33038e+07	6.78893e+07	5.59595e+07	4.65975e+07	3.91585e+07	3.31808e+07	
0	3.88181e+07	4.61924e+07	5.5473e+07	6.72992e+07	8.25797e+07	1.02633e+08	1.29418e+08	1.65915e+08	2.16802e+08	2.89663e+08	3.97283e+08	5.62175e+08	8.25887e+08	1.25952e+09	8.25887e+08	5.62175e+08	3.97283e+08	2.89663e+08	2.16802e+08	1.65915e+08	1.29418e+08	1.02633e+08	8.25797e+07	6.72992e+07	5.5473e+07	4.61924e+07	3.88181e+07	3.28923e+07	
0	3.84804e+07	4.57906e+07	5.49904e+07	6.67137e+07	8.18613e+07	1.0174e+08	1.28292e+08	1.64472e+08	2.14916e+08	2.87143e+08	3.93826e+08	5.57285e+08	8.18702e+08	1.24856e+09	8.18702e+08	5.57285e+08	3.93826e+08	2.87143e+08	2.14916e+08	1.64472e+08	1.28292e+08	1.0174e+08	8.18613e+07	6.67137e+07	5.49904e+07	4.57906e+07	3.84804e+07	3.26062e+07	
0	3.81454e+07	4.53919e+07	5.45117e+07	6.61328e+07	8.11485e+07	1.00855e+08	1.27175e+08	1.6304e+08	2.13045e+08	2.84643e+08	3.90398e+08	5.52433e+08	8.11574e+08	1.23769e+09	8.11574e+08	5.52433e+08	3.90398e+08	2.84643e+08	2.13045e+08	1.6304e+08	1.27175e+08	1.00855e+08	8.11485e+07	6.61328e+07	5.45117e+07	4.53919e+07	3.81454e+07	3.23223e+07	
0	3.7813e+07	4.49963e+07	5.40367e+07	6.55566e+07	8.04414e+07	9.99758e+07	1.26067e+08	1.61619e+08	2.11188e+08	2.82163e+08	3.86996e+08	5.47619e+08	8.04502e+08	1.2269e+09	8.04502e+08	5.47619e+08	3.86996e+08	2.82163e+08	2.11188e+08	1.61619e+08	1.26067e+08	9.99758e+07	8.04414e+07	6.55566e+07	5.40367e+07	4.49963e+07	3.7813e+07	3.20406e+07	
0	3.74832e+07	4.46039e+07	5.35654e+07	6.49849e+07	7.97399e+07	9.9104e+07	1.24967e+08	1.6021e+08	2.09346e+08	2.79702e+08	3.83621e+08	5.42843e+08	7.97487e+08	1.21621e+09	7.97487e+08	5.42843e+08	3.83621e+08	2.79702e+08	2.09346e+08	1.6021e+08	1.24967e+08	9.9104e+07	7.97399e+07	6.49849e+07	5.35654e+07	4.46039e+07	3.74832e+07	3.17612e+07	
0	3.71561e+07	4.42147e+07	5.30979e+07	6.44177e+07	7.9044e+07	9.8239e+07	1.23877e+08	1.58811e+08	2.07519e+08	2.77261e+08	3.80273e+08	5.38106e+08	7.90527e+08	1.20559e+09	7.90527e+08	5.38106e+08	3.80273e+08	2.77261e+08	2.07519e+08	1.58811e+08	1.23877e+08	9.8239e+07	7.9044e+07	6.44177e+07	5.30979e+07	4.42147e+07	3.71561e+07	3.1484e+07	
0	3.68315e+07	4.38285e+07	5.26341e+07	6.38551e+07	7.83536e+07	9.73809e+07	1.22795e+08	1.57424e+08	2.05707e+08	2.74839e+08	3.76951e+08	5.33405e+08	7.83622e+08	1.19506e+09	7.83622e+08	5.33405e+08	3.76951e+08	2.74839e+08	2.05707e+08	1.57424e+08	1.22795e+08	9.73809e+07	7.83536e+07	6.38551e+07	5.26341e+07	4.38285e+07	3.68315e+07	3.1209e+07	
0	3.65096e+07	4.34453e+07	5.2174e+07	6.32969e+07	7.76686e+07	9.65297e+07	1.21721e+08	1.56048e+08	2.03909e+08	2.72437e+08	3.73656e+08	5.28743e+08	7.76771e+08	1.18461e+09	7.76771e+08	5.28743e+08	3.73656e+08	2.72437e+08	2.03909e+08	1.56048e+08	1.21721e+08	9.65297e+07	7.76686e+07	6.32969e+07	5.2174e+07	4.34453e+07	3.65096e+07	3.09362e+07	
0	3.61902e+07	4.30652e+07	5.17176e+07	6.27431e+07	7.69891e+07	9.56852e+07	1.20656e+08	1.54683e+08	2.02125e+08	2.70053e+08	3.70387e+08	5.24117e+08	7.69976e+08	1.17425e+09	7.69976e+08	5.24117e+08	3.70387e+08	2.70053e+08	2.02125e+08	1.54683e+08	1.20656e+08	9.56852e+07	7.69891e+07	6.27431e+07	5.17176e+07	4.30652e+07	3.61902e+07	3.06656e+07	
0	3.58733e+07	4.26882e+07	5.12648e+07	6.21938e+07	7.63151e+07	9.48474e+07	1.196e+08	1.53329e+08	2.00355e+08	2.67689e+08	3.67144e+08	5.19528e+08	7.63234e+08	1.16397e+09	7.63234e+08	5.19528e+08	3.67144e+08	2.67689e+08	2.00355e+08	1.53329e+08	1.196e+08	9.48474e+07	7.63151e+07	6.21938e+07	5.12648e+07	4.26882e+07	3.58733e+07	3.03971e+07	
0	3.5559e+07	4.23141e+07	5.08156e+07	6.16488e+07	7.56464e+07	9.40163e+07	1.18552e+08	1.51985e+08	1.98599e+08	2.65343e+08	3.63927e+08	5.14976e+08	7.56547e+08	1.15377e+09	7.56547e+08	5.14976e+08	3.63927e+08	2.65343e+08	1.98599e+08	1.51985e+08	1.18552e+08	9.40163e+07	7.56464e+07	6.16488e+07	5.08156e+07	4.23141e+07	3.5559e+07	3.01307e+07	
0	3.52471e+07	4.19431e+07	5.03699e+07	6.11082e+07	7.4983e+07	9.31919e+07	1.17512e+08	1.50652e+08	1.96858e+08	2.63016e+08	3.60736e+08	5.1046e+08	7.49912e+08	1.14365e+09	7.49912e+08	5.1046e+08	3.60736e+08	2.63016e+08	1.96858e+08	1.50652e+08	1.17512e+08	9.31919e+07	7.4983e+07	6.11082e+07	5.03699e+07	4.19431e+07	3.52471e+07	2.98665e+07	
0	3.49378e+07	4.1575e+07	4.99279e+07	6.05719e+07	7.43249e+07	9.2374e+07	1.16481e+08	1.4933e+08	1.9513e+08	2.60708e+08	3.5757e+08	5.0598e+08	7.43331e+08	1.13362e+09	7.43331e+08	5.0598e+08	3.5757e+08	2.60708e+08	1.9513e+08	1.4933e+08	1.16481e+08	9.2374e+07	7.43249e+07	6.05719e+07	4.99279e+07	4.1575e+07	3.49378e+07	2.96044e+07	
0	3.46309e+07	4.12098e+07	4.94894e+07	6.00399e+07	7.36721e+07	9.15626e+07	1.15458e+08	1.48018e+08	1.93416e+08	2.58418e+08	3.54429e+08	5.01536e+08	7.36802e+08	1.12366e+09	7.36802e+08	5.01536e+08	3.54429e+08	2.58418e+08	1.93416e+08	1.48018e+08	1.15458e+08	9.15626e+07	7.36721e+07	6.00399e+07	4.94894e+07	4.12098e+07	3.46309e+07	2.93444e+07	
0	3.43265e+07	4.08476e+07	4.90543e+07	5.95121e+07	7.30245e+07	9.07578e+07	1.14443e+08	1.46717e+08	1.91716e+08	2.56147e+08	3.51314e+08	4.97127e+08	7.30325e+08	1.11378e+09	7.30325e+08	4.97127e+08	3.51314e+08	2.56147e+08	1.91716e+08	1.46717e+08	1.14443e+08	9.07578e+07	7.30245e+07	5.95121e+07	4.90543e+07	4.08476e+07	3.43265e+07	2.90864e+07	
0	3.40246e+07	4.04882e+07	4.86228e+07	5.89886e+07	7.23821e+07	8.99594e+07	1.13436e+08	1.45427e+08	1.9003e+08	2.53893e+08	3.48223e+08	4.92754e+08	7.23901e+08	1.10398e+09	7.23901e+08	4.92754e+08	3.48223e+08	2.53893e+08	1.9003e+08	1.45427e+08	1.13436e+08	8.99594e+07	7.23821e+07	5.89886e+07	4.86228e+07	4.04882e+07	3.40246e+07	2.88306e+07	
0	3.3725e+07	4.01318e+07	4.81948e+07	5.84693e+07	7.17449e+07	8.91674e+07	1.12438e+08	1.44146e+08	1.88357e+08	2.51658e+08	3.45158e+08	4.88416e+08	7.17528e+08	1.09426e+09	7.17528e+08	4.88416e+08	3.45158e+08	2.51658e+08	1.88357e+08	1.44146e+08	1.12438e+08	8.91674e+07	7.17449e+07	5.84693e+07	4.81948e+07	4.01318e+07	3.3725e+07	2.85767e+07	
0	3.34279e+07	3.97782e+07	4.77701e+07	5.79541e+07	7.11128e+07	8.83818e+07	1.11447e+08	1.42876e+08	1.86697e+08	2.49441e+08	3.42117e+08	4.84113e+08	7.11206e+08	1.08462e+09	7.11206e+08	4.84113e+08	3.42117e+08	2.49441e+08	1.86697e+08	1.42876e+08	1.11447e+08	8.83818e+07	7.11128e+07	5.79541e+07	4.77701e+07	3.97782e+07	3.34279e+07	2.8325e+07	
0	3.31331e+07	3.94274e+07	4.73489e+07	5.74431e+07	7.04857e+07	8.76025e+07	1.10464e+08	1.41617e+08	1.85051e+08	2.47241e+08	3.391e+08	4.79844e+08	7.04935e+08	1.07506e+09	7.04935e+08	4.79844e+08	3.391e+08	2.47241e+08	1.85051e+08	1.41617e+08	1.10464e+08	8.76025e+07	7.04857e+07	5.74431e+07	4.73489e+07	3.94274e+07	3.31331e+07	2.80752e+07	
0	3.28407e+07	3.90795e+07	4.69311e+07	5.69362e+07	6.98637e+07	8.68294e+07	1.0949e+08	1.40367e+08	1.83418e+08	2.4506e+08	3.36108e+08	4.7561e+08	6.98714e+08	1.06557e+09	6.98714e+08	4.7561e+08	3.36108e+08	2.4506e+08	1.83418e+08	1.40367e+08	1.0949e+08	8.68294e+07	6.98637e+07	5.69362e+07	4.69311e+07	3.90795e+07	3.28407e+07	2.78274e+07	
0	3.25507e+07	3.87344e+07	4.65166e+07	5.64334e+07	6.92467e+07	8.60626e+07	1.08523e+08	1.39127e+08	1.81798e+08	2.42895e+08	3.33139e+08	4.71409e+08	6.92543e+08	1.05616e+09	6.92543e+08	4.71409e+08	3.33139e+08	2.42895e+08	1.81798e+08	1.39127e+08	1.08523e+08	8.60626e+07	6.92467e+07	5.64334e+07	4.65166e+07	3.87344e+07	3.25507e+07	2.75817e+07	
0	3.2263e+07	3.83921e+07	4.61055e+07	5.59346e+07	6.86347e+07	8.5302e+07	1.07563e+08	1.37898e+08	1.80191e+08	2.40749e+08	3.30195e+08	4.67243e+08	6.86423e+08	1.04683e+09	6.86423e+08	4.67243e+08	3.30195e+08	2.40749e+08	1.80191e+08	1.37898e+08	1.07563e+08	8.5302e+07	6.86347e+07	5.59346e+07	4.61055e+07	3.83921e+07	3.2263e+07	2.73379e+07	
0	3.19777e+07	3.80525e+07	4.56977e+07	5.54399e+07	6.80277e+07	8.45475e+07	1.06612e+08	1.36678e+08	1.78598e+08	2.38619e+08	3.27274e+08	4.6311e+08	6.80351e+08	1.03757e+09	6.80351e+08	4.6311e+08	3.27274e+08	2.38619e+08	1.78598e+08	1.36678e+08	1.06612e+08	8.45475e+07	6.80277e+07	5.54399e+07	4.56977e+07	3.80525e+07	3.19777e+07	2.70961e+07	
0	3.16946e+07	3.77157e+07	4.52932e+07	5.49491e+07	6.74255e+07	8.37991e+07	1.05668e+08	1.35468e+08	1.77017e+08	2.36507e+08	3.24378e+08	4.59011e+08	6.74329e+08	1.02839e+09	6.74329e+08	4.59011e+08	3.24378e+08	2.36507e+08	1.77017e+08	1.35468e+08	1.05668e+08	8.37991e+07	6.74255e+07	5.49491e+07	4.52932e+07	3.77157e+07	3.16946e+07	2.68563e+07	
0	3.14138e+07	3.73816e+07	4.4892e+07	5.44624e+07	6.68282e+07	8.30568e+07	1.04732e+08	1.34268e+08	1.75449e+08	2.34412e+08	3.21504e+08	4.54945e+08	6.68356e+08	1.01928e+09	6.68356e+08	4.54945e+08	3.21504e+08	2.34412e+08	1.75449e+08	1.34268e+08	1.04732e+08	8.30568e+07	6.68282e+07	5.44624e+07	4.4892e+07	3.73816e+07	3.14138e+07	2.66184e+07	
0	3.11354e+07	3.70502e+07	4.4494e+07	5.39795e+07	6.62358e+07	8.23205e+07	1.03804e+08	1.33078e+08	1.73893e+08	2.32334e+08	3.18654e+08	4.50912e+08	6.6243e+08	1.01024e+09	6.6243e+08	4.50912e+08	3.18654e+08	2.32334e+08	1.73893e+08	1.33078e+08	1.03804e+08	8.23205e+07	6.62358e+07	5.39795e+07	4.4494e+07	3.70502e+07	3.11354e+07	2.63824e+07	
0	3.08591e+07	3.67214e+07	4.40992e+07	5.35006e+07	6.56481e+07	8.15901e+07	1.02883e+08	1.31897e+08	1.7235e+08	2.30273e+08	3.15827e+08	4.46911e+08	6.56553e+08	1.00128e+09	6.56553e+08	4.46911e+08	3.15827e+08	2.30273e+08	1.7235e+08	1.31897e+08	1.02883e+08	8.15901e+07	6.56481e+07	5.35006e+07	4.40992e+07	3.67214e+07	3.08591e+07	2.61483e+07	
0	3.05851e+07	3.63954e+07	4.37077e+07	5.30256e+07	6.50652e+07	8.08657e+07	1.01969e+08	1.30726e+08	1.7082e+08	2.28228e+08	3.13022e+08	4.42943e+08	6.50724e+08	9.92387e+08	6.50724e+08	4.42943e+08	3.13022e+08	2.28228e+08	1.7082e+08	1.30726e+08	1.01969e+08	8.08657e+07	6.50652e+07	5.30256e+07	4.37077e+07	3.63954e+07	3.05851e+07	2.59162e+07	
0	3.03134e+07	3.6072e+07	4.33193e+07	5.25544e+07	6.44871e+07	8.01471e+07	1.01063e+08	1.29564e+08	1.69302e+08	2.262e+08	3.10241e+08	4.39007e+08	6.44942e+08	9.83569e+08	6.44942e+08	4.39007e+08	3.10241e+08	2.262e+08	1.69302e+08	1.29564e+08	1.01063e+08	8.01471e+07	6.44871e+07	5.25544e+07	4.33193e+07	3.6072e+07	3.03134e+07	2.56859e+07	
0	3.00438e+07	3.57512e+07	4.29341e+07	5.20871e+07	6.39136e+07	7.94344e+07	1.00165e+08	1.28412e+08	1.67797e+08	2.24189e+08	3.07482e+08	4.35103e+08	6.39207e+08	9.74822e+08	6.39207e+08	4.35103e+08	3.07482e+08	2.24189e+08	1.67797e+08	1.28412e+08	1.00165e+08	7.94344e+07	6.39136e+07	5.20871e+07	4.29341e+07	3.57512e+07	3.00438e+07	2.54575e+07	
0	2.97764e+07	3.54331e+07	4.2552e+07	5.16236e+07	6.33449e+07	7.87275e+07	9.92733e+07	1.27269e+08	1.66303e+08	2.22194e+08	3.04746e+08	4.31231e+08	6.33518e+08	9.66147e+08	6.33518e+08	4.31231e+08	3.04746e+08	2.22194e+08	1.66303e+08	1.27269e+08	9.92733e+07	7.87275e+07	6.33449e+07	5.16236e+07	4.2552e+07	3.54331e+07	2.97764e+07	2.52309e+07	
0	2.95113e+07	3.51175e+07	4.21731e+07	5.11638e+07	6.27807e+07	7.80264e+07	9.83892e+07	1.26136e+08	1.64822e+08	2.20215e+08	3.02032e+08	4.27391e+08	6.27876e+08	9.57543e+08	6.27876e+08	4.27391e+08	3.02032e+08	2.20215e+08	1.64822e+08	1.26136e+08	9.83892e+07	7.80264e+07	6.27807e+07	5.11638e+07	4.21731e+07	3.51175e+07	2.95113e+07	2.50062e+07	
0	2.92482e+07	3.48045e+07	4.17972e+07	5.07078e+07	6.22212e+07	7.7331e+07	9.75123e+07	1.25012e+08	1.63353e+08	2.18252e+08	2.9934e+08	4.23582e+08	6.2228e+08	9.49009e+08	6.2228e+08	4.23582e+08	2.9934e+08	2.18252e+08	1.63353e+08	1.25012e+08	9.75123e+07	7.7331e+07	6.22212e+07	5.07078e+07	4.17972e+07	3.48045e+07	2.92482e+07	2.47833e+07	
0	2.89874e+07	3.44941e+07	4.14244e+07	5.02555e+07	6.16662e+07	7.66413e+07	9.66425e+07	1.23897e+08	1.61896e+08	2.16305e+08	2.9667e+08	4.19804e+08	6.1673e+08	9.40545e+08	6.1673e+08	4.19804e+08	2.9667e+08	2.16305e+08	1.61896e+08	1.23897e+08	9.66425e+07	7.66413e+07	6.16662e+07	5.02555e+07	4.14244e+07	3.44941e+07	2.89874e+07	2.45623e+07	
0	2.87286e+07	3.41862e+07	4.10546e+07	4.9807e+07	6.11158e+07	7.59572e+07	9.57799e+07	1.22791e+08	1.60451e+08	2.14375e+08	2.94022e+08	4.16056e+08	6.11225e+08	9.32149e+08	6.11225e+08	4.16056e+08	2.94022e+08	2.14375e+08	1.60451e+08	1.22791e+08	9.57799e+07	7.59572e+07	6.11158e+07	4.9807e+07	4.10546e+07	3.41862e+07	2.87286e+07	2.43431e+07	
0	2.8472e+07	3.38808e+07	4.06879e+07	4.9362e+07	6.05699e+07	7.52786e+07	9.49243e+07	1.21694e+08	1.59018e+08	2.1246e+08	2.91396e+08	4.1234e+08	6.05765e+08	9.23823e+08	6.05765e+08	4.1234e+08	2.91396e+08	2.1246e+08	1.59018e+08	1.21694e+08	9.49243e+07	7.52786e+07	6.05699e+07	4.9362e+07	4.06879e+07	3.38808e+07	2.8472e+07	2.41256e+07	
0	2.82175e+07	3.3578e+07	4.03242e+07	4.89208e+07	6.00284e+07	7.46057e+07	9.40758e+07	1.20606e+08	1.57597e+08	2.1056e+08	2.88791e+08	4.08654e+08	6.0035e+08	9.15564e+08	6.0035e+08	4.08654e+08	2.88791e+08	2.1056e+08	1.57597e+08	1.20606e+08	9.40758e+07	7.46057e+07	6.00284e+07	4.89208e+07	4.03242e+07	3.3578e+07	2.82175e+07	2.39099e+07	
0	2.7965e+07	3.32776e+07	3.99634e+07	4.84831e+07	5.94914e+07	7.39383e+07	9.32341e+07	1.19527e+08	1.56187e+08	2.08677e+08	2.86207e+08	4.04998e+08	5.94979e+08	9.07374e+08	5.94979e+08	4.04998e+08	2.86207e+08	2.08677e+08	1.56187e+08	1.19527e+08	9.32341e+07	7.39383e+07	5.94914e+07	4.84831e+07	3.99634e+07	3.32776e+07	2.7965e+07	2.3696e+07	
0	2.77147e+07	3.29796e+07	3.96057e+07	4.80491e+07	5.89588e+07	7.32763e+07	9.23994e+07	1.18457e+08	1.54788e+08	2.06809e+08	2.83645e+08	4.01372e+08	5.89652e+08	8.9925e+08	5.89652e+08	4.01372e+08	2.83645e+08	2.06809e+08	1.54788e+08	1.18457e+08	9.23994e+07	7.32763e+07	5.89588e+07	4.80491e+07	3.96057e+07	3.29796e+07	2.77147e+07	2.34839e+07	
0	2.74664e+07	3.26842e+07	3.92508e+07	4.76186e+07	5.84305e+07	7.26198e+07	9.15716e+07	1.17396e+08	1.53402e+08	2.04956e+08	2.81104e+08	3.97776e+08	5.8437e+08	8.91194e+08	5.8437e+08	3.97776e+08	2.81104e+08	2.04956e+08	1.53402e+08	1.17396e+08	9.15716e+07	7.26198e+07	5.84305e+07	4.76186e+07	3.92508e+07	3.26842e+07	2.74664e+07	2.32735e+07	
0	2.72201e+07	3.23911e+07	3.88989e+07	4.71916e+07	5.79066e+07	7.19687e+07	9.07506e+07	1.16343e+08	1.52026e+08	2.03118e+08	2.78583e+08	3.9421e+08	5.7913e+08	8.83203e+08	5.7913e+08	3.9421e+08	2.78583e+08	2.03118e+08	1.52026e+08	1.16343e+08	9.07506e+07	7.19687e+07	5.79066e+07	4.71916e+07	3.88989e+07	3.23911e+07	2.72201e+07	2.30648e+07	
0	2.69759e+07	3.21005e+07	3.85499e+07	4.67682e+07	5.73871e+07	7.13229e+07	8.99363e+07	1.15299e+08	1.50662e+08	2.01295e+08	2.76084e+08	3.90672e+08	5.73934e+08	8.75279e+08	5.73934e+08	3.90672e+08	2.76084e+08	2.01295e+08	1.50662e+08	1.15299e+08	8.99363e+07	7.13229e+07	5.73871e+07	4.67682e+07	3.85499e+07	3.21005e+07	2.69759e+07	2.28579e+07	
0	2.67336e+07	3.18122e+07	3.82037e+07	4.63482e+07	5.68718e+07	7.06825e+07	8.91287e+07	1.14264e+08	1.49309e+08	1.99488e+08	2.73604e+08	3.87164e+08	5.6878e+08	8.67419e+08	5.6878e+08	3.87164e+08	2.73604e+08	1.99488e+08	1.49309e+08	1.14264e+08	8.91287e+07	7.06825e+07	5.68718e+07	4.63482e+07	3.82037e+07	3.18122e+07	2.67336e+07	2.26526e+07	
0	2.64934e+07	3.15264e+07	3.78604e+07	4.59318e+07	5.63607e+07	7.00474e+07	8.83278e+07	1.13237e+08	1.47968e+08	1.97695e+08	2.71146e+08	3.83685e+08	5.63669e+08	8.59625e+08	5.63669e+08	3.83685e+08	2.71146e+08	1.97695e+08	1.47968e+08	1.13237e+08	8.83278e+07	7.00474e+07	5.63607e+07	4.59318e+07	3.78604e+07	3.15264e+07	2.64934e+07	2.24491e+07	
0	2.62552e+07	3.12429e+07	3.75199e+07	4.55187e+07	5.58539e+07	6.94175e+07	8.75335e+07	1.12219e+08	1.46637e+08	1.95918e+08	2.68708e+08	3.80235e+08	5.586e+08	8.51894e+08	5.586e+08	3.80235e+08	2.68708e+08	1.95918e+08	1.46637e+08	1.12219e+08	8.75335e+07	6.94175e+07	5.58539e+07	4.55187e+07	3.75199e+07	3.12429e+07	2.62552e+07	2.22472e+07	
0	2.60189e+07	3.09617e+07	3.71823e+07	4.51091e+07	5.53513e+07	6.87928e+07	8.67458e+07	1.11209e+08	1.45317e+08	1.94154e+08	2.66289e+08	3.76813e+08	5.53573e+08	8.44228e+08	5.53573e+08	3.76813e+08	2.66289e+08	1.94154e+08	1.45317e+08	1.11209e+08	8.67458e+07	6.87928e+07	5.53513e+07	4.51091e+07	3.71823e+07	3.09617e+07	2.60189e+07	2.2047e+07	
0	2.57846e+07	3.06829e+07	3.68474e+07	4.47028e+07	5.48528e+07	6.81732e+07	8.59646e+07	1.10208e+08	1.44009e+08	1.92406e+08	2.63891e+08	3.7342e+08	5.48588e+08	8.36625e+08	5.48588e+08	3.7342e+08	2.63891e+08	1.92406e+08	1.44009e+08	1.10208e+08	8.59646e+07	6.81732e+07	5.48528e+07	4.47028e+07	3.68474e+07	3.06829e+07	2.57846e+07	2.18484e+07	
0	2.55522e+07	3.04063e+07	3.65154e+07	4.43e+07	5.43584e+07	6.75588e+07	8.51898e+07	1.09214e+08	1.42711e+08	1.90672e+08	2.61513e+08	3.70054e+08	5.43644e+08	8.29085e+08	5.43644e+08	3.70054e+08	2.61513e+08	1.90672e+08	1.42711e+08	1.09214e+08	8.51898e+07	6.75588e+07	5.43584e+07	4.43e+07	3.65154e+07	3.04063e+07	2.55522e+07	2.16515e+07	
0	2.53217e+07	3.01321e+07	3.6186e+07	4.39004e+07	5.38682e+07	6.69495e+07	8.44215e+07	1.08229e+08	1.41424e+08	1.88952e+08	2.59154e+08	3.66717e+08	5.38741e+08	8.21608e+08	5.38741e+08	3.66717e+08	2.59154e+08	1.88952e+08	1.41424e+08	1.08229e+08	8.44215e+07	6.69495e+07	5.38682e+07	4.39004e+07	3.6186e+07	3.01321e+07	2.53217e+07	2.14562e+07	
0	2.50932e+07	2.98602e+07	3.58594e+07	4.35042e+07	5.3382e+07	6.63453e+07	8.36596e+07	1.07252e+08	1.40147e+08	1.87247e+08	2.56815e+08	3.63407e+08	5.33878e+08	8.14193e+08	5.33878e+08	3.63407e+08	2.56815e+08	1.87247e+08	1.40147e+08	1.07252e+08	8.36596e+07	6.63453e+07	5.3382e+07	4.35042e+07	3.58594e+07	2.98602e+07	2.50932e+07	2.12626e+07	
0	2.48665e+07	2.95905e+07	3.55355e+07	4.31113e+07	5.28998e+07	6.5746e+07	8.29039e+07	1.06284e+08	1.38881e+08	1.85556e+08	2.54496e+08	3.60125e+08	5.29056e+08	8.06839e+08	5.29056e+08	3.60125e+08	2.54496e+08	1.85556e+08	1.38881e+08	1.06284e+08	8.29039e+07	6.5746e+07	5.28998e+07	4.31113e+07	3.55355e+07	2.95905e+07	2.48665e+07	2.10705e+07	
0	2.46418e+07	2.9323e+07	3.52144e+07	4.27216e+07	5.24217e+07	6.51518e+07	8.21546e+07	1.05323e+08	1.37626e+08	1.83878e+08	2.52196e+08	3.5687e+08	5.24274e+08	7.99546e+08	5.24274e+08	3.5687e+08	2.52196e+08	1.83878e+08	1.37626e+08	1.05323e+08	8.21546e+07	6.51518e+07	5.24217e+07	4.27216e+07	3.52144e+07	2.9323e+07	2.46418e+07	2.08801e+07	
0	2.44189e+07	2.90578e+07	3.48958e+07	4.23352e+07	5.19475e+07	6.45625e+07	8.14115e+07	1.0437e+08	1.36381e+08	1.82215e+08	2.49914e+08	3.53642e+08	5.19532e+08	7.92314e+08	5.19532e+08	3.53642e+08	2.49914e+08	1.82215e+08	1.36381e+08	1.0437e+08	8.14115e+07	6.45625e+07	5.19475e+07	4.23352e+07	3.48958e+07	2.90578e+07	2.44189e+07	2.06912e+07	
0	2.41979e+07	2.87947e+07	3.458e+07	4.1952e+07	5.14773e+07	6.39781e+07	8.06746e+07	1.03426e+08	1.35147e+08	1.80566e+08	2.47652e+08	3.50441e+08	5.1483e+08	7.85142e+08	5.1483e+08	3.50441e+08	2.47652e+08	1.80566e+08	1.35147e+08	1.03426e+08	8.06746e+07	6.39781e+07	5.14773e+07	4.1952e+07	3.458e+07	2.87947e+07	2.41979e+07	2.05039e+07	
0	2.39787e+07	2.85339e+07	3.42667e+07	4.1572e+07	5.1011e+07	6.33985e+07	7.99438e+07	1.02489e+08	1.33923e+08	1.7893e+08	2.45409e+08	3.47266e+08	5.10166e+08	7.7803e+08	5.10166e+08	3.47266e+08	2.45409e+08	1.7893e+08	1.33923e+08	1.02489e+08	7.99438e+07	6.33985e+07	5.1011e+07	4.1572e+07	3.42667e+07	2.85339e+07	2.39787e+07	2.03182e+07	
0	2.37613e+07	2.82753e+07	3.39561e+07	4.11951e+07	5.05486e+07	6.28238e+07	7.92191e+07	1.0156e+08	1.32709e+08	1.77308e+08	2.43184e+08	3.44118e+08	5.05542e+08	7.70978e+08	5.05542e+08	3.44118e+08	2.43184e+08	1.77308e+08	1.32709e+08	1.0156e+08	7.92191e+07	6.28238e+07	5.05486e+07	4.11951e+07	3.39561e+07	2.82753e+07	2.37613e+07	2.0134e+07	
0	2.35458e+07	2.80188e+07	3.36481e+07	4.08214e+07	5.00901e+07	6.22539e+07	7.85005e+07	1.00639e+08	1.31505e+08	1.757e+08	2.40978e+08	3.40997e+08	5.00956e+08	7.63984e+08	5.00956e+08	3.40997e+08	2.40978e+08	1.757e+08	1.31505e+08	1.00639e+08	7.85005e+07	6.22539e+07	5.00901e+07	4.08214e+07	3.36481e+07	2.80188e+07	2.35458e+07	1.99514e+07	
0	2.3332e+07	2.77644e+07	3.33426e+07	4.04509e+07	4.96354e+07	6.16888e+07	7.77879e+07	9.9725e+07	1.30311e+08	1.74105e+08	2.38791e+08	3.37901e+08	4.96408e+08	7.57049e+08	4.96408e+08	3.37901e+08	2.38791e+08	1.74105e+08	1.30311e+08	9.9725e+07	7.77879e+07	6.16888e+07	4.96354e+07	4.04509e+07	3.33426e+07	2.77644e+07	2.3332e+07	1.97703e+07	
0	2.31201e+07	2.75122e+07	3.30397e+07	4.00834e+07	4.91845e+07	6.11284e+07	7.70813e+07	9.88191e+07	1.29127e+08	1.72523e+08	2.36622e+08	3.34832e+08	4.91899e+08	7.50172e+08	4.91899e+08	3.34832e+08	2.36622e+08	1.72523e+08	1.29127e+08	9.88191e+07	7.70813e+07	6.11284e+07	4.91845e+07	4.00834e+07	3.30397e+07	2.75122e+07	2.31201e+07	1.95907e+07	
0	2.29099e+07	2.72621e+07	3.27394e+07	3.9719e+07	4.87373e+07	6.05727e+07	7.63806e+07	9.79207e+07	1.27953e+08	1.70955e+08	2.34471e+08	3.31788e+08	4.87427e+08	7.43352e+08	4.87427e+08	3.31788e+08	2.34471e+08	1.70955e+08	1.27953e+08	9.79207e+07	7.63806e+07	6.05727e+07	4.87373e+07	3.9719e+07	3.27394e+07	2.72621e+07	2.29099e+07	1.94126e+07	
0	2.27015e+07	2.70141e+07	3.24416e+07	3.93577e+07	4.8294e+07	6.00217e+07	7.56857e+07	9.70299e+07	1.26789e+08	1.694e+08	2.32338e+08	3.2877e+08	4.82993e+08	7.3659e+08	4.82993e+08	3.2877e+08	2.32338e+08	1.694e+08	1.26789e+08	9.70299e+07	7.56857e+07	6.00217e+07	4.8294e+07	3.93577e+07	3.24416e+07	2.70141e+07	2.27015e+07	1.9236e+07	
0	2.24948e+07	2.67682e+07	3.21462e+07	3.89994e+07	4.78543e+07	5.94753e+07	7.49967e+07	9.61466e+07	1.25635e+08	1.67858e+08	2.30222e+08	3.25777e+08	4.78596e+08	7.29884e+08	4.78596e+08	3.25777e+08	2.30222e+08	1.67858e+08	1.25635e+08	9.61466e+07	7.49967e+07	5.94753e+07	4.78543e+07	3.89994e+07	3.21462e+07	2.67682e+07	2.24948e+07	1.90609e+07	
0	2.22899e+07	2.65243e+07	3.18534e+07	3.86441e+07	4.74184e+07	5.89334e+07	7.43135e+07	9.52707e+07	1.24491e+08	1.66328e+08	2.28125e+08	3.22809e+08	4.74236e+08	7.23235e+08	4.74236e+08	3.22809e+08	2.28125e+08	1.66328e+08	1.24491e+08	9.52707e+07	7.43135e+07	5.89334e+07	4.74184e+07	3.86441e+07	3.18534e+07	2.65243e+07	2.22899e+07	1.88872e+07	
0	2.20867e+07	2.62825e+07	3.1563e+07	3.82918e+07	4.69861e+07	5.83962e+07	7.3636e+07	9.44021e+07	1.23356e+08	1.64812e+08	2.26045e+08	3.19866e+08	4.69912e+08	7.16642e+08	4.69912e+08	3.19866e+08	2.26045e+08	1.64812e+08	1.23356e+08	9.44021e+07	7.3636e+07	5.83962e+07	4.69861e+07	3.82918e+07	3.1563e+07	2.62825e+07	2.20867e+07	1.8715e+07	
0	2.18852e+07	2.60427e+07	3.1275e+07	3.79425e+07	4.65574e+07	5.78634e+07	7.29642e+07	9.35409e+07	1.2223e+08	1.63309e+08	2.23983e+08	3.16948e+08	4.65625e+08	7.10104e+08	4.65625e+08	3.16948e+08	2.23983e+08	1.63309e+08	1.2223e+08	9.35409e+07	7.29642e+07	5.78634e+07	4.65574e+07	3.79425e+07	3.1275e+07	2.60427e+07	2.18852e+07	1.85443e+07	
0	2.16854e+07	2.5805e+07	3.09895e+07	3.75961e+07	4.61324e+07	5.73352e+07	7.22981e+07	9.26869e+07	1.21114e+08	1.61818e+08	2.21938e+08	3.14054e+08	4.61374e+08	7.03621e+08	4.61374e+08	3.14054e+08	2.21938e+08	1.61818e+08	1.21114e+08	9.26869e+07	7.22981e+07	5.73352e+07	4.61324e+07	3.75961e+07	3.09895e+07	2.5805e+07	2.16854e+07	1.8375e+07	
0	2.14873e+07	2.55692e+07	3.07064e+07	3.72526e+07	4.57109e+07	5.68114e+07	7.16376e+07	9.18402e+07	1.20008e+08	1.60339e+08	2.19911e+08	3.11185e+08	4.57159e+08	6.97193e+08	4.57159e+08	3.11185e+08	2.19911e+08	1.60339e+08	1.20008e+08	9.18402e+07	7.16376e+07	5.68114e+07	4.57109e+07	3.72526e+07	3.07064e+07	2.55692e+07	2.14873e+07	1.82071e+07	
0	2.12908e+07	2.53355e+07	3.04257e+07	3.6912e+07	4.5293e+07	5.6292e+07	7.09827e+07	9.10005e+07	1.18911e+08	1.58873e+08	2.179e+08	3.0834e+08	4.5298e+08	6.90819e+08	4.5298e+08	3.0834e+08	2.179e+08	1.58873e+08	1.18911e+08	9.10005e+07	7.09827e+07	5.6292e+07	4.5293e+07	3.6912e+07	3.04257e+07	2.53355e+07	2.12908e+07	1.80407e+07	
0	2.1096e+07	2.51037e+07	3.01473e+07	3.65743e+07	4.48787e+07	5.5777e+07	7.03333e+07	9.0168e+07	1.17823e+08	1.5742e+08	2.15907e+08	3.05519e+08	4.48836e+08	6.84499e+08	4.48836e+08	3.05519e+08	2.15907e+08	1.5742e+08	1.17823e+08	9.0168e+07	7.03333e+07	5.5777e+07	4.48787e+07	3.65743e+07	3.01473e+07	2.51037e+07	2.1096e+07	1.78756e+07	
0	2.09029e+07	2.48738e+07	2.98713e+07	3.62395e+07	4.44678e+07	5.52663e+07	6.96894e+07	8.93425e+07	1.16744e+08	1.55979e+08	2.1393e+08	3.02722e+08	4.44727e+08	6.78232e+08	4.44727e+08	3.02722e+08	2.1393e+08	1.55979e+08	1.16744e+08	8.93425e+07	6.96894e+07	5.52663e+07	4.44678e+07	3.62395e+07	2.98713e+07	2.48738e+07	2.09029e+07	1.7712e+07	
0	2.07114e+07	2.4646e+07	2.95976e+07	3.59075e+07	4.40604e+07	5.476e+07	6.90509e+07	8.8524e+07	1.15675e+08	1.5455e+08	2.1197e+08	2.99949e+08	4.40652e+08	6.72019e+08	4.40652e+08	2.99949e+08	2.1197e+08	1.5455e+08	1.15675e+08	8.8524e+07	6.90509e+07	5.476e+07	4.40604e+07	3.59075e+07	2.95976e+07	2.4646e+07	2.07114e+07	1.75497e+07	
0	2.05215e+07	2.442e+07	2.93263e+07	3.55783e+07	4.36565e+07	5.4258e+07	6.84179e+07	8.77124e+07	1.14614e+08	1.53133e+08	2.10027e+08	2.97199e+08	4.36613e+08	6.65858e+08	4.36613e+08	2.97199e+08	2.10027e+08	1.53133e+08	1.14614e+08	8.77124e+07	6.84179e+07	5.4258e+07	4.36565e+07	3.55783e+07	2.93263e+07	2.442e+07	2.05215e+07	1.73888e+07	
0	2.03333e+07	2.4196e+07	2.90573e+07	3.52519e+07	4.3256e+07	5.37602e+07	6.77902e+07	8.69078e+07	1.13563e+08	1.51728e+08	2.081e+08	2.94472e+08	4.32607e+08	6.59749e+08	4.32607e+08	2.94472e+08	2.081e+08	1.51728e+08	1.13563e+08	8.69078e+07	6.77902e+07	5.37602e+07	4.3256e+07	3.52519e+07	2.90573e+07	2.4196e+07	2.03333e+07	1.72293e+07	
0	2.01466e+07	2.39739e+07	2.87905e+07	3.49283e+07	4.28588e+07	5.32667e+07	6.71678e+07	8.61099e+07	1.1252e+08	1.50335e+08	2.0619e+08	2.91769e+08	4.28635e+08	6.53693e+08	4.28635e+08	2.91769e+08	2.0619e+08	1.50335e+08	1.1252e+08	8.61099e+07	6.71678e+07	5.32667e+07	4.28588e+07	3.49283e+07	2.87905e+07	2.39739e+07	2.01466e+07	1.70711e+07	
0	1.99615e+07	2.37536e+07	2.8526e+07	3.46074e+07	4.24651e+07	5.27773e+07	6.65508e+07	8.53188e+07	1.11486e+08	1.48954e+08	2.04295e+08	2.89089e+08	4.24698e+08	6.47687e+08	4.24698e+08	2.89089e+08	2.04295e+08	1.48954e+08	1.11486e+08	8.53188e+07	6.65508e+07	5.27773e+07	4.24651e+07	3.46074e+07	2.8526e+07	2.37536e+07	1.99615e+07	1.69143e+07	
0	1.9778e+07	2.35352e+07	2.82638e+07	3.42892e+07	4.20747e+07	5.22921e+07	6.5939e+07	8.45345e+07	1.10462e+08	1.47585e+08	2.02417e+08	2.86431e+08	4.20793e+08	6.41733e+08	4.20793e+08	2.86431e+08	2.02417e+08	1.47585e+08	1.10462e+08	8.45345e+07	6.5939e+07	5.22921e+07	4.20747e+07	3.42892e+07	2.82638e+07	2.35352e+07	1.9778e+07	1.67588e+07	
0	1.95961e+07	2.33187e+07	2.80037e+07	3.39738e+07	4.16876e+07	5.18111e+07	6.53324e+07	8.37568e+07	1.09445e+08	1.46227e+08	2.00555e+08	2.83796e+08	4.16922e+08	6.35829e+08	4.16922e+08	2.83796e+08	2.00555e+08	1.46227e+08	1.09445e+08	8.37568e+07	6.53324e+07	5.18111e+07	4.16876e+07	3.39738e+07	2.80037e+07	2.33187e+07	1.95961e+07	1.66046e+07	
0	1.94157e+07	2.31041e+07	2.77459e+07	3.3661e+07	4.13039e+07	5.13341e+07	6.47309e+07	8.29857e+07	1.08438e+08	1.44881e+08	1.98709e+08	2.81183e+08	4.13084e+08	6.29976e+08	4.13084e+08	2.81183e+08	1.98709e+08	1.44881e+08	1.08438e+08	8.29857e+07	6.47309e+07	5.13341e+07	4.13039e+07	3.3661e+07	2.77459e+07	2.31041e+07	1.94157e+07	1.64518e+07	
0	1.92368e+07	2.28912e+07	2.74903e+07	3.33509e+07	4.09234e+07	5.08612e+07	6.41346e+07	8.22213e+07	1.07439e+08	1.43546e+08	1.96878e+08	2.78593e+08	4.09279e+08	6.24173e+08	4.09279e+08	2.78593e+08	1.96878e+08	1.43546e+08	1.07439e+08	8.22213e+07	6.41346e+07	5.08612e+07	4.09234e+07	3.33509e+07	2.74903e+07	2.28912e+07	1.92368e+07	1.63002e+07	
0	1.90595e+07	2.26802e+07	2.72369e+07	3.30435e+07	4.05461e+07	5.03923e+07	6.35434e+07	8.14633e+07	1.06448e+08	1.42223e+08	1.95063e+08	2.76025e+08	4.05506e+08	6.18419e+08	4.05506e+08	2.76025e+08	1.95063e+08	1.42223e+08	1.06448e+08	8.14633e+07	6.35434e+07	5.03923e+07	4.05461e+07	3.30435e+07	2.72369e+07	2.26802e+07	1.90595e+07	1.61499e+07	
0	1.88836e+07	2.2471e+07	2.69857e+07	3.27387e+07	4.01721e+07	4.99275e+07	6.29572e+07	8.07118e+07	1.05466e+08	1.40911e+08	1.93264e+08	2.73479e+08	4.01765e+08	6.12714e+08	4.01765e+08	2.73479e+08	1.93264e+08	1.40911e+08	1.05466e+08	8.07118e+07	6.29572e+07	4.99275e+07	4.01721e+07	3.27387e+07	2.69857e+07	2.2471e+07	1.88836e+07	1.6001e+07	
0	1.87093e+07	2.22635e+07	2.67366e+07	3.24365e+07	3.98013e+07	4.94666e+07	6.2376e+07	7.99668e+07	1.04493e+08	1.3961e+08	1.9148e+08	2.70954e+08	3.98056e+08	6.07058e+08	3.98056e+08	2.70954e+08	1.9148e+08	1.3961e+08	1.04493e+08	7.99668e+07	6.2376e+07	4.94666e+07	3.98013e+07	3.24365e+07	2.67366e+07	2.22635e+07	1.87093e+07	1.58533e+07	
0	1.85365e+07	2.20579e+07	2.64896e+07	3.21368e+07	3.94336e+07	4.90097e+07	6.17999e+07	7.92281e+07	1.03528e+08	1.3832e+08	1.89711e+08	2.68451e+08	3.94379e+08	6.01451e+08	3.94379e+08	2.68451e+08	1.89711e+08	1.3832e+08	1.03528e+08	7.92281e+07	6.17999e+07	4.90097e+07	3.94336e+07	3.21368e+07	2.64896e+07	2.20579e+07	1.85365e+07	1.57068e+07	
0	1.83652e+07	2.1854e+07	2.62447e+07	3.18398e+07	3.90691e+07	4.85566e+07	6.12286e+07	7.84957e+07	1.02571e+08	1.37042e+08	1.87958e+08	2.6597e+08	3.90734e+08	5.95891e+08	3.90734e+08	2.6597e+08	1.87958e+08	1.37042e+08	1.02571e+08	7.84957e+07	6.12286e+07	4.85566e+07	3.90691e+07	3.18398e+07	2.62447e+07	2.1854e+07	1.83652e+07	1.55616e+07	
0	1.81953e+07	2.16519e+07	2.6002e+07	3.15453e+07	3.87077e+07	4.81075e+07	6.06622e+07	7.77697e+07	1.01622e+08	1.35774e+08	1.86219e+08	2.6351e+08	3.8712e+08	5.90379e+08	3.8712e+08	2.6351e+08	1.86219e+08	1.35774e+08	1.01622e+08	7.77697e+07	6.06622e+07	4.81075e+07	3.87077e+07	3.15453e+07	2.6002e+07	2.16519e+07	1.81953e+07	1.54177e+07	
0	1.80269e+07	2.14514e+07	2.57613e+07	3.12533e+07	3.83494e+07	4.76622e+07	6.01008e+07	7.70498e+07	1.00681e+08	1.34518e+08	1.84495e+08	2.6107e+08	3.83536e+08	5.84915e+08	3.83536e+08	2.6107e+08	1.84495e+08	1.34518e+08	1.00681e+08	7.70498e+07	6.01008e+07	4.76622e+07	3.83494e+07	3.12533e+07	2.57613e+07	2.14514e+07	1.80269e+07	1.5275e+07	
0	1.78599e+07	2.12527e+07	2.55227e+07	3.09638e+07	3.79942e+07	4.72207e+07	5.95441e+07	7.63362e+07	9.97488e+07	1.33272e+08	1.82786e+08	2.58652e+08	3.79984e+08	5.79497e+08	3.79984e+08	2.58652e+08	1.82786e+08	1.33272e+08	9.97488e+07	7.63362e+07	5.95441e+07	4.72207e+07	3.79942e+07	3.09638e+07	2.55227e+07	2.12527e+07	1.78599e+07	1.51335e+07	
0	1.76944e+07	2.10558e+07	2.52861e+07	3.06768e+07	3.76421e+07	4.67831e+07	5.89922e+07	7.56286e+07	9.88242e+07	1.32036e+08	1.81092e+08	2.56255e+08	3.76462e+08	5.74126e+08	3.76462e+08	2.56255e+08	1.81092e+08	1.32036e+08	9.88242e+07	7.56286e+07	5.89922e+07	4.67831e+07	3.76421e+07	3.06768e+07	2.52861e+07	2.10558e+07	1.76944e+07	1.49932e+07	
0	1.75302e+07	2.08605e+07	2.50516e+07	3.03923e+07	3.7293e+07	4.63492e+07	5.8445e+07	7.49272e+07	9.79077e+07	1.30812e+08	1.79413e+08	2.53878e+08	3.7297e+08	5.68801e+08	3.7297e+08	2.53878e+08	1.79413e+08	1.30812e+08	9.79077e+07	7.49272e+07	5.8445e+07	4.63492e+07	3.7293e+07	3.03923e+07	2.50516e+07	2.08605e+07	1.75302e+07	1.48542e+07	
0	1.73675e+07	2.06669e+07	2.48191e+07	3.01102e+07	3.69468e+07	4.5919e+07	5.79026e+07	7.42318e+07	9.6999e+07	1.29598e+08	1.77748e+08	2.51522e+08	3.69509e+08	5.63522e+08	3.69509e+08	2.51522e+08	1.77748e+08	1.29598e+08	9.6999e+07	7.42318e+07	5.79026e+07	4.5919e+07	3.69468e+07	3.01102e+07	2.48191e+07	2.06669e+07	1.73675e+07	1.47163e+07	
0	1.72062e+07	2.04749e+07	2.45886e+07	2.98306e+07	3.66037e+07	4.54925e+07	5.73649e+07	7.35424e+07	9.60981e+07	1.28394e+08	1.76097e+08	2.49186e+08	3.66077e+08	5.58288e+08	3.66077e+08	2.49186e+08	1.76097e+08	1.28394e+08	9.60981e+07	7.35424e+07	5.73649e+07	4.54925e+07	3.66037e+07	2.98306e+07	2.45886e+07	2.04749e+07	1.72062e+07	1.45796e+07	
0	1.70463e+07	2.02846e+07	2.43601e+07	2.95533e+07	3.62635e+07	4.50698e+07	5.68317e+07	7.28589e+07	9.5205e+07	1.27201e+08	1.7446e+08	2.4687e+08	3.62675e+08	5.531e+08	3.62675e+08	2.4687e+08	1.7446e+08	1.27201e+08	9.5205e+07	7.28589e+07	5.68317e+07	4.50698e+07	3.62635e+07	2.95533e+07	2.43601e+07	2.02846e+07	1.70463e+07	1.44441e+07	
0	1.68878e+07	2.0096e+07	2.41335e+07	2.92785e+07	3.59263e+07	4.46506e+07	5.63032e+07	7.21814e+07	9.43197e+07	1.26018e+08	1.72838e+08	2.44574e+08	3.59302e+08	5.47956e+08	3.59302e+08	2.44574e+08	1.72838e+08	1.26018e+08	9.43197e+07	7.21814e+07	5.63032e+07	4.46506e+07	3.59263e+07	2.92785e+07	2.41335e+07	2.0096e+07	1.68878e+07	1.43098e+07	
0	1.67307e+07	1.9909e+07	2.3909e+07	2.9006e+07	3.5592e+07	4.42351e+07	5.57793e+07	7.15096e+07	9.34419e+07	1.24845e+08	1.71229e+08	2.42298e+08	3.55959e+08	5.42857e+08	3.55959e+08	2.42298e+08	1.71229e+08	1.24845e+08	9.34419e+07	7.15096e+07	5.57793e+07	4.42351e+07	3.5592e+07	2.9006e+07	2.3909e+07	1.9909e+07	1.67307e+07	1.41766e+07	
0	1.65749e+07	1.97236e+07	2.36863e+07	2.87359e+07	3.52605e+07	4.38232e+07	5.52599e+07	7.08437e+07	9.25718e+07	1.23683e+08	1.69635e+08	2.40042e+08	3.52644e+08	5.37802e+08	3.52644e+08	2.40042e+08	1.69635e+08	1.23683e+08	9.25718e+07	7.08437e+07	5.52599e+07	4.38232e+07	3.52605e+07	2.87359e+07	2.36863e+07	1.97236e+07	1.65749e+07	1.40446e+07	
0	1.64204e+07	1.95398e+07	2.34656e+07	2.84682e+07	3.4932e+07	4.34148e+07	5.47449e+07	7.01836e+07	9.17092e+07	1.2253e+08	1.68054e+08	2.37805e+08	3.49358e+08	5.32791e+08	3.49358e+08	2.37805e+08	1.68054e+08	1.2253e+08	9.17092e+07	7.01836e+07	5.47449e+07	4.34148e+07	3.4932e+07	2.84682e+07	2.34656e+07	1.95398e+07	1.64204e+07	1.39138e+07	
0	1.62673e+07	1.93576e+07	2.32468e+07	2.82027e+07	3.46062e+07	4.301e+07	5.42345e+07	6.95292e+07	9.08541e+07	1.21388e+08	1.66487e+08	2.35588e+08	3.461e+08	5.27823e+08	3.461e+08	2.35588e+08	1.66487e+08	1.21388e+08	9.08541e+07	6.95292e+07	5.42345e+07	4.301e+07	3.46062e+07	2.82027e+07	2.32468e+07	1.93576e+07	1.62673e+07	1.3784e+07	
0	1.61155e+07	1.9177e+07	2.30299e+07	2.79396e+07	3.42834e+07	4.26087e+07	5.37284e+07	6.88805e+07	9.00064e+07	1.20255e+08	1.64934e+08	2.3339e+08	3.42871e+08	5.22898e+08	3.42871e+08	2.3339e+08	1.64934e+08	1.20255e+08	9.00064e+07	6.88805e+07	5.37284e+07	4.26087e+07	3.42834e+07	2.79396e+07	2.30299e+07	1.9177e+07	1.61155e+07	1.36554e+07	
0	1.59651e+07	1.8998e+07	2.28149e+07	2.76787e+07	3.39633e+07	4.22109e+07	5.32268e+07	6.82373e+07	8.9166e+07	1.19132e+08	1.63394e+08	2.31211e+08	3.3967e+08	5.18016e+08	3.3967e+08	2.31211e+08	1.63394e+08	1.19132e+08	8.9166e+07	6.82373e+07	5.32268e+07	4.22109e+07	3.39633e+07	2.76787e+07	2.28149e+07	1.8998e+07	1.59651e+07	1.35279e+07	
0	1.58159e+07	1.88205e+07	2.26017e+07	2.74201e+07	3.36459e+07	4.18165e+07	5.27295e+07	6.75998e+07	8.83329e+07	1.18019e+08	1.61867e+08	2.29051e+08	3.36496e+08	5.13176e+08	3.36496e+08	2.29051e+08	1.61867e+08	1.18019e+08	8.83329e+07	6.75998e+07	5.27295e+07	4.18165e+07	3.36459e+07	2.74201e+07	2.26017e+07	1.88205e+07	1.58159e+07	1.34015e+07	
0	1.5668e+07	1.86445e+07	2.23904e+07	2.71638e+07	3.33314e+07	4.14256e+07	5.22365e+07	6.69678e+07	8.75071e+07	1.16916e+08	1.60354e+08	2.26909e+08	3.33351e+08	5.08379e+08	3.33351e+08	2.26909e+08	1.60354e+08	1.16916e+08	8.75071e+07	6.69678e+07	5.22365e+07	4.14256e+07	3.33314e+07	2.71638e+07	2.23904e+07	1.86445e+07	1.5668e+07	1.32762e+07	
0	1.55215e+07	1.84701e+07	2.2181e+07	2.69097e+07	3.30196e+07	4.10381e+07	5.17479e+07	6.63413e+07	8.66885e+07	1.15822e+08	1.58854e+08	2.24787e+08	3.30232e+08	5.03623e+08	3.30232e+08	2.24787e+08	1.58854e+08	1.15822e+08	8.66885e+07	6.63413e+07	5.17479e+07	4.10381e+07	3.30196e+07	2.69097e+07	2.2181e+07	1.84701e+07	1.55215e+07	1.3152e+07	
0	1.53762e+07	1.82972e+07	2.19733e+07	2.66577e+07	3.27105e+07	4.06539e+07	5.12634e+07	6.57203e+07	8.5877e+07	1.14738e+08	1.57367e+08	2.22682e+08	3.27141e+08	4.98908e+08	3.27141e+08	2.22682e+08	1.57367e+08	1.14738e+08	8.5877e+07	6.57203e+07	5.12634e+07	4.06539e+07	3.27105e+07	2.66577e+07	2.19733e+07	1.82972e+07	1.53762e+07	1.30289e+07	
0	1.52321e+07	1.81258e+07	2.17675e+07	2.6408e+07	3.24041e+07	4.02731e+07	5.07833e+07	6.51047e+07	8.50726e+07	1.13663e+08	1.55893e+08	2.20596e+08	3.24076e+08	4.94235e+08	3.24076e+08	2.20596e+08	1.55893e+08	1.13663e+08	8.50726e+07	6.51047e+07	5.07833e+07	4.02731e+07	3.24041e+07	2.6408e+07	2.17675e+07	1.81258e+07	1.52321e+07	1.29069e+07	
0	1.50894e+07	1.79559e+07	2.15635e+07	2.61605e+07	3.21003e+07	3.98956e+07	5.03072e+07	6.44944e+07	8.42751e+07	1.12598e+08	1.54432e+08	2.18529e+08	3.21039e+08	4.89602e+08	3.21039e+08	2.18529e+08	1.54432e+08	1.12598e+08	8.42751e+07	6.44944e+07	5.03072e+07	3.98956e+07	3.21003e+07	2.61605e+07	2.15635e+07	1.79559e+07	1.50894e+07	1.27859e+07	
0	1.49478e+07	1.77875e+07	2.13612e+07	2.59151e+07	3.17993e+07	3.95214e+07	4.98354e+07	6.38895e+07	8.34847e+07	1.11542e+08	1.52983e+08	2.16479e+08	3.18027e+08	4.8501e+08	3.18027e+08	2.16479e+08	1.52983e+08	1.11542e+08	8.34847e+07	6.38895e+07	4.98354e+07	3.95214e+07	3.17993e+07	2.59151e+07	2.13612e+07	1.77875e+07	1.49478e+07	1.2666e+07	
0	1.48075e+07	1.76205e+07	2.11607e+07	2.56719e+07	3.15008e+07	3.91505e+07	4.93677e+07	6.32899e+07	8.27011e+07	1.10495e+08	1.51547e+08	2.14447e+08	3.15043e+08	4.80458e+08	3.15043e+08	2.14447e+08	1.51547e+08	1.10495e+08	8.27011e+07	6.32899e+07	4.93677e+07	3.91505e+07	3.15008e+07	2.56719e+07	2.11607e+07	1.76205e+07	1.48075e+07	1.25471e+07	
0	1.46685e+07	1.7455e+07	2.0962e+07	2.54308e+07	3.1205e+07	3.87828e+07	4.8904e+07	6.26955e+07	8.19244e+07	1.09457e+08	1.50124e+08	2.12433e+08	3.12084e+08	4.75946e+08	3.12084e+08	2.12433e+08	1.50124e+08	1.09457e+08	8.19244e+07	6.26955e+07	4.8904e+07	3.87828e+07	3.1205e+07	2.54308e+07	2.0962e+07	1.7455e+07	1.46685e+07	1.24293e+07	
0	1.45306e+07	1.7291e+07	2.0765e+07	2.51918e+07	3.09117e+07	3.84183e+07	4.84444e+07	6.21063e+07	8.11545e+07	1.08428e+08	1.48713e+08	2.10437e+08	3.09151e+08	4.71473e+08	3.09151e+08	2.10437e+08	1.48713e+08	1.08428e+08	8.11545e+07	6.21063e+07	4.84444e+07	3.84183e+07	3.09117e+07	2.51918e+07	2.0765e+07	1.7291e+07	1.45306e+07	1.23125e+07	
0	1.4394e+07	1.71284e+07	2.05697e+07	2.49549e+07	3.0621e+07	3.8057e+07	4.79889e+07	6.15223e+07	8.03914e+07	1.07409e+08	1.47315e+08	2.08458e+08	3.06244e+08	4.6704e+08	3.06244e+08	2.08458e+08	1.47315e+08	1.07409e+08	8.03914e+07	6.15223e+07	4.79889e+07	3.8057e+07	3.0621e+07	2.49549e+07	2.05697e+07	1.71284e+07	1.4394e+07	1.21967e+07	
0	1.42585e+07	1.69672e+07	2.03762e+07	2.47201e+07	3.03329e+07	3.76989e+07	4.75373e+07	6.09434e+07	7.96349e+07	1.06398e+08	1.45929e+08	2.06496e+08	3.03362e+08	4.62645e+08	3.03362e+08	2.06496e+08	1.45929e+08	1.06398e+08	7.96349e+07	6.09434e+07	4.75373e+07	3.76989e+07	3.03329e+07	2.47201e+07	2.03762e+07	1.69672e+07	1.42585e+07	1.20819e+07	
0	1.41243e+07	1.68075e+07	2.01843e+07	2.44873e+07	3.00473e+07	3.7344e+07	4.70897e+07	6.03695e+07	7.88851e+07	1.05396e+08	1.44554e+08	2.04552e+08	3.00506e+08	4.58289e+08	3.00506e+08	2.04552e+08	1.44554e+08	1.05396e+08	7.88851e+07	6.03695e+07	4.70897e+07	3.7344e+07	3.00473e+07	2.44873e+07	2.01843e+07	1.68075e+07	1.41243e+07	1.19681e+07	
0	1.39912e+07	1.66491e+07	1.99941e+07	2.42566e+07	2.97642e+07	3.69921e+07	4.6646e+07	5.98007e+07	7.81419e+07	1.04403e+08	1.43193e+08	2.02625e+08	2.97674e+08	4.53971e+08	2.97674e+08	2.02625e+08	1.43193e+08	1.04403e+08	7.81419e+07	5.98007e+07	4.6646e+07	3.69921e+07	2.97642e+07	2.42566e+07	1.99941e+07	1.66491e+07	1.39912e+07	1.18554e+07	
0	1.38593e+07	1.64922e+07	1.98056e+07	2.40279e+07	2.94836e+07	3.66434e+07	4.62063e+07	5.9237e+07	7.74052e+07	1.03419e+08	1.41843e+08	2.00714e+08	2.94868e+08	4.49691e+08	2.94868e+08	2.00714e+08	1.41843e+08	1.03419e+08	7.74052e+07	5.9237e+07	4.62063e+07	3.66434e+07	2.94836e+07	2.40279e+07	1.98056e+07	1.64922e+07	1.38593e+07	1.17436e+07	
0	1.37286e+07	1.63366e+07	1.96188e+07	2.38013e+07	2.92054e+07	3.62977e+07	4.57704e+07	5.86781e+07	7.66749e+07	1.02443e+08	1.40504e+08	1.98821e+08	2.92086e+08	4.45449e+08	2.92086e+08	1.98821e+08	1.40504e+08	1.02443e+08	7.66749e+07	5.86781e+07	4.57704e+07	3.62977e+07	2.92054e+07	2.38013e+07	1.96188e+07	1.63366e+07	1.37286e+07	1.16328e+07	
0	1.3599e+07	1.61824e+07	1.94336e+07	2.35766e+07	2.89297e+07	3.5955e+07	4.53383e+07	5.81242e+07	7.59511e+07	1.01476e+08	1.39178e+08	1.96944e+08	2.89329e+08	4.41244e+08	2.89329e+08	1.96944e+08	1.39178e+08	1.01476e+08	7.59511e+07	5.81242e+07	4.53383e+07	3.5955e+07	2.89297e+07	2.35766e+07	1.94336e+07	1.61824e+07	1.3599e+07	1.1523e+07	
0	1.34705e+07	1.60295e+07	1.925e+07	2.33539e+07	2.86565e+07	3.56154e+07	4.491e+07	5.75752e+07	7.52337e+07	1.00518e+08	1.37863e+08	1.95084e+08	2.86596e+08	4.37076e+08	2.86596e+08	1.95084e+08	1.37863e+08	1.00518e+08	7.52337e+07	5.75752e+07	4.491e+07	3.56154e+07	2.86565e+07	2.33539e+07	1.925e+07	1.60295e+07	1.34705e+07	1.14142e+07	
0	1.33432e+07	1.5878e+07	1.90681e+07	2.31331e+07	2.83856e+07	3.52788e+07	4.44856e+07	5.7031e+07	7.45226e+07	9.95676e+07	1.3656e+08	1.9324e+08	2.83887e+08	4.32945e+08	2.83887e+08	1.9324e+08	1.3656e+08	9.95676e+07	7.45226e+07	5.7031e+07	4.44856e+07	3.52788e+07	2.83856e+07	2.31331e+07	1.90681e+07	1.5878e+07	1.33432e+07	1.13063e+07	
0	1.3217e+07	1.57278e+07	1.88877e+07	2.29144e+07	2.81171e+07	3.49451e+07	4.40648e+07	5.64916e+07	7.38178e+07	9.86259e+07	1.35269e+08	1.91412e+08	2.81202e+08	4.2885e+08	2.81202e+08	1.91412e+08	1.35269e+08	9.86259e+07	7.38178e+07	5.64916e+07	4.40648e+07	3.49451e+07	2.81171e+07	2.29144e+07	1.88877e+07	1.57278e+07	1.3217e+07	1.11993e+07	
0	1.30919e+07	1.5579e+07	1.8709e+07	2.26975e+07	2.7851e+07	3.46144e+07	4.36478e+07	5.5957e+07	7.31192e+07	9.76925e+07	1.33989e+08	1.89601e+08	2.78541e+08	4.24792e+08	2.78541e+08	1.89601e+08	1.33989e+08	9.76925e+07	7.31192e+07	5.5957e+07	4.36478e+07	3.46144e+07	2.7851e+07	2.26975e+07	1.8709e+07	1.5579e+07	1.30919e+07	1.10934e+07	
0	1.29679e+07	1.54314e+07	1.85318e+07	2.24826e+07	2.75873e+07	3.42866e+07	4.32345e+07	5.54271e+07	7.24268e+07	9.67674e+07	1.3272e+08	1.87805e+08	2.75903e+08	4.20769e+08	2.75903e+08	1.87805e+08	1.3272e+08	9.67674e+07	7.24268e+07	5.54271e+07	4.32345e+07	3.42866e+07	2.75873e+07	2.24826e+07	1.85318e+07	1.54314e+07	1.29679e+07	1.09883e+07	
0	1.2845e+07	1.52852e+07	1.83562e+07	2.22695e+07	2.73259e+07	3.39617e+07	4.28248e+07	5.49019e+07	7.17405e+07	9.58505e+07	1.31462e+08	1.86026e+08	2.73289e+08	4.16782e+08	2.73289e+08	1.86026e+08	1.31462e+08	9.58505e+07	7.17405e+07	5.49019e+07	4.28248e+07	3.39617e+07	2.73259e+07	2.22695e+07	1.83562e+07	1.52852e+07	1.2845e+07	1.08842e+07	
0	1.27232e+07	1.51403e+07	1.81822e+07	2.20584e+07	2.70668e+07	3.36397e+07	4.24187e+07	5.43813e+07	7.10602e+07	9.49417e+07	1.30216e+08	1.84262e+08	2.70698e+08	4.1283e+08	2.70698e+08	1.84262e+08	1.30216e+08	9.49417e+07	7.10602e+07	5.43813e+07	4.24187e+07	3.36397e+07	2.70668e+07	2.20584e+07	1.81822e+07	1.51403e+07	1.27232e+07	1.0781e+07	
0	1.26025e+07	1.49966e+07	1.80097e+07	2.18491e+07	2.681e+07	3.33205e+07	4.20163e+07	5.38653e+07	7.03861e+07	9.40409e+07	1.2898e+08	1.82514e+08	2.68129e+08	4.08913e+08	2.68129e+08	1.82514e+08	1.2898e+08	9.40409e+07	7.03861e+07	5.38653e+07	4.20163e+07	3.33205e+07	2.681e+07	2.18491e+07	1.80097e+07	1.49966e+07	1.26025e+07	1.06787e+07	
0	1.24829e+07	1.48543e+07	1.78387e+07	2.16417e+07	2.65555e+07	3.30042e+07	4.16174e+07	5.3354e+07	6.97178e+07	9.31481e+07	1.27756e+08	1.80781e+08	2.65584e+08	4.05031e+08	2.65584e+08	1.80781e+08	1.27756e+08	9.31481e+07	6.97178e+07	5.3354e+07	4.16174e+07	3.30042e+07	2.65555e+07	2.16417e+07	1.78387e+07	1.48543e+07	1.24829e+07	1.05773e+07	
0	1.23643e+07	1.47132e+07	1.76692e+07	2.14361e+07	2.63032e+07	3.26907e+07	4.12221e+07	5.28471e+07	6.90556e+07	9.22632e+07	1.26542e+08	1.79064e+08	2.63061e+08	4.01184e+08	2.63061e+08	1.79064e+08	1.26542e+08	9.22632e+07	6.90556e+07	5.28471e+07	4.12221e+07	3.26907e+07	2.63032e+07	2.14361e+07	1.76692e+07	1.47132e+07	1.23643e+07	1.04768e+07	
0	1.22468e+07	1.45733e+07	1.75013e+07	2.12323e+07	2.60532e+07	3.23799e+07	4.08302e+07	5.23448e+07	6.83992e+07	9.13862e+07	1.25339e+08	1.77362e+08	2.6056e+08	3.9737e+08	2.6056e+08	1.77362e+08	1.25339e+08	9.13862e+07	6.83992e+07	5.23448e+07	4.08302e+07	3.23799e+07	2.60532e+07	2.12323e+07	1.75013e+07	1.45733e+07	1.22468e+07	1.03773e+07	
0	1.21303e+07	1.44347e+07	1.73348e+07	2.10304e+07	2.58054e+07	3.2072e+07	4.04419e+07	5.18469e+07	6.77486e+07	9.0517e+07	1.24147e+08	1.75675e+08	2.58082e+08	3.93591e+08	2.58082e+08	1.75675e+08	1.24147e+08	9.0517e+07	6.77486e+07	5.18469e+07	4.04419e+07	3.2072e+07	2.58054e+07	2.10304e+07	1.73348e+07	1.44347e+07	1.21303e+07	1.02786e+07	
0	1.20149e+07	1.42973e+07	1.71698e+07	2.08302e+07	2.55598e+07	3.17667e+07	4.0057e+07	5.13535e+07	6.71038e+07	8.96556e+07	1.22966e+08	1.74003e+08	2.55626e+08	3.89845e+08	2.55626e+08	1.74003e+08	1.22966e+08	8.96556e+07	6.71038e+07	5.13535e+07	4.0057e+07	3.17667e+07	2.55598e+07	2.08302e+07	1.71698e+07	1.42973e+07	1.20149e+07	1.01807e+07	
0	1.19004e+07	1.41612e+07	1.70063e+07	2.06318e+07	2.53164e+07	3.14642e+07	3.96755e+07	5.08644e+07	6.64648e+07	8.88018e+07	1.21795e+08	1.72346e+08	2.53192e+08	3.86132e+08	2.53192e+08	1.72346e+08	1.21795e+08	8.88018e+07	6.64648e+07	5.08644e+07	3.96755e+07	3.14642e+07	2.53164e+07	2.06318e+07	1.70063e+07	1.41612e+07	1.19004e+07	1.00838e+07	
0	1.1787e+07	1.40262e+07	1.68443e+07	2.04352e+07	2.50751e+07	3.11644e+07	3.92974e+07	5.03798e+07	6.58314e+07	8.79556e+07	1.20634e+08	1.70703e+08	2.50779e+08	3.82453e+08	2.50779e+08	1.70703e+08	1.20634e+08	8.79556e+07	6.58314e+07	5.03798e+07	3.92974e+07	3.11644e+07	2.50751e+07	2.04352e+07	1.68443e+07	1.40262e+07	1.1787e+07	9.98769e+06	
0	1.16746e+07	1.38925e+07	1.66837e+07	2.02404e+07	2.48361e+07	3.08672e+07	3.89227e+07	4.98994e+07	6.52037e+07	8.71169e+07	1.19484e+08	1.69076e+08	2.48388e+08	3.78806e+08	2.48388e+08	1.69076e+08	1.19484e+08	8.71169e+07	6.52037e+07	4.98994e+07	3.89227e+07	3.08672e+07	2.48361e+07	2.02404e+07	1.66837e+07	1.38925e+07	1.16746e+07	9.89246e+06	
0	1.15633e+07	1.37599e+07	1.65245e+07	2.00473e+07	2.45991e+07	3.05727e+07	3.85514e+07	4.94233e+07	6.45816e+07	8.62858e+07	1.18344e+08	1.67463e+08	2.46018e+08	3.75192e+08	2.46018e+08	1.67463e+08	1.18344e+08	8.62858e+07	6.45816e+07	4.94233e+07	3.85514e+07	3.05727e+07	2.45991e+07	2.00473e+07	1.65245e+07	1.37599e+07	1.15633e+07	9.79807e+06	
0	1.14529e+07	1.36286e+07	1.63667e+07	1.98559e+07	2.43643e+07	3.02809e+07	3.81834e+07	4.89515e+07	6.39651e+07	8.5462e+07	1.17214e+08	1.65864e+08	2.43669e+08	3.71611e+08	2.43669e+08	1.65864e+08	1.17214e+08	8.5462e+07	6.39651e+07	4.89515e+07	3.81834e+07	3.02809e+07	2.43643e+07	1.98559e+07	1.63667e+07	1.36286e+07	1.14529e+07	9.70454e+06	
0	1.13435e+07	1.34984e+07	1.62104e+07	1.96662e+07	2.41315e+07	2.99916e+07	3.78186e+07	4.84839e+07	6.33541e+07	8.46457e+07	1.16094e+08	1.6428e+08	2.41342e+08	3.68061e+08	2.41342e+08	1.6428e+08	1.16094e+08	8.46457e+07	6.33541e+07	4.84839e+07	3.78186e+07	2.99916e+07	2.41315e+07	1.96662e+07	1.62104e+07	1.34984e+07	1.13435e+07	9.61183e+06	
0	1.1235e+07	1.33694e+07	1.60554e+07	1.94783e+07	2.39009e+07	2.97049e+07	3.74571e+07	4.80205e+07	6.27485e+07	8.38366e+07	1.14985e+08	1.62709e+08	2.39035e+08	3.64543e+08	2.39035e+08	1.62709e+08	1.14985e+08	8.38366e+07	6.27485e+07	4.80205e+07	3.74571e+07	2.97049e+07	2.39009e+07	1.94783e+07	1.60554e+07	1.33694e+07	1.1235e+07	9.51996e+06	
0	1.11276e+07	1.32415e+07	1.59019e+07	1.9292e+07	2.36723e+07	2.94208e+07	3.70989e+07	4.75612e+07	6.21484e+07	8.30348e+07	1.13885e+08	1.61153e+08	2.36749e+08	3.61056e+08	2.36749e+08	1.61153e+08	1.13885e+08	8.30348e+07	6.21484e+07	4.75612e+07	3.70989e+07	2.94208e+07	2.36723e+07	1.9292e+07	1.59019e+07	1.32415e+07	1.11276e+07	9.42891e+06	
0	1.10211e+07	1.31148e+07	1.57497e+07	1.91073e+07	2.34457e+07	2.91393e+07	3.67438e+07	4.7106e+07	6.15536e+07	8.22401e+07	1.12795e+08	1.59611e+08	2.34483e+08	3.57601e+08	2.34483e+08	1.59611e+08	1.12795e+08	8.22401e+07	6.15536e+07	4.7106e+07	3.67438e+07	2.91393e+07	2.34457e+07	1.91073e+07	1.57497e+07	1.31148e+07	1.10211e+07	9.33868e+06	
0	1.09156e+07	1.29892e+07	1.55989e+07	1.89244e+07	2.32212e+07	2.88603e+07	3.6392e+07	4.66549e+07	6.09642e+07	8.14526e+07	1.11715e+08	1.58082e+08	2.32238e+08	3.54177e+08	2.32238e+08	1.58082e+08	1.11715e+08	8.14526e+07	6.09642e+07	4.66549e+07	3.6392e+07	2.88603e+07	2.32212e+07	1.89244e+07	1.55989e+07	1.29892e+07	1.09156e+07	9.24925e+06	
0	1.0811e+07	1.28647e+07	1.54494e+07	1.8743e+07	2.29987e+07	2.85837e+07	3.60433e+07	4.62079e+07	6.03801e+07	8.06721e+07	1.10645e+08	1.56568e+08	2.30012e+08	3.50783e+08	2.30012e+08	1.56568e+08	1.10645e+08	8.06721e+07	6.03801e+07	4.62079e+07	3.60433e+07	2.85837e+07	2.29987e+07	1.8743e+07	1.54494e+07	1.28647e+07	1.0811e+07	9.16063e+06	
0	1.07073e+07	1.27414e+07	1.53013e+07	1.85633e+07	2.27782e+07	2.83097e+07	3.56977e+07	4.57649e+07	5.98012e+07	7.98987e+07	1.09584e+08	1.55067e+08	2.27807e+08	3.4742e+08	2.27807e+08	1.55067e+08	1.09584e+08	7.98987e+07	5.98012e+07	4.57649e+07	3.56977e+07	2.83097e+07	2.27782e+07	1.85633e+07	1.53013e+07	1.27414e+07	1.07073e+07	9.0728e+06	
0	1.06046e+07	1.26192e+07	1.51545e+07	1.83853e+07	2.25597e+07	2.80381e+07	3.53553e+07	4.53259e+07	5.92275e+07	7.91322e+07	1.08532e+08	1.53579e+08	2.25622e+08	3.44087e+08	2.25622e+08	1.53579e+08	1.08532e+08	7.91322e+07	5.92275e+07	4.53259e+07	3.53553e+07	2.80381e+07	2.25597e+07	1.83853e+07	1.51545e+07	1.26192e+07	1.06046e+07	8.98576e+06	
0	1.05028e+07	1.2498e+07	1.5009e+07	1.82088e+07	2.23431e+07	2.7769e+07	3.50159e+07	4.48908e+07	5.86589e+07	7.83726e+07	1.07491e+08	1.52105e+08	2.23456e+08	3.40784e+08	2.23456e+08	1.52105e+08	1.07491e+08	7.83726e+07	5.86589e+07	4.48908e+07	3.50159e+07	2.7769e+07	2.23431e+07	1.82088e+07	1.5009e+07	1.2498e+07	1.05028e+07	8.89951e+06	
0	1.04019e+07	1.2378e+07	1.48649e+07	1.80339e+07	2.21285e+07	2.75022e+07	3.46796e+07	4.44596e+07	5.80955e+07	7.76199e+07	1.06458e+08	1.50644e+08	2.2131e+08	3.37511e+08	2.2131e+08	1.50644e+08	1.06458e+08	7.76199e+07	5.80955e+07	4.44596e+07	3.46796e+07	2.75022e+07	2.21285e+07	1.80339e+07	1.48649e+07	1.2378e+07	1.04019e+07	8.81403e+06	
0	1.0302e+07	1.2259e+07	1.4722e+07	1.78606e+07	2.19159e+07	2.72379e+07	3.43463e+07	4.40323e+07	5.75372e+07	7.68739e+07	1.05435e+08	1.49196e+08	2.19183e+08	3.34267e+08	2.19183e+08	1.49196e+08	1.05435e+08	7.68739e+07	5.75372e+07	4.40323e+07	3.43463e+07	2.72379e+07	2.19159e+07	1.78606e+07	1.4722e+07	1.2259e+07	1.0302e+07	8.72932e+06	
0	1.02029e+07	1.21411e+07	1.45805e+07	1.76888e+07	2.17051e+07	2.6976e+07	3.4016e+07	4.36089e+07	5.69839e+07	7.61346e+07	1.04421e+08	1.47761e+08	2.17075e+08	3.31053e+08	2.17075e+08	1.47761e+08	1.04421e+08	7.61346e+07	5.69839e+07	4.36089e+07	3.4016e+07	2.6976e+07	2.17051e+07	1.76888e+07	1.45805e+07	1.21411e+07	1.02029e+07	8.64538e+06	
0	1.01047e+07	1.20243e+07	1.44402e+07	1.75186e+07	2.14963e+07	2.67164e+07	3.36887e+07	4.31893e+07	5.64356e+07	7.54021e+07	1.03416e+08	1.4634e+08	2.14986e+08	3.27867e+08	2.14986e+08	1.4634e+08	1.03416e+08	7.54021e+07	5.64356e+07	4.31893e+07	3.36887e+07	2.67164e+07	2.14963e+07	1.75186e+07	1.44402e+07	1.20243e+07	1.01047e+07	8.56219e+06	
0	1.00074e+07	1.19086e+07	1.43011e+07	1.73499e+07	2.12893e+07	2.64592e+07	3.33643e+07	4.27735e+07	5.58922e+07	7.46761e+07	1.02421e+08	1.44931e+08	2.12916e+08	3.24711e+08	2.12916e+08	1.44931e+08	1.02421e+08	7.46761e+07	5.58922e+07	4.27735e+07	3.33643e+07	2.64592e+07	2.12893e+07	1.73499e+07	1.43011e+07	1.19086e+07	1.00074e+07	8.47975e+06	
0	9.91103e+06	1.17938e+07	1.41634e+07	1.71828e+07	2.10842e+07	2.62043e+07	3.30429e+07	4.23614e+07	5.53538e+07	7.39567e+07	1.01434e+08	1.43534e+08	2.10865e+08	3.21583e+08	2.10865e+08	1.43534e+08	1.01434e+08	7.39567e+07	5.53538e+07	4.23614e+07	3.30429e+07	2.62043e+07	2.10842e+07	1.71828e+07	1.41634e+07	1.17938e+07	9.91103e+06	8.39806e+06	
0	9.81549e+06	1.16801e+07	1.40268e+07	1.70172e+07	2.0881e+07	2.59517e+07	3.27244e+07	4.1953e+07	5.48202e+07	7.32438e+07	1.00456e+08	1.42151e+08	2.08833e+08	3.18483e+08	2.08833e+08	1.42151e+08	1.00456e+08	7.32438e+07	5.48202e+07	4.1953e+07	3.27244e+07	2.59517e+07	2.0881e+07	1.70172e+07	1.40268e+07	1.16801e+07	9.81549e+06	8.31711e+06	
0	9.72082e+06	1.15675e+07	1.38915e+07	1.6853e+07	2.06796e+07	2.57014e+07	3.24088e+07	4.15484e+07	5.42915e+07	7.25373e+07	9.94874e+07	1.4078e+08	2.06818e+08	3.15411e+08	2.06818e+08	1.4078e+08	9.94874e+07	7.25373e+07	5.42915e+07	4.15484e+07	3.24088e+07	2.57014e+07	2.06796e+07	1.6853e+07	1.38915e+07	1.15675e+07	9.72082e+06	8.23689e+06	
0	9.627e+06	1.14559e+07	1.37575e+07	1.66904e+07	2.048e+07	2.54534e+07	3.2096e+07	4.11474e+07	5.37675e+07	7.18373e+07	9.85273e+07	1.39421e+08	2.04822e+08	3.12367e+08	2.04822e+08	1.39421e+08	9.85273e+07	7.18373e+07	5.37675e+07	4.11474e+07	3.2096e+07	2.54534e+07	2.048e+07	1.66904e+07	1.37575e+07	1.14559e+07	9.627e+06	8.1574e+06	
0	9.53404e+06	1.13452e+07	1.36246e+07	1.65292e+07	2.02822e+07	2.52076e+07	3.17861e+07	4.07501e+07	5.32483e+07	7.11436e+07	9.75758e+07	1.38075e+08	2.02845e+08	3.09351e+08	2.02845e+08	1.38075e+08	9.75758e+07	7.11436e+07	5.32483e+07	4.07501e+07	3.17861e+07	2.52076e+07	2.02822e+07	1.65292e+07	1.36246e+07	1.13452e+07	9.53404e+06	8.07862e+06	
0	9.44192e+06	1.12356e+07	1.3493e+07	1.63695e+07	2.00863e+07	2.4964e+07	3.14789e+07	4.03563e+07	5.27338e+07	7.04562e+07	9.6633e+07	1.36741e+08	2.00885e+08	3.06362e+08	2.00885e+08	1.36741e+08	9.6633e+07	7.04562e+07	5.27338e+07	4.03563e+07	3.14789e+07	2.4964e+07	2.00863e+07	1.63695e+07	1.3493e+07	1.12356e+07	9.44192e+06	8.00057e+06	
0	9.35064e+06	1.1127e+07	1.33625e+07	1.62112e+07	1.98921e+07	2.47227e+07	3.11746e+07	3.99662e+07	5.2224e+07	6.9775e+07	9.56988e+07	1.35419e+08	1.98942e+08	3.034e+08	1.98942e+08	1.35419e+08	9.56988e+07	6.9775e+07	5.2224e+07	3.99662e+07	3.11746e+07	2.47227e+07	1.98921e+07	1.62112e+07	1.33625e+07	1.1127e+07	9.35064e+06	7.92322e+06	
0	9.26018e+06	1.10193e+07	1.32333e+07	1.60544e+07	1.96996e+07	2.44835e+07	3.0873e+07	3.95796e+07	5.17188e+07	6.91e+07	9.4773e+07	1.34109e+08	1.97018e+08	3.00465e+08	1.97018e+08	1.34109e+08	9.4773e+07	6.91e+07	5.17188e+07	3.95796e+07	3.0873e+07	2.44835e+07	1.96996e+07	1.60544e+07	1.32333e+07	1.10193e+07	9.26018e+06	7.84657e+06	
0	9.17055e+06	1.09127e+07	1.31052e+07	1.5899e+07	1.9509e+07	2.42465e+07	3.05742e+07	3.91964e+07	5.12182e+07	6.84312e+07	9.38557e+07	1.32811e+08	1.95111e+08	2.97556e+08	1.95111e+08	1.32811e+08	9.38557e+07	6.84312e+07	5.12182e+07	3.91964e+07	3.05742e+07	2.42465e+07	1.9509e+07	1.5899e+07	1.31052e+07	1.09127e+07	9.17055e+06	7.77062e+06	
0	9.08173e+06	1.0807e+07	1.29782e+07	1.5745e+07	1.932e+07	2.40117e+07	3.02781e+07	3.88168e+07	5.07221e+07	6.77684e+07	9.29467e+07	1.31524e+08	1.93221e+08	2.94675e+08	1.93221e+08	1.31524e+08	9.29467e+07	6.77684e+07	5.07221e+07	3.88168e+07	3.02781e+07	2.40117e+07	1.932e+07	1.5745e+07	1.29782e+07	1.0807e+07	9.08173e+06	7.69536e+06	
0	8.99372e+06	1.07023e+07	1.28525e+07	1.55925e+07	1.91328e+07	2.3779e+07	2.99847e+07	3.84407e+07	5.02306e+07	6.71117e+07	9.20459e+07	1.3025e+08	1.91349e+08	2.91819e+08	1.91349e+08	1.3025e+08	9.20459e+07	6.71117e+07	5.02306e+07	3.84407e+07	2.99847e+07	2.3779e+07	1.91328e+07	1.55925e+07	1.28525e+07	1.07023e+07	8.99372e+06	7.62079e+06	
0	8.90651e+06	1.05985e+07	1.27279e+07	1.54413e+07	1.89473e+07	2.35484e+07	2.96939e+07	3.80679e+07	4.97435e+07	6.64609e+07	9.11534e+07	1.28987e+08	1.89493e+08	2.88989e+08	1.89493e+08	1.28987e+08	9.11534e+07	6.64609e+07	4.97435e+07	3.80679e+07	2.96939e+07	2.35484e+07	1.89473e+07	1.54413e+07	1.27279e+07	1.05985e+07	8.90651e+06	7.54689e+06	
0	8.8201e+06	1.04957e+07	1.26044e+07	1.52915e+07	1.87634e+07	2.33199e+07	2.94058e+07	3.76986e+07	4.92609e+07	6.58161e+07	9.0269e+07	1.27735e+08	1.87655e+08	2.86186e+08	1.87655e+08	1.27735e+08	9.0269e+07	6.58161e+07	4.92609e+07	3.76986e+07	2.94058e+07	2.33199e+07	1.87634e+07	1.52915e+07	1.26044e+07	1.04957e+07	8.8201e+06	7.47367e+06	
0	8.73448e+06	1.03938e+07	1.2482e+07	1.5143e+07	1.85813e+07	2.30936e+07	2.91204e+07	3.73326e+07	4.87827e+07	6.51772e+07	8.93927e+07	1.26495e+08	1.85833e+08	2.83407e+08	1.85833e+08	1.26495e+08	8.93927e+07	6.51772e+07	4.87827e+07	3.73326e+07	2.91204e+07	2.30936e+07	1.85813e+07	1.5143e+07	1.2482e+07	1.03938e+07	8.73448e+06	7.40112e+06	
0	8.64964e+06	1.02928e+07	1.23608e+07	1.49959e+07	1.84008e+07	2.28692e+07	2.88375e+07	3.697e+07	4.83088e+07	6.45441e+07	8.85244e+07	1.25267e+08	1.84028e+08	2.80655e+08	1.84028e+08	1.25267e+08	8.85244e+07	6.45441e+07	4.83088e+07	3.697e+07	2.88375e+07	2.28692e+07	1.84008e+07	1.49959e+07	1.23608e+07	1.02928e+07	8.64964e+06	7.32923e+06	
0	8.56557e+06	1.01928e+07	1.22406e+07	1.48502e+07	1.8222e+07	2.2647e+07	2.85572e+07	3.66107e+07	4.78393e+07	6.39168e+07	8.76641e+07	1.24049e+08	1.8224e+08	2.77927e+08	1.8224e+08	1.24049e+08	8.76641e+07	6.39168e+07	4.78393e+07	3.66107e+07	2.85572e+07	2.2647e+07	1.8222e+07	1.48502e+07	1.22406e+07	1.01928e+07	8.56557e+06	7.258e+06	
0	8.48227e+06	1.00937e+07	1.21216e+07	1.47058e+07	1.80448e+07	2.24267e+07	2.82795e+07	3.62547e+07	4.73741e+07	6.32952e+07	8.68116e+07	1.22843e+08	1.80467e+08	2.75224e+08	1.80467e+08	1.22843e+08	8.68116e+07	6.32952e+07	4.73741e+07	3.62547e+07	2.82795e+07	2.24267e+07	1.80448e+07	1.47058e+07	1.21216e+07	1.00937e+07	8.48227e+06	7.18741e+06	
0	8.39974e+06	9.99544e+06	1.20037e+07	1.45627e+07	1.78692e+07	2.22085e+07	2.80044e+07	3.59019e+07	4.69131e+07	6.26794e+07	8.59669e+07	1.21648e+08	1.78711e+08	2.72546e+08	1.78711e+08	1.21648e+08	8.59669e+07	6.26794e+07	4.69131e+07	3.59019e+07	2.80044e+07	2.22085e+07	1.78692e+07	1.45627e+07	1.20037e+07	9.99544e+06	8.39974e+06	7.11748e+06	
0	8.31796e+06	9.89813e+06	1.18868e+07	1.44209e+07	1.76952e+07	2.19923e+07	2.77317e+07	3.55524e+07	4.64564e+07	6.20691e+07	8.51299e+07	1.20463e+08	1.76971e+08	2.69893e+08	1.76971e+08	1.20463e+08	8.51299e+07	6.20691e+07	4.64564e+07	3.55524e+07	2.77317e+07	2.19923e+07	1.76952e+07	1.44209e+07	1.18868e+07	9.89813e+06	8.31796e+06	7.04818e+06	
0	8.23693e+06	9.80171e+06	1.1771e+07	1.42804e+07	1.75228e+07	2.17781e+07	2.74616e+07	3.5206e+07	4.60038e+07	6.14645e+07	8.43006e+07	1.1929e+08	1.75248e+08	2.67264e+08	1.75248e+08	1.1929e+08	8.43006e+07	6.14645e+07	4.60038e+07	3.5206e+07	2.74616e+07	2.17781e+07	1.75228e+07	1.42804e+07	1.1771e+07	9.80171e+06	8.23693e+06	6.97952e+06	
0	8.15664e+06	9.70617e+06	1.16563e+07	1.41412e+07	1.7352e+07	2.15658e+07	2.71939e+07	3.48629e+07	4.55554e+07	6.08654e+07	8.34789e+07	1.18127e+08	1.73539e+08	2.64659e+08	1.73539e+08	1.18127e+08	8.34789e+07	6.08654e+07	4.55554e+07	3.48629e+07	2.71939e+07	2.15658e+07	1.7352e+07	1.41412e+07	1.16563e+07	9.70617e+06	8.15664e+06	6.91149e+06	
0	8.0771e+06	9.61151e+06	1.15426e+07	1.40033e+07	1.71828e+07	2.13555e+07	2.69287e+07	3.45229e+07	4.51111e+07	6.02718e+07	8.26648e+07	1.16975e+08	1.71847e+08	2.62078e+08	1.71847e+08	1.16975e+08	8.26648e+07	6.02718e+07	4.51111e+07	3.45229e+07	2.69287e+07	2.13555e+07	1.71828e+07	1.40033e+07	1.15426e+07	9.61151e+06	8.0771e+06	6.84409e+06	
0	7.99828e+06	9.51771e+06	1.14299e+07	1.38667e+07	1.70151e+07	2.11471e+07	2.66659e+07	3.4186e+07	4.46709e+07	5.96836e+07	8.18581e+07	1.15833e+08	1.7017e+08	2.5952e+08	1.7017e+08	1.15833e+08	8.18581e+07	5.96836e+07	4.46709e+07	3.4186e+07	2.66659e+07	2.11471e+07	1.70151e+07	1.38667e+07	1.14299e+07	9.51771e+06	7.99828e+06	6.7773e+06	
0	7.92018e+06	9.42479e+06	1.13183e+07	1.37313e+07	1.6849e+07	2.09406e+07	2.64055e+07	3.38522e+07	4.42348e+07	5.91009e+07	8.10589e+07	1.14702e+08	1.68508e+08	2.56986e+08	1.68508e+08	1.14702e+08	8.10589e+07	5.91009e+07	4.42348e+07	3.38522e+07	2.64055e+07	2.09406e+07	1.6849e+07	1.37313e+07	1.13183e+07	9.42479e+06	7.92018e+06	6.71113e+06	
0	7.84281e+06	9.33271e+06	1.12078e+07	1.35971e+07	1.66844e+07	2.0736e+07	2.61476e+07	3.35215e+07	4.38026e+07	5.85235e+07	8.0267e+07	1.13582e+08	1.66862e+08	2.54476e+08	1.66862e+08	1.13582e+08	8.0267e+07	5.85235e+07	4.38026e+07	3.35215e+07	2.61476e+07	2.0736e+07	1.66844e+07	1.35971e+07	1.12078e+07	9.33271e+06	7.84281e+06	6.64556e+06	
0	7.76614e+06	9.24148e+06	1.10982e+07	1.34642e+07	1.65213e+07	2.05333e+07	2.5892e+07	3.31938e+07	4.33745e+07	5.79514e+07	7.94823e+07	1.12472e+08	1.65231e+08	2.51988e+08	1.65231e+08	1.12472e+08	7.94823e+07	5.79514e+07	4.33745e+07	3.31938e+07	2.5892e+07	2.05333e+07	1.65213e+07	1.34642e+07	1.10982e+07	9.24148e+06	7.76614e+06	6.5806e+06	
0	7.69019e+06	9.1511e+06	1.09897e+07	1.33325e+07	1.63597e+07	2.03325e+07	2.56387e+07	3.28691e+07	4.29502e+07	5.73846e+07	7.8705e+07	1.11372e+08	1.63615e+08	2.49524e+08	1.63615e+08	1.11372e+08	7.8705e+07	5.73846e+07	4.29502e+07	3.28691e+07	2.56387e+07	2.03325e+07	1.63597e+07	1.33325e+07	1.09897e+07	9.1511e+06	7.69019e+06	6.51624e+06	
0	7.61493e+06	9.06154e+06	1.08821e+07	1.3202e+07	1.61996e+07	2.01335e+07	2.53878e+07	3.25475e+07	4.25299e+07	5.68231e+07	7.79348e+07	1.10282e+08	1.62014e+08	2.47082e+08	1.62014e+08	1.10282e+08	7.79348e+07	5.68231e+07	4.25299e+07	3.25475e+07	2.53878e+07	2.01335e+07	1.61996e+07	1.3202e+07	1.08821e+07	9.06154e+06	7.61493e+06	6.45247e+06	
0	7.54037e+06	8.97282e+06	1.07756e+07	1.30728e+07	1.6041e+07	1.99364e+07	2.51392e+07	3.22288e+07	4.21135e+07	5.62667e+07	7.71716e+07	1.09202e+08	1.60428e+08	2.44662e+08	1.60428e+08	1.09202e+08	7.71716e+07	5.62667e+07	4.21135e+07	3.22288e+07	2.51392e+07	1.99364e+07	1.6041e+07	1.30728e+07	1.07756e+07	8.97282e+06	7.54037e+06	6.38929e+06	
0	7.46649e+06	8.88491e+06	1.067e+07	1.29447e+07	1.58838e+07	1.97411e+07	2.48929e+07	3.1913e+07	4.17009e+07	5.57154e+07	7.64156e+07	1.08132e+08	1.58856e+08	2.42265e+08	1.58856e+08	1.08132e+08	7.64156e+07	5.57154e+07	4.17009e+07	3.1913e+07	2.48929e+07	1.97411e+07	1.58838e+07	1.29447e+07	1.067e+07	8.88491e+06	7.46649e+06	6.3267e+06	
0	7.3933e+06	8.79781e+06	1.05654e+07	1.28178e+07	1.57281e+07	1.95476e+07	2.46489e+07	3.16002e+07	4.12921e+07	5.51693e+07	7.56665e+07	1.07072e+08	1.57299e+08	2.39891e+08	1.57299e+08	1.07072e+08	7.56665e+07	5.51693e+07	4.12921e+07	3.16002e+07	2.46489e+07	1.95476e+07	1.57281e+07	1.28178e+07	1.05654e+07	8.79781e+06	7.3933e+06	6.26468e+06	
0	7.32079e+06	8.71152e+06	1.04618e+07	1.26921e+07	1.55739e+07	1.93558e+07	2.44072e+07	3.12903e+07	4.08871e+07	5.46281e+07	7.49243e+07	1.06022e+08	1.55756e+08	2.37538e+08	1.55756e+08	1.06022e+08	7.49243e+07	5.46281e+07	4.08871e+07	3.12903e+07	2.44072e+07	1.93558e+07	1.55739e+07	1.26921e+07	1.04618e+07	8.71152e+06	7.32079e+06	6.20323e+06	
0	7.24894e+06	8.62603e+06	1.03591e+07	1.25675e+07	1.5421e+07	1.91659e+07	2.41676e+07	3.09832e+07	4.04858e+07	5.4092e+07	7.41891e+07	1.04981e+08	1.54227e+08	2.35207e+08	1.54227e+08	1.04981e+08	7.41891e+07	5.4092e+07	4.04858e+07	3.09832e+07	2.41676e+07	1.91659e+07	1.5421e+07	1.25675e+07	1.03591e+07	8.62603e+06	7.24894e+06	6.14236e+06	
0	7.17776e+06	8.54133e+06	1.02574e+07	1.24441e+07	1.52696e+07	1.89777e+07	2.39303e+07	3.0679e+07	4.00883e+07	5.35609e+07	7.34606e+07	1.0395e+08	1.52713e+08	2.32897e+08	1.52713e+08	1.0395e+08	7.34606e+07	5.35609e+07	4.00883e+07	3.0679e+07	2.39303e+07	1.89777e+07	1.52696e+07	1.24441e+07	1.02574e+07	8.54133e+06	7.17776e+06	6.08204e+06	
0	7.10724e+06	8.45741e+06	1.01566e+07	1.23219e+07	1.51196e+07	1.87912e+07	2.36952e+07	3.03775e+07	3.96944e+07	5.30347e+07	7.27388e+07	1.02929e+08	1.51212e+08	2.30609e+08	1.51212e+08	1.02929e+08	7.27388e+07	5.30347e+07	3.96944e+07	3.03775e+07	2.36952e+07	1.87912e+07	1.51196e+07	1.23219e+07	1.01566e+07	8.45741e+06	7.10724e+06	6.02229e+06	
0	7.03738e+06	8.37427e+06	1.00568e+07	1.22007e+07	1.4971e+07	1.86065e+07	2.34623e+07	3.00789e+07	3.93042e+07	5.25133e+07	7.20238e+07	1.01917e+08	1.49726e+08	2.28342e+08	1.49726e+08	1.01917e+08	7.20238e+07	5.25133e+07	3.93042e+07	3.00789e+07	2.34623e+07	1.86065e+07	1.4971e+07	1.22007e+07	1.00568e+07	8.37427e+06	7.03738e+06	5.96309e+06	
0	6.96816e+06	8.2919e+06	9.95785e+06	1.20807e+07	1.48237e+07	1.84235e+07	2.32315e+07	2.97831e+07	3.89177e+07	5.19968e+07	7.13154e+07	1.00915e+08	1.48253e+08	2.26096e+08	1.48253e+08	1.00915e+08	7.13154e+07	5.19968e+07	3.89177e+07	2.97831e+07	2.32315e+07	1.84235e+07	1.48237e+07	1.20807e+07	9.95785e+06	8.2919e+06	6.96816e+06	5.90444e+06	
0	6.89958e+06	8.2103e+06	9.85985e+06	1.19618e+07	1.46778e+07	1.82422e+07	2.30029e+07	2.949e+07	3.85347e+07	5.14851e+07	7.06136e+07	9.99218e+07	1.46794e+08	2.23871e+08	1.46794e+08	9.99218e+07	7.06136e+07	5.14851e+07	3.85347e+07	2.949e+07	2.30029e+07	1.82422e+07	1.46778e+07	1.19618e+07	9.85985e+06	8.2103e+06	6.89958e+06	5.84633e+06	
0	6.83165e+06	8.12946e+06	9.76276e+06	1.18441e+07	1.45333e+07	1.80626e+07	2.27764e+07	2.91996e+07	3.81552e+07	5.09781e+07	6.99182e+07	9.89379e+07	1.45349e+08	2.21667e+08	1.45349e+08	9.89379e+07	6.99182e+07	5.09781e+07	3.81552e+07	2.91996e+07	2.27764e+07	1.80626e+07	1.45333e+07	1.18441e+07	9.76276e+06	8.12946e+06	6.83165e+06	5.78876e+06	
0	6.76434e+06	8.04936e+06	9.66658e+06	1.17274e+07	1.43901e+07	1.78846e+07	2.2552e+07	2.89119e+07	3.77793e+07	5.04759e+07	6.92294e+07	9.79632e+07	1.43917e+08	2.19483e+08	1.43917e+08	9.79632e+07	6.92294e+07	5.04759e+07	3.77793e+07	2.89119e+07	2.2552e+07	1.78846e+07	1.43901e+07	1.17274e+07	9.66658e+06	8.04936e+06	6.76434e+06	5.73173e+06	
0	6.69766e+06	7.97002e+06	9.57129e+06	1.16118e+07	1.42483e+07	1.77083e+07	2.23297e+07	2.86269e+07	3.74069e+07	4.99783e+07	6.8547e+07	9.69975e+07	1.42498e+08	2.17319e+08	1.42498e+08	9.69975e+07	6.8547e+07	4.99783e+07	3.74069e+07	2.86269e+07	2.23297e+07	1.77083e+07	1.42483e+07	1.16118e+07	9.57129e+06	7.97002e+06	6.69766e+06	5.67523e+06	
0	6.6316e+06	7.89141e+06	9.47689e+06	1.14972e+07	1.41077e+07	1.75336e+07	2.21095e+07	2.83446e+07	3.70379e+07	4.94854e+07	6.78709e+07	9.60408e+07	1.41093e+08	2.15176e+08	1.41093e+08	9.60408e+07	6.78709e+07	4.94854e+07	3.70379e+07	2.83446e+07	2.21095e+07	1.75336e+07	1.41077e+07	1.14972e+07	9.47689e+06	7.89141e+06	6.6316e+06	5.61925e+06	
0	6.56615e+06	7.81353e+06	9.38337e+06	1.13838e+07	1.39685e+07	1.73606e+07	2.18913e+07	2.80648e+07	3.66724e+07	4.8997e+07	6.72011e+07	9.5093e+07	1.397e+08	2.13052e+08	1.397e+08	9.5093e+07	6.72011e+07	4.8997e+07	3.66724e+07	2.80648e+07	2.18913e+07	1.73606e+07	1.39685e+07	1.13838e+07	9.38337e+06	7.81353e+06	6.56615e+06	5.5638e+06	
0	6.50132e+06	7.73638e+06	9.29072e+06	1.12714e+07	1.38306e+07	1.71892e+07	2.16751e+07	2.77877e+07	3.63103e+07	4.85132e+07	6.65376e+07	9.41541e+07	1.38321e+08	2.10949e+08	1.38321e+08	9.41541e+07	6.65376e+07	4.85132e+07	3.63103e+07	2.77877e+07	2.16751e+07	1.71892e+07	1.38306e+07	1.12714e+07	9.29072e+06	7.73638e+06	6.50132e+06	5.50886e+06	
0	6.43709e+06	7.65995e+06	9.19893e+06	1.116e+07	1.36939e+07	1.70194e+07	2.1461e+07	2.75132e+07	3.59516e+07	4.8034e+07	6.58802e+07	9.32239e+07	1.36954e+08	2.08865e+08	1.36954e+08	9.32239e+07	6.58802e+07	4.8034e+07	3.59516e+07	2.75132e+07	2.1461e+07	1.70194e+07	1.36939e+07	1.116e+07	9.19893e+06	7.65995e+06	6.43709e+06	5.45444e+06	
0	6.37346e+06	7.58423e+06	9.108e+06	1.10497e+07	1.35586e+07	1.68511e+07	2.12488e+07	2.72412e+07	3.55962e+07	4.75592e+07	6.5229e+07	9.23024e+07	1.35601e+08	2.068e+08	1.35601e+08	9.23024e+07	6.5229e+07	4.75592e+07	3.55962e+07	2.72412e+07	2.12488e+07	1.68511e+07	1.35586e+07	1.10497e+07	9.108e+06	7.58423e+06	6.37346e+06	5.40052e+06	
0	6.31043e+06	7.50922e+06	9.01792e+06	1.09404e+07	1.34245e+07	1.66845e+07	2.10387e+07	2.69718e+07	3.52442e+07	4.70888e+07	6.45839e+07	9.13895e+07	1.3426e+08	2.04755e+08	1.3426e+08	9.13895e+07	6.45839e+07	4.70888e+07	3.52442e+07	2.69718e+07	2.10387e+07	1.66845e+07	1.34245e+07	1.09404e+07	9.01792e+06	7.50922e+06	6.31043e+06	5.34711e+06	
0	6.24798e+06	7.43492e+06	8.92868e+06	1.08322e+07	1.32916e+07	1.65194e+07	2.08305e+07	2.67049e+07	3.48954e+07	4.66228e+07	6.39448e+07	9.04851e+07	1.32931e+08	2.02729e+08	1.32931e+08	9.04851e+07	6.39448e+07	4.66228e+07	3.48954e+07	2.67049e+07	2.08305e+07	1.65194e+07	1.32916e+07	1.08322e+07	8.92868e+06	7.43492e+06	6.24798e+06	5.2942e+06	
0	6.18612e+06	7.3613e+06	8.84028e+06	1.07249e+07	1.316e+07	1.63558e+07	2.06242e+07	2.64405e+07	3.45499e+07	4.61612e+07	6.33116e+07	8.95892e+07	1.31615e+08	2.00721e+08	1.31615e+08	8.95892e+07	6.33116e+07	4.61612e+07	3.45499e+07	2.64405e+07	2.06242e+07	1.63558e+07	1.316e+07	1.07249e+07	8.84028e+06	7.3613e+06	6.18612e+06	5.24178e+06	
0	6.12484e+06	7.28838e+06	8.7527e+06	1.06187e+07	1.30297e+07	1.61938e+07	2.04199e+07	2.61786e+07	3.42077e+07	4.57039e+07	6.26845e+07	8.87017e+07	1.30311e+08	1.98733e+08	1.30311e+08	8.87017e+07	6.26845e+07	4.57039e+07	3.42077e+07	2.61786e+07	2.04199e+07	1.61938e+07	1.30297e+07	1.06187e+07	8.7527e+06	7.28838e+06	6.12484e+06	5.18985e+06	
0	6.06413e+06	7.21614e+06	8.66595e+06	1.05134e+07	1.29005e+07	1.60333e+07	2.02175e+07	2.59191e+07	3.38686e+07	4.52509e+07	6.20631e+07	8.78225e+07	1.29019e+08	1.96763e+08	1.29019e+08	8.78225e+07	6.20631e+07	4.52509e+07	3.38686e+07	2.59191e+07	2.02175e+07	1.60333e+07	1.29005e+07	1.05134e+07	8.66595e+06	7.21614e+06	6.06413e+06	5.13841e+06	
0	6.00399e+06	7.14457e+06	8.58001e+06	1.04092e+07	1.27726e+07	1.58743e+07	2.0017e+07	2.56621e+07	3.35327e+07	4.48021e+07	6.14476e+07	8.69516e+07	1.2774e+08	1.94812e+08	1.2774e+08	8.69516e+07	6.14476e+07	4.48021e+07	3.35327e+07	2.56621e+07	2.0017e+07	1.58743e+07	1.27726e+07	1.04092e+07	8.58001e+06	7.14457e+06	6.00399e+06	5.08745e+06	
0	5.94442e+06	7.07368e+06	8.49487e+06	1.03059e+07	1.26458e+07	1.57168e+07	1.98184e+07	2.54074e+07	3.32e+07	4.43576e+07	6.08379e+07	8.60888e+07	1.26472e+08	1.92879e+08	1.26472e+08	8.60888e+07	6.08379e+07	4.43576e+07	3.32e+07	2.54074e+07	1.98184e+07	1.57168e+07	1.26458e+07	1.03059e+07	8.49487e+06	7.07368e+06	5.94442e+06	5.03697e+06	
0	5.8854e+06	7.00345e+06	8.41053e+06	1.02036e+07	1.25203e+07	1.55607e+07	1.96217e+07	2.51552e+07	3.28704e+07	4.39172e+07	6.02339e+07	8.52341e+07	1.25217e+08	1.90964e+08	1.25217e+08	8.52341e+07	6.02339e+07	4.39172e+07	3.28704e+07	2.51552e+07	1.96217e+07	1.55607e+07	1.25203e+07	1.02036e+07	8.41053e+06	7.00345e+06	5.8854e+06	4.98697e+06	
0	5.82694e+06	6.93389e+06	8.32699e+06	1.01022e+07	1.23959e+07	1.54062e+07	1.94267e+07	2.49053e+07	3.25439e+07	4.3481e+07	5.96356e+07	8.43875e+07	1.23973e+08	1.89067e+08	1.23973e+08	8.43875e+07	5.96356e+07	4.3481e+07	3.25439e+07	2.49053e+07	1.94267e+07	1.54062e+07	1.23959e+07	1.01022e+07	8.32699e+06	6.93389e+06	5.82694e+06	4.93743e+06	
0	5.76903e+06	6.86497e+06	8.24423e+06	1.00018e+07	1.22727e+07	1.5253e+07	1.92337e+07	2.46578e+07	3.22204e+07	4.30488e+07	5.90429e+07	8.35488e+07	1.22741e+08	1.87188e+08	1.22741e+08	8.35488e+07	5.90429e+07	4.30488e+07	3.22204e+07	2.46578e+07	1.92337e+07	1.5253e+07	1.22727e+07	1.00018e+07	8.24423e+06	6.86497e+06	5.76903e+06	4.88836e+06	
0	5.71166e+06	6.79671e+06	8.16225e+06	9.90234e+06	1.21507e+07	1.51014e+07	1.90424e+07	2.44126e+07	3.19e+07	4.26207e+07	5.84558e+07	8.2718e+07	1.2152e+08	1.85327e+08	1.2152e+08	8.2718e+07	5.84558e+07	4.26207e+07	3.19e+07	2.44126e+07	1.90424e+07	1.51014e+07	1.21507e+07	9.90234e+06	8.16225e+06	6.79671e+06	5.71166e+06	4.83975e+06	
0	5.65483e+06	6.72908e+06	8.08104e+06	9.80381e+06	1.20298e+07	1.49511e+07	1.8853e+07	2.41697e+07	3.15826e+07	4.21967e+07	5.78742e+07	8.1895e+07	1.20311e+08	1.83483e+08	1.20311e+08	8.1895e+07	5.78742e+07	4.21967e+07	3.15826e+07	2.41697e+07	1.8853e+07	1.49511e+07	1.20298e+07	9.80381e+06	8.08104e+06	6.72908e+06	5.65483e+06	4.79159e+06	
0	5.59854e+06	6.6621e+06	8.0006e+06	9.70622e+06	1.191e+07	1.48023e+07	1.86653e+07	2.39291e+07	3.12682e+07	4.17766e+07	5.72981e+07	8.10797e+07	1.19114e+08	1.81656e+08	1.19114e+08	8.10797e+07	5.72981e+07	4.17766e+07	3.12682e+07	2.39291e+07	1.86653e+07	1.48023e+07	1.191e+07	9.70622e+06	8.0006e+06	6.6621e+06	5.59854e+06	4.7439e+06	
0	5.54278e+06	6.59574e+06	7.92091e+06	9.60955e+06	1.17914e+07	1.46549e+07	1.84794e+07	2.36908e+07	3.09568e+07	4.13605e+07	5.67274e+07	8.02722e+07	1.17927e+08	1.79847e+08	1.17927e+08	8.02722e+07	5.67274e+07	4.13605e+07	3.09568e+07	2.36908e+07	1.84794e+07	1.46549e+07	1.17914e+07	9.60955e+06	7.92091e+06	6.59574e+06	5.54278e+06	4.69665e+06	
0	5.48754e+06	6.53002e+06	7.84198e+06	9.51378e+06	1.16739e+07	1.45088e+07	1.82952e+07	2.34547e+07	3.06483e+07	4.09484e+07	5.61621e+07	7.94722e+07	1.16752e+08	1.78055e+08	1.16752e+08	7.94722e+07	5.61621e+07	4.09484e+07	3.06483e+07	2.34547e+07	1.82952e+07	1.45088e+07	1.16739e+07	9.51378e+06	7.84198e+06	6.53002e+06	5.48754e+06	4.64984e+06	
0	5.43283e+06	6.46491e+06	7.76379e+06	9.41893e+06	1.15575e+07	1.43642e+07	1.81128e+07	2.32208e+07	3.03427e+07	4.05401e+07	5.56021e+07	7.86799e+07	1.15588e+08	1.76279e+08	1.15588e+08	7.86799e+07	5.56021e+07	4.05401e+07	3.03427e+07	2.32208e+07	1.81128e+07	1.43642e+07	1.15575e+07	9.41893e+06	7.76379e+06	6.46491e+06	5.43283e+06	4.60348e+06	
0	5.37863e+06	6.40041e+06	7.68634e+06	9.32496e+06	1.14422e+07	1.42209e+07	1.79321e+07	2.29892e+07	3.004e+07	4.01357e+07	5.50474e+07	7.78949e+07	1.14435e+08	1.74521e+08	1.14435e+08	7.78949e+07	5.50474e+07	4.01357e+07	3.004e+07	2.29892e+07	1.79321e+07	1.42209e+07	1.14422e+07	9.32496e+06	7.68634e+06	6.40041e+06	5.37863e+06	4.55756e+06	
0	5.32495e+06	6.33653e+06	7.60962e+06	9.23189e+06	1.1328e+07	1.40789e+07	1.77531e+07	2.27597e+07	2.97402e+07	3.97351e+07	5.4498e+07	7.71175e+07	1.13293e+08	1.72779e+08	1.13293e+08	7.71175e+07	5.4498e+07	3.97351e+07	2.97402e+07	2.27597e+07	1.77531e+07	1.40789e+07	1.1328e+07	9.23189e+06	7.60962e+06	6.33653e+06	5.32495e+06	4.51207e+06	
0	5.27177e+06	6.27325e+06	7.53362e+06	9.13969e+06	1.12149e+07	1.39383e+07	1.75758e+07	2.25324e+07	2.94432e+07	3.93383e+07	5.39537e+07	7.63473e+07	1.12161e+08	1.71053e+08	1.12161e+08	7.63473e+07	5.39537e+07	3.93383e+07	2.94432e+07	2.25324e+07	1.75758e+07	1.39383e+07	1.12149e+07	9.13969e+06	7.53362e+06	6.27325e+06	5.27177e+06	4.46701e+06	
0	5.21909e+06	6.21057e+06	7.45835e+06	9.04837e+06	1.11028e+07	1.3799e+07	1.74002e+07	2.23073e+07	2.9149e+07	3.89452e+07	5.34146e+07	7.55845e+07	1.11041e+08	1.69344e+08	1.11041e+08	7.55845e+07	5.34146e+07	3.89452e+07	2.9149e+07	2.23073e+07	1.74002e+07	1.3799e+07	1.11028e+07	9.04837e+06	7.45835e+06	6.21057e+06	5.21909e+06	4.42237e+06	
0	5.16692e+06	6.14848e+06	7.38379e+06	8.95791e+06	1.09918e+07	1.36611e+07	1.72263e+07	2.20843e+07	2.88576e+07	3.85559e+07	5.28807e+07	7.48288e+07	1.0993e+08	1.67651e+08	1.0993e+08	7.48288e+07	5.28807e+07	3.85559e+07	2.88576e+07	2.20843e+07	1.72263e+07	1.36611e+07	1.09918e+07	8.95791e+06	7.38379e+06	6.14848e+06	5.16692e+06	4.37816e+06	
0	5.11524e+06	6.08698e+06	7.30993e+06	8.86831e+06	1.08819e+07	1.35245e+07	1.7054e+07	2.18634e+07	2.8569e+07	3.81702e+07	5.23517e+07	7.40804e+07	1.08831e+08	1.65975e+08	1.08831e+08	7.40804e+07	5.23517e+07	3.81702e+07	2.8569e+07	2.18634e+07	1.7054e+07	1.35245e+07	1.08819e+07	8.86831e+06	7.30993e+06	6.08698e+06	5.11524e+06	4.33437e+06	
0	5.06404e+06	6.02606e+06	7.23678e+06	8.77956e+06	1.0773e+07	1.33891e+07	1.68833e+07	2.16446e+07	2.8283e+07	3.77882e+07	5.18278e+07	7.3339e+07	1.07742e+08	1.64314e+08	1.07742e+08	7.3339e+07	5.18278e+07	3.77882e+07	2.8283e+07	2.16446e+07	1.68833e+07	1.33891e+07	1.0773e+07	8.77956e+06	7.23678e+06	6.02606e+06	5.06404e+06	4.29099e+06	
0	5.01334e+06	5.96573e+06	7.16431e+06	8.69165e+06	1.06651e+07	1.3255e+07	1.67142e+07	2.14278e+07	2.79999e+07	3.74098e+07	5.13089e+07	7.26047e+07	1.06663e+08	1.62668e+08	1.06663e+08	7.26047e+07	5.13089e+07	3.74098e+07	2.79999e+07	2.14278e+07	1.67142e+07	1.3255e+07	1.06651e+07	8.69165e+06	7.16431e+06	5.96573e+06	5.01334e+06	4.24803e+06	
0	4.96311e+06	5.90596e+06	7.09254e+06	8.60458e+06	1.05583e+07	1.31223e+07	1.65468e+07	2.12132e+07	2.77193e+07	3.70351e+07	5.07948e+07	7.18773e+07	1.05594e+08	1.61039e+08	1.05594e+08	7.18773e+07	5.07948e+07	3.70351e+07	2.77193e+07	2.12132e+07	1.65468e+07	1.31223e+07	1.05583e+07	8.60458e+06	7.09254e+06	5.90596e+06	4.96311e+06	4.20547e+06	
0	4.91337e+06	5.84676e+06	7.02145e+06	8.51833e+06	1.04524e+07	1.29907e+07	1.63809e+07	2.10006e+07	2.74415e+07	3.66638e+07	5.02857e+07	7.11569e+07	1.04536e+08	1.59425e+08	1.04536e+08	7.11569e+07	5.02857e+07	3.66638e+07	2.74415e+07	2.10006e+07	1.63809e+07	1.29907e+07	1.04524e+07	8.51833e+06	7.02145e+06	5.84676e+06	4.91337e+06	4.16332e+06	
0	4.86409e+06	5.78813e+06	6.95103e+06	8.4329e+06	1.03476e+07	1.28604e+07	1.62167e+07	2.07899e+07	2.71663e+07	3.62962e+07	4.97814e+07	7.04433e+07	1.03488e+08	1.57826e+08	1.03488e+08	7.04433e+07	4.97814e+07	3.62962e+07	2.71663e+07	2.07899e+07	1.62167e+07	1.28604e+07	1.03476e+07	8.4329e+06	6.95103e+06	5.78813e+06	4.86409e+06	4.12157e+06	
0	4.81529e+06	5.73005e+06	6.88129e+06	8.34829e+06	1.02438e+07	1.27314e+07	1.6054e+07	2.05813e+07	2.68937e+07	3.5932e+07	4.92819e+07	6.97364e+07	1.02449e+08	1.56242e+08	1.02449e+08	6.97364e+07	4.92819e+07	3.5932e+07	2.68937e+07	2.05813e+07	1.6054e+07	1.27314e+07	1.02438e+07	8.34829e+06	6.88129e+06	5.73005e+06	4.81529e+06	4.08021e+06	
0	4.76695e+06	5.67253e+06	6.81221e+06	8.26448e+06	1.0141e+07	1.26036e+07	1.58928e+07	2.03747e+07	2.66237e+07	3.55712e+07	4.87872e+07	6.90363e+07	1.01421e+08	1.54674e+08	1.01421e+08	6.90363e+07	4.87872e+07	3.55712e+07	2.66237e+07	2.03747e+07	1.58928e+07	1.26036e+07	1.0141e+07	8.26448e+06	6.81221e+06	5.67253e+06	4.76695e+06	4.03925e+06	
0	4.71907e+06	5.61555e+06	6.74378e+06	8.18147e+06	1.00391e+07	1.2477e+07	1.57332e+07	2.01701e+07	2.63563e+07	3.5214e+07	4.82971e+07	6.83429e+07	1.00402e+08	1.5312e+08	1.00402e+08	6.83429e+07	4.82971e+07	3.5214e+07	2.63563e+07	2.01701e+07	1.57332e+07	1.2477e+07	1.00391e+07	8.18147e+06	6.74378e+06	5.61555e+06	4.71907e+06	3.99868e+06	
0	4.67164e+06	5.55912e+06	6.67601e+06	8.09925e+06	9.93821e+06	1.23516e+07	1.5575e+07	1.99674e+07	2.60914e+07	3.48601e+07	4.78118e+07	6.76561e+07	9.9393e+07	1.51581e+08	9.9393e+07	6.76561e+07	4.78118e+07	3.48601e+07	2.60914e+07	1.99674e+07	1.5575e+07	1.23516e+07	9.93821e+06	8.09925e+06	6.67601e+06	5.55912e+06	4.67164e+06	3.95849e+06	
0	4.62467e+06	5.50322e+06	6.60889e+06	8.01781e+06	9.83829e+06	1.22274e+07	1.54184e+07	1.97666e+07	2.58291e+07	3.45096e+07	4.7331e+07	6.69758e+07	9.83937e+07	1.50057e+08	9.83937e+07	6.69758e+07	4.7331e+07	3.45096e+07	2.58291e+07	1.97666e+07	1.54184e+07	1.22274e+07	9.83829e+06	8.01781e+06	6.60889e+06	5.50322e+06	4.62467e+06	3.91869e+06	
0	4.57815e+06	5.44786e+06	6.5424e+06	7.93716e+06	9.73931e+06	1.21044e+07	1.52633e+07	1.95678e+07	2.55693e+07	3.41624e+07	4.68549e+07	6.63021e+07	9.74038e+07	1.48548e+08	9.74038e+07	6.63021e+07	4.68549e+07	3.41624e+07	2.55693e+07	1.95678e+07	1.52633e+07	1.21044e+07	9.73931e+06	7.93716e+06	6.5424e+06	5.44786e+06	4.57815e+06	3.87927e+06	
0	4.53207e+06	5.39302e+06	6.47655e+06	7.85727e+06	9.64129e+06	1.19826e+07	1.51097e+07	1.93708e+07	2.53119e+07	3.38185e+07	4.63833e+07	6.56347e+07	9.64234e+07	1.47052e+08	9.64234e+07	6.56347e+07	4.63833e+07	3.38185e+07	2.53119e+07	1.93708e+07	1.51097e+07	1.19826e+07	9.64129e+06	7.85727e+06	6.47655e+06	5.39302e+06	4.53207e+06	3.84022e+06	
0	4.48643e+06	5.33872e+06	6.41133e+06	7.77814e+06	9.54419e+06	1.18619e+07	1.49575e+07	1.91757e+07	2.5057e+07	3.3478e+07	4.59162e+07	6.49738e+07	9.54524e+07	1.45572e+08	9.54524e+07	6.49738e+07	4.59162e+07	3.3478e+07	2.5057e+07	1.91757e+07	1.49575e+07	1.18619e+07	9.54419e+06	7.77814e+06	6.41133e+06	5.33872e+06	4.48643e+06	3.80155e+06	
0	4.44122e+06	5.28493e+06	6.34673e+06	7.69977e+06	9.44803e+06	1.17424e+07	1.48068e+07	1.89825e+07	2.48045e+07	3.31407e+07	4.54536e+07	6.43191e+07	9.44907e+07	1.44105e+08	9.44907e+07	6.43191e+07	4.54536e+07	3.31407e+07	2.48045e+07	1.89825e+07	1.48068e+07	1.17424e+07	9.44803e+06	7.69977e+06	6.34673e+06	5.28493e+06	4.44122e+06	3.76325e+06	
0	4.39645e+06	5.23165e+06	6.28275e+06	7.62215e+06	9.35279e+06	1.1624e+07	1.46576e+07	1.87912e+07	2.45545e+07	3.28066e+07	4.49954e+07	6.36707e+07	9.35382e+07	1.42652e+08	9.35382e+07	6.36707e+07	4.49954e+07	3.28066e+07	2.45545e+07	1.87912e+07	1.46576e+07	1.1624e+07	9.35279e+06	7.62215e+06	6.28275e+06	5.23165e+06	4.39645e+06	3.72531e+06	
0	4.35211e+06	5.17888e+06	6.21939e+06	7.54528e+06	9.25846e+06	1.15068e+07	1.45097e+07	1.86016e+07	2.43068e+07	3.24757e+07	4.45415e+07	6.30286e+07	9.25948e+07	1.41213e+08	9.25948e+07	6.30286e+07	4.45415e+07	3.24757e+07	2.43068e+07	1.86016e+07	1.45097e+07	1.15068e+07	9.25846e+06	7.54528e+06	6.21939e+06	5.17888e+06	4.35211e+06	3.68774e+06	
0	4.30819e+06	5.12662e+06	6.15663e+06	7.46914e+06	9.16503e+06	1.13907e+07	1.43633e+07	1.84139e+07	2.40616e+07	3.2148e+07	4.40921e+07	6.23926e+07	9.16604e+07	1.39788e+08	9.16604e+07	6.23926e+07	4.40921e+07	3.2148e+07	2.40616e+07	1.84139e+07	1.43633e+07	1.13907e+07	9.16503e+06	7.46914e+06	6.15663e+06	5.12662e+06	4.30819e+06	3.65053e+06	
0	4.2647e+06	5.07486e+06	6.09447e+06	7.39373e+06	9.0725e+06	1.12757e+07	1.42183e+07	1.8228e+07	2.38186e+07	3.18234e+07	4.36469e+07	6.17626e+07	9.0735e+07	1.38377e+08	9.0735e+07	6.17626e+07	4.36469e+07	3.18234e+07	2.38186e+07	1.8228e+07	1.42183e+07	1.12757e+07	9.0725e+06	7.39373e+06	6.09447e+06	5.07486e+06	4.2647e+06	3.61367e+06	
0	4.22162e+06	5.0236e+06	6.03291e+06	7.31904e+06	8.98086e+06	1.11618e+07	1.40747e+07	1.80439e+07	2.3578e+07	3.1502e+07	4.3206e+07	6.11387e+07	8.98184e+07	1.36979e+08	8.98184e+07	6.11387e+07	4.3206e+07	3.1502e+07	2.3578e+07	1.80439e+07	1.40747e+07	1.11618e+07	8.98086e+06	7.31904e+06	6.03291e+06	5.0236e+06	4.22162e+06	3.57717e+06	
0	4.17895e+06	4.97283e+06	5.97193e+06	7.24507e+06	8.89009e+06	1.1049e+07	1.39324e+07	1.78615e+07	2.33397e+07	3.11836e+07	4.27694e+07	6.05208e+07	8.89107e+07	1.35595e+08	8.89107e+07	6.05208e+07	4.27694e+07	3.11836e+07	2.33397e+07	1.78615e+07	1.39324e+07	1.1049e+07	8.89009e+06	7.24507e+06	5.97193e+06	4.97283e+06	4.17895e+06	3.54102e+06	
0	4.1367e+06	4.92255e+06	5.91155e+06	7.17181e+06	8.8002e+06	1.09372e+07	1.37916e+07	1.76809e+07	2.31037e+07	3.08683e+07	4.23369e+07	5.99089e+07	8.80117e+07	1.34224e+08	8.80117e+07	5.99089e+07	4.23369e+07	3.08683e+07	2.31037e+07	1.76809e+07	1.37916e+07	1.09372e+07	8.8002e+06	7.17181e+06	5.91155e+06	4.92255e+06	4.1367e+06	3.50521e+06	
0	4.09485e+06	4.87275e+06	5.85174e+06	7.09926e+06	8.71117e+06	1.08266e+07	1.3652e+07	1.75021e+07	2.287e+07	3.0556e+07	4.19086e+07	5.93028e+07	8.71213e+07	1.32866e+08	8.71213e+07	5.93028e+07	4.19086e+07	3.0556e+07	2.287e+07	1.75021e+07	1.3652e+07	1.08266e+07	8.71117e+06	7.09926e+06	5.85174e+06	4.87275e+06	4.09485e+06	3.46975e+06	
0	4.0534e+06	4.82343e+06	5.79251e+06	7.0274e+06	8.623e+06	1.0717e+07	1.35139e+07	1.73249e+07	2.26385e+07	3.02467e+07	4.14844e+07	5.87026e+07	8.62394e+07	1.31521e+08	8.62394e+07	5.87026e+07	4.14844e+07	3.02467e+07	2.26385e+07	1.73249e+07	1.35139e+07	1.0717e+07	8.623e+06	7.0274e+06	5.79251e+06	4.82343e+06	4.0534e+06	3.43463e+06	
0	4.01235e+06	4.77458e+06	5.73385e+06	6.95624e+06	8.53567e+06	1.06085e+07	1.3377e+07	1.71495e+07	2.24093e+07	2.99404e+07	4.10643e+07	5.81081e+07	8.53661e+07	1.30189e+08	8.53661e+07	5.81081e+07	4.10643e+07	2.99404e+07	2.24093e+07	1.71495e+07	1.3377e+07	1.06085e+07	8.53567e+06	6.95624e+06	5.73385e+06	4.77458e+06	4.01235e+06	3.39985e+06	
0	3.9717e+06	4.7262e+06	5.67576e+06	6.88576e+06	8.44919e+06	1.0501e+07	1.32415e+07	1.69757e+07	2.21822e+07	2.96371e+07	4.06482e+07	5.75193e+07	8.45012e+07	1.2887e+08	8.45012e+07	5.75193e+07	4.06482e+07	2.96371e+07	2.21822e+07	1.69757e+07	1.32415e+07	1.0501e+07	8.44919e+06	6.88576e+06	5.67576e+06	4.7262e+06	3.9717e+06	3.3654e+06	
0	3.93144e+06	4.67829e+06	5.61822e+06	6.81595e+06	8.36354e+06	1.03945e+07	1.31072e+07	1.68036e+07	2.19574e+07	2.93366e+07	4.02362e+07	5.69362e+07	8.36446e+07	1.27564e+08	8.36446e+07	5.69362e+07	4.02362e+07	2.93366e+07	2.19574e+07	1.68036e+07	1.31072e+07	1.03945e+07	8.36354e+06	6.81595e+06	5.61822e+06	4.67829e+06	3.93144e+06	3.33128e+06	
0	3.89156e+06	4.63085e+06	5.56124e+06	6.74682e+06	8.27871e+06	1.02891e+07	1.29743e+07	1.66332e+07	2.17347e+07	2.90391e+07	3.98281e+07	5.63588e+07	8.27962e+07	1.2627e+08	8.27962e+07	5.63588e+07	3.98281e+07	2.90391e+07	2.17347e+07	1.66332e+07	1.29743e+07	1.02891e+07	8.27871e+06	6.74682e+06	5.56124e+06	4.63085e+06	3.89156e+06	3.2975e+06	
0	3.85207e+06	4.58386e+06	5.50481e+06	6.67836e+06	8.19471e+06	1.01847e+07	1.28426e+07	1.64644e+07	2.15141e+07	2.87444e+07	3.94239e+07	5.57869e+07	8.19561e+07	1.24989e+08	8.19561e+07	5.57869e+07	3.94239e+07	2.87444e+07	2.15141e+07	1.64644e+07	1.28426e+07	1.01847e+07	8.19471e+06	6.67836e+06	5.50481e+06	4.58386e+06	3.85207e+06	3.26404e+06	
0	3.81297e+06	4.53732e+06	5.44892e+06	6.61056e+06	8.11151e+06	1.00813e+07	1.27123e+07	1.62973e+07	2.12957e+07	2.84526e+07	3.90237e+07	5.52205e+07	8.1124e+07	1.2372e+08	8.1124e+07	5.52205e+07	3.90237e+07	2.84526e+07	2.12957e+07	1.62973e+07	1.27123e+07	1.00813e+07	8.11151e+06	6.61056e+06	5.44892e+06	4.53732e+06	3.81297e+06	3.2309e+06	
0	3.77424e+06	4.49123e+06	5.39357e+06	6.54341e+06	8.02912e+06	9.97891e+06	1.25831e+07	1.61317e+07	2.10794e+07	2.81636e+07	3.86273e+07	5.46596e+07	8.03e+07	1.22463e+08	8.03e+07	5.46596e+07	3.86273e+07	2.81636e+07	2.10794e+07	1.61317e+07	1.25831e+07	9.97891e+06	8.02912e+06	6.54341e+06	5.39357e+06	4.49123e+06	3.77424e+06	3.19808e+06	
0	3.73588e+06	4.44559e+06	5.33876e+06	6.47692e+06	7.94752e+06	9.8775e+06	1.24553e+07	1.59678e+07	2.08652e+07	2.78774e+07	3.82347e+07	5.41041e+07	7.94839e+07	1.21219e+08	7.94839e+07	5.41041e+07	3.82347e+07	2.78774e+07	2.08652e+07	1.59678e+07	1.24553e+07	9.8775e+06	7.94752e+06	6.47692e+06	5.33876e+06	4.44559e+06	3.73588e+06	3.16558e+06	
0	3.6979e+06	4.40039e+06	5.28448e+06	6.41106e+06	7.86671e+06	9.77707e+06	1.23286e+07	1.58054e+07	2.0653e+07	2.75939e+07	3.7846e+07	5.3554e+07	7.86758e+07	1.19986e+08	7.86758e+07	5.3554e+07	3.7846e+07	2.75939e+07	2.0653e+07	1.58054e+07	1.23286e+07	9.77707e+06	7.86671e+06	6.41106e+06	5.28448e+06	4.40039e+06	3.6979e+06	3.13339e+06	
0	3.66028e+06	4.35562e+06	5.23072e+06	6.34584e+06	7.78669e+06	9.67761e+06	1.22032e+07	1.56446e+07	2.04429e+07	2.73132e+07	3.7461e+07	5.30092e+07	7.78754e+07	1.18766e+08	7.78754e+07	5.30092e+07	3.7461e+07	2.73132e+07	2.04429e+07	1.56446e+07	1.22032e+07	9.67761e+06	7.78669e+06	6.34584e+06	5.23072e+06	4.35562e+06	3.66028e+06	3.10152e+06	
0	3.62302e+06	4.31129e+06	5.17748e+06	6.28126e+06	7.70744e+06	9.57911e+06	1.2079e+07	1.54854e+07	2.02348e+07	2.70352e+07	3.70797e+07	5.24697e+07	7.70828e+07	1.17557e+08	7.70828e+07	5.24697e+07	3.70797e+07	2.70352e+07	2.02348e+07	1.54854e+07	1.2079e+07	9.57911e+06	7.70744e+06	6.28126e+06	5.17748e+06	4.31129e+06	3.62302e+06	3.06995e+06	
0	3.58613e+06	4.26739e+06	5.12476e+06	6.2173e+06	7.62895e+06	9.48157e+06	1.1956e+07	1.53277e+07	2.00288e+07	2.67599e+07	3.67021e+07	5.19354e+07	7.62979e+07	1.1636e+08	7.62979e+07	5.19354e+07	3.67021e+07	2.67599e+07	2.00288e+07	1.53277e+07	1.1956e+07	9.48157e+06	7.62895e+06	6.2173e+06	5.12476e+06	4.26739e+06	3.58613e+06	3.03869e+06	
0	3.5496e+06	4.22392e+06	5.07255e+06	6.15396e+06	7.55123e+06	9.38497e+06	1.18342e+07	1.51716e+07	1.98247e+07	2.64873e+07	3.63282e+07	5.14063e+07	7.55206e+07	1.15174e+08	7.55206e+07	5.14063e+07	3.63282e+07	2.64873e+07	1.98247e+07	1.51716e+07	1.18342e+07	9.38497e+06	7.55123e+06	6.15396e+06	5.07255e+06	4.22392e+06	3.5496e+06	3.00773e+06	
0	3.51342e+06	4.18086e+06	5.02085e+06	6.09123e+06	7.47426e+06	9.28931e+06	1.17136e+07	1.50169e+07	1.96227e+07	2.62173e+07	3.59579e+07	5.08823e+07	7.47508e+07	1.14e+08	7.47508e+07	5.08823e+07	3.59579e+07	2.62173e+07	1.96227e+07	1.50169e+07	1.17136e+07	9.28931e+06	7.47426e+06	6.09123e+06	5.02085e+06	4.18086e+06	3.51342e+06	2.97708e+06	
0	3.47759e+06	4.13823e+06	4.96965e+06	6.02911e+06	7.39804e+06	9.19458e+06	1.15941e+07	1.48638e+07	1.94226e+07	2.595e+07	3.55913e+07	5.03635e+07	7.39885e+07	1.12838e+08	7.39885e+07	5.03635e+07	3.55913e+07	2.595e+07	1.94226e+07	1.48638e+07	1.15941e+07	9.19458e+06	7.39804e+06	6.02911e+06	4.96965e+06	4.13823e+06	3.47759e+06	2.94672e+06	
0	3.44211e+06	4.096e+06	4.91894e+06	5.9676e+06	7.32256e+06	9.10077e+06	1.14758e+07	1.47121e+07	1.92244e+07	2.56852e+07	3.52281e+07	4.98496e+07	7.32336e+07	1.11687e+08	7.32336e+07	4.98496e+07	3.52281e+07	2.56852e+07	1.92244e+07	1.47121e+07	1.14758e+07	9.10077e+06	7.32256e+06	5.9676e+06	4.91894e+06	4.096e+06	3.44211e+06	2.91665e+06	
0	3.40697e+06	4.05419e+06	4.86873e+06	5.90668e+06	7.24781e+06	9.00787e+06	1.13587e+07	1.4562e+07	1.90282e+07	2.5423e+07	3.48685e+07	4.93407e+07	7.24861e+07	1.10546e+08	7.24861e+07	4.93407e+07	3.48685e+07	2.5423e+07	1.90282e+07	1.4562e+07	1.13587e+07	9.00787e+06	7.24781e+06	5.90668e+06	4.86873e+06	4.05419e+06	3.40697e+06	2.88688e+06	
0	3.37217e+06	4.01279e+06	4.81901e+06	5.84636e+06	7.17379e+06	8.91587e+06	1.12427e+07	1.44132e+07	1.88338e+07	2.51634e+07	3.45124e+07	4.88368e+07	7.17458e+07	1.09417e+08	7.17458e+07	4.88368e+07	3.45124e+07	2.51634e+07	1.88338e+07	1.44132e+07	1.12427e+07	8.91587e+06	7.17379e+06	5.84636e+06	4.81901e+06	4.01279e+06	3.37217e+06	2.85739e+06	
0	3.33772e+06	3.97179e+06	4.76977e+06	5.78662e+06	7.10049e+06	8.82477e+06	1.11278e+07	1.4266e+07	1.86414e+07	2.49062e+07	3.41598e+07	4.83378e+07	7.10127e+07	1.08299e+08	7.10127e+07	4.83378e+07	3.41598e+07	2.49062e+07	1.86414e+07	1.4266e+07	1.11278e+07	8.82477e+06	7.10049e+06	5.78662e+06	4.76977e+06	3.97179e+06	3.33772e+06	2.8282e+06	
0	3.3036e+06	3.93118e+06	4.721e+06	5.72746e+06	7.0279e+06	8.73456e+06	1.1014e+07	1.41201e+07	1.84508e+07	2.46516e+07	3.38105e+07	4.78437e+07	7.02867e+07	1.07192e+08	7.02867e+07	4.78437e+07	3.38105e+07	2.46516e+07	1.84508e+07	1.41201e+07	1.1014e+07	8.73456e+06	7.0279e+06	5.72746e+06	4.721e+06	3.93118e+06	3.3036e+06	2.79929e+06	
0	3.26981e+06	3.89097e+06	4.67272e+06	5.66888e+06	6.95602e+06	8.64522e+06	1.09014e+07	1.39757e+07	1.82621e+07	2.43995e+07	3.34647e+07	4.73543e+07	6.95678e+07	1.06096e+08	6.95678e+07	4.73543e+07	3.34647e+07	2.43995e+07	1.82621e+07	1.39757e+07	1.09014e+07	8.64522e+06	6.95602e+06	5.66888e+06	4.67272e+06	3.89097e+06	3.26981e+06	2.77066e+06	
0	3.23635e+06	3.85116e+06	4.6249e+06	5.61087e+06	6.88484e+06	8.55676e+06	1.07898e+07	1.38327e+07	1.80752e+07	2.41498e+07	3.31223e+07	4.68698e+07	6.8856e+07	1.0501e+08	6.8856e+07	4.68698e+07	3.31223e+07	2.41498e+07	1.80752e+07	1.38327e+07	1.07898e+07	8.55676e+06	6.88484e+06	5.61087e+06	4.6249e+06	3.85116e+06	3.23635e+06	2.7423e+06	
0	3.20321e+06	3.81173e+06	4.57755e+06	5.55343e+06	6.81435e+06	8.46915e+06	1.06794e+07	1.36911e+07	1.78902e+07	2.39026e+07	3.27832e+07	4.63899e+07	6.8151e+07	1.03935e+08	6.8151e+07	4.63899e+07	3.27832e+07	2.39026e+07	1.78902e+07	1.36911e+07	1.06794e+07	8.46915e+06	6.81435e+06	5.55343e+06	4.57755e+06	3.81173e+06	3.20321e+06	2.71423e+06	
0	3.1704e+06	3.77269e+06	4.53067e+06	5.49655e+06	6.74456e+06	8.3824e+06	1.057e+07	1.35508e+07	1.77069e+07	2.36577e+07	3.24474e+07	4.59147e+07	6.7453e+07	1.02871e+08	6.7453e+07	4.59147e+07	3.24474e+07	2.36577e+07	1.77069e+07	1.35508e+07	1.057e+07	8.3824e+06	6.74456e+06	5.49655e+06	4.53067e+06	3.77269e+06	3.1704e+06	2.68643e+06	
0	3.13791e+06	3.73403e+06	4.48424e+06	5.44022e+06	6.67544e+06	8.2965e+06	1.04617e+07	1.3412e+07	1.75255e+07	2.34153e+07	3.21149e+07	4.54442e+07	6.67617e+07	1.01816e+08	6.67617e+07	4.54442e+07	3.21149e+07	2.34153e+07	1.75255e+07	1.3412e+07	1.04617e+07	8.2965e+06	6.67544e+06	5.44022e+06	4.48424e+06	3.73403e+06	3.13791e+06	2.6589e+06	
0	3.10574e+06	3.69574e+06	4.43826e+06	5.38444e+06	6.607e+06	8.21144e+06	1.03544e+07	1.32745e+07	1.73458e+07	2.31752e+07	3.17856e+07	4.49783e+07	6.60772e+07	1.00773e+08	6.60772e+07	4.49783e+07	3.17856e+07	2.31752e+07	1.73458e+07	1.32745e+07	1.03544e+07	8.21144e+06	6.607e+06	5.38444e+06	4.43826e+06	3.69574e+06	3.10574e+06	2.63164e+06	
0	3.07388e+06	3.65783e+06	4.39274e+06	5.32921e+06	6.53923e+06	8.12721e+06	1.02482e+07	1.31383e+07	1.71679e+07	2.29375e+07	3.14596e+07	4.45169e+07	6.53994e+07	9.97389e+07	6.53994e+07	4.45169e+07	3.14596e+07	2.29375e+07	1.71679e+07	1.31383e+07	1.02482e+07	8.12721e+06	6.53923e+06	5.32921e+06	4.39274e+06	3.65783e+06	3.07388e+06	2.60464e+06	
0	3.04234e+06	3.62029e+06	4.34765e+06	5.27452e+06	6.47212e+06	8.0438e+06	1.0143e+07	1.30035e+07	1.69917e+07	2.27021e+07	3.11367e+07	4.40601e+07	6.47283e+07	9.87153e+07	6.47283e+07	4.40601e+07	3.11367e+07	2.27021e+07	1.69917e+07	1.30035e+07	1.0143e+07	8.0438e+06	6.47212e+06	5.27452e+06	4.34765e+06	3.62029e+06	3.04234e+06	2.57791e+06	
0	3.0111e+06	3.58312e+06	4.30301e+06	5.22036e+06	6.40566e+06	7.96121e+06	1.00389e+07	1.28699e+07	1.68172e+07	2.2469e+07	3.0817e+07	4.36077e+07	6.40637e+07	9.77017e+07	6.40637e+07	4.36077e+07	3.0817e+07	2.2469e+07	1.68172e+07	1.28699e+07	1.00389e+07	7.96121e+06	6.40566e+06	5.22036e+06	4.30301e+06	3.58312e+06	3.0111e+06	2.55144e+06	
0	2.98017e+06	3.54631e+06	4.25881e+06	5.16674e+06	6.33986e+06	7.87943e+06	9.93575e+06	1.27377e+07	1.66445e+07	2.22382e+07	3.05004e+07	4.31597e+07	6.34056e+07	9.66981e+07	6.34056e+07	4.31597e+07	3.05004e+07	2.22382e+07	1.66445e+07	1.27377e+07	9.93575e+06	7.87943e+06	6.33986e+06	5.16674e+06	4.25881e+06	3.54631e+06	2.98017e+06	2.52523e+06	
0	2.94954e+06	3.50987e+06	4.21504e+06	5.11363e+06	6.2747e+06	7.79845e+06	9.83363e+06	1.26068e+07	1.64734e+07	2.20096e+07	3.0187e+07	4.27161e+07	6.27539e+07	9.57043e+07	6.27539e+07	4.27161e+07	3.0187e+07	2.20096e+07	1.64734e+07	1.26068e+07	9.83363e+06	7.79845e+06	6.2747e+06	5.11363e+06	4.21504e+06	3.50987e+06	2.94954e+06	2.49928e+06	
0	2.91921e+06	3.47378e+06	4.1717e+06	5.06105e+06	6.21018e+06	7.71826e+06	9.73252e+06	1.24772e+07	1.6304e+07	2.17833e+07	2.98766e+07	4.22769e+07	6.21087e+07	9.47202e+07	6.21087e+07	4.22769e+07	2.98766e+07	2.17833e+07	1.6304e+07	1.24772e+07	9.73252e+06	7.71826e+06	6.21018e+06	5.06105e+06	4.1717e+06	3.47378e+06	2.91921e+06	2.47358e+06	
0	2.88918e+06	3.43804e+06	4.12879e+06	5.00899e+06	6.1463e+06	7.63886e+06	9.6324e+06	1.23488e+07	1.61363e+07	2.15592e+07	2.95692e+07	4.1842e+07	6.14697e+07	9.37458e+07	6.14697e+07	4.1842e+07	2.95692e+07	2.15592e+07	1.61363e+07	1.23488e+07	9.6324e+06	7.63886e+06	6.1463e+06	5.00899e+06	4.12879e+06	3.43804e+06	2.88918e+06	2.44813e+06	
0	2.85945e+06	3.40266e+06	4.08629e+06	4.95744e+06	6.08304e+06	7.56024e+06	9.53326e+06	1.22217e+07	1.59702e+07	2.13374e+07	2.92649e+07	4.14113e+07	6.08371e+07	9.2781e+07	6.08371e+07	4.14113e+07	2.92649e+07	2.13374e+07	1.59702e+07	1.22217e+07	9.53326e+06	7.56024e+06	6.08304e+06	4.95744e+06	4.08629e+06	3.40266e+06	2.85945e+06	2.42294e+06	
0	2.83e+06	3.36762e+06	4.04421e+06	4.90639e+06	6.0204e+06	7.4824e+06	9.4351e+06	1.20959e+07	1.58058e+07	2.11176e+07	2.89636e+07	4.09849e+07	6.02106e+07	9.18256e+07	6.02106e+07	4.09849e+07	2.89636e+07	2.11176e+07	1.58058e+07	1.20959e+07	9.4351e+06	7.4824e+06	6.0204e+06	4.90639e+06	4.04421e+06	3.36762e+06	2.83e+06	2.39799e+06	
0	2.80085e+06	3.33293e+06	4.00255e+06	4.85584e+06	5.95838e+06	7.40531e+06	9.3379e+06	1.19713e+07	1.56429e+07	2.09001e+07	2.86652e+07	4.05627e+07	5.95903e+07	9.08796e+07	5.95903e+07	4.05627e+07	2.86652e+07	2.09001e+07	1.56429e+07	1.19713e+07	9.3379e+06	7.40531e+06	5.95838e+06	4.85584e+06	4.00255e+06	3.33293e+06	2.80085e+06	2.37328e+06	
0	2.77198e+06	3.29857e+06	3.9613e+06	4.80579e+06	5.89697e+06	7.32899e+06	9.24165e+06	1.18479e+07	1.54817e+07	2.06847e+07	2.83697e+07	4.01446e+07	5.89761e+07	8.9943e+07	5.89761e+07	4.01446e+07	2.83697e+07	2.06847e+07	1.54817e+07	1.18479e+07	9.24165e+06	7.32899e+06	5.89697e+06	4.80579e+06	3.9613e+06	3.29857e+06	2.77198e+06	2.34882e+06	
0	2.74339e+06	3.26456e+06	3.92045e+06	4.75624e+06	5.83616e+06	7.25341e+06	9.14635e+06	1.17257e+07	1.53221e+07	2.04714e+07	2.80772e+07	3.97307e+07	5.8368e+07	8.90155e+07	5.8368e+07	3.97307e+07	2.80772e+07	2.04714e+07	1.53221e+07	1.17257e+07	9.14635e+06	7.25341e+06	5.83616e+06	4.75624e+06	3.92045e+06	3.26456e+06	2.74339e+06	2.3246e+06	
0	2.71509e+06	3.23088e+06	3.88e+06	4.70717e+06	5.77595e+06	7.17858e+06	9.05199e+06	1.16048e+07	1.5164e+07	2.02602e+07	2.77875e+07	3.93208e+07	5.77658e+07	8.80971e+07	5.77658e+07	3.93208e+07	2.77875e+07	2.02602e+07	1.5164e+07	1.16048e+07	9.05199e+06	7.17858e+06	5.77595e+06	4.70717e+06	3.88e+06	3.23088e+06	2.71509e+06	2.30062e+06	
0	2.68707e+06	3.19753e+06	3.83996e+06	4.65858e+06	5.71633e+06	7.10449e+06	8.95856e+06	1.1485e+07	1.50075e+07	2.00511e+07	2.75007e+07	3.89149e+07	5.71696e+07	8.71879e+07	5.71696e+07	3.89149e+07	2.75007e+07	2.00511e+07	1.50075e+07	1.1485e+07	8.95856e+06	7.10449e+06	5.71633e+06	4.65858e+06	3.83996e+06	3.19753e+06	2.68707e+06	2.27687e+06	
0	2.65932e+06	3.16451e+06	3.8003e+06	4.61048e+06	5.6573e+06	7.03112e+06	8.86605e+06	1.13664e+07	1.48525e+07	1.9844e+07	2.72167e+07	3.85131e+07	5.65792e+07	8.62875e+07	5.65792e+07	3.85131e+07	2.72167e+07	1.9844e+07	1.48525e+07	1.13664e+07	8.86605e+06	7.03112e+06	5.6573e+06	4.61048e+06	3.8003e+06	3.16451e+06	2.65932e+06	2.25336e+06	
0	2.63185e+06	3.13182e+06	3.76104e+06	4.56285e+06	5.59886e+06	6.95848e+06	8.77446e+06	1.1249e+07	1.4699e+07	1.9639e+07	2.69355e+07	3.81152e+07	5.59947e+07	8.53961e+07	5.59947e+07	3.81152e+07	2.69355e+07	1.9639e+07	1.4699e+07	1.1249e+07	8.77446e+06	6.95848e+06	5.59886e+06	4.56285e+06	3.76104e+06	3.13182e+06	2.63185e+06	2.23008e+06	
0	2.60464e+06	3.09945e+06	3.72217e+06	4.51568e+06	5.54099e+06	6.88656e+06	8.68376e+06	1.11327e+07	1.45471e+07	1.9436e+07	2.66571e+07	3.77212e+07	5.54159e+07	8.45134e+07	5.54159e+07	3.77212e+07	2.66571e+07	1.9436e+07	1.45471e+07	1.11327e+07	8.68376e+06	6.88656e+06	5.54099e+06	4.51568e+06	3.72217e+06	3.09945e+06	2.60464e+06	2.20703e+06	
0	2.57771e+06	3.0674e+06	3.68368e+06	4.46899e+06	5.48369e+06	6.81535e+06	8.59396e+06	1.10176e+07	1.43967e+07	1.9235e+07	2.63815e+07	3.73311e+07	5.48429e+07	8.36395e+07	5.48429e+07	3.73311e+07	2.63815e+07	1.9235e+07	1.43967e+07	1.10176e+07	8.59396e+06	6.81535e+06	5.48369e+06	4.46899e+06	3.68368e+06	3.0674e+06	2.57771e+06	2.18421e+06	
0	2.55104e+06	3.03566e+06	3.64557e+06	4.42275e+06	5.42695e+06	6.74483e+06	8.50505e+06	1.09036e+07	1.42477e+07	1.9036e+07	2.61085e+07	3.69449e+07	5.42755e+07	8.27742e+07	5.42755e+07	3.69449e+07	2.61085e+07	1.9036e+07	1.42477e+07	1.09036e+07	8.50505e+06	6.74483e+06	5.42695e+06	4.42275e+06	3.64557e+06	3.03566e+06	2.55104e+06	2.16161e+06	
0	2.52464e+06	3.00424e+06	3.60783e+06	4.37697e+06	5.37078e+06	6.67502e+06	8.41702e+06	1.07907e+07	1.41003e+07	1.8839e+07	2.58383e+07	3.65625e+07	5.37137e+07	8.19174e+07	5.37137e+07	3.65625e+07	2.58383e+07	1.8839e+07	1.41003e+07	1.07907e+07	8.41702e+06	6.67502e+06	5.37078e+06	4.37697e+06	3.60783e+06	3.00424e+06	2.52464e+06	2.13924e+06	
0	2.49849e+06	2.97313e+06	3.57047e+06	4.33165e+06	5.31516e+06	6.6059e+06	8.32986e+06	1.0679e+07	1.39543e+07	1.86439e+07	2.55707e+07	3.61839e+07	5.31575e+07	8.10691e+07	5.31575e+07	3.61839e+07	2.55707e+07	1.86439e+07	1.39543e+07	1.0679e+07	8.32986e+06	6.6059e+06	5.31516e+06	4.33165e+06	3.57047e+06	2.97313e+06	2.49849e+06	2.11708e+06	
0	2.47261e+06	2.94233e+06	3.53348e+06	4.28677e+06	5.2601e+06	6.53746e+06	8.24356e+06	1.05683e+07	1.38097e+07	1.84507e+07	2.53058e+07	3.5809e+07	5.26067e+07	8.02292e+07	5.26067e+07	3.5809e+07	2.53058e+07	1.84507e+07	1.38097e+07	1.05683e+07	8.24356e+06	6.53746e+06	5.2601e+06	4.28677e+06	3.53348e+06	2.94233e+06	2.47261e+06	2.09515e+06	
0	2.44698e+06	2.91183e+06	3.49685e+06	4.24234e+06	5.20558e+06	6.4697e+06	8.15811e+06	1.04588e+07	1.36665e+07	1.82595e+07	2.50435e+07	3.54379e+07	5.20615e+07	7.93976e+07	5.20615e+07	3.54379e+07	2.50435e+07	1.82595e+07	1.36665e+07	1.04588e+07	8.15811e+06	6.4697e+06	5.20558e+06	4.24234e+06	3.49685e+06	2.91183e+06	2.44698e+06	2.07343e+06	
0	2.4216e+06	2.88164e+06	3.46059e+06	4.19835e+06	5.15159e+06	6.40261e+06	8.07351e+06	1.03503e+07	1.35248e+07	1.80701e+07	2.47838e+07	3.50704e+07	5.15216e+07	7.85743e+07	5.15216e+07	3.50704e+07	2.47838e+07	1.80701e+07	1.35248e+07	1.03503e+07	8.07351e+06	6.40261e+06	5.15159e+06	4.19835e+06	3.46059e+06	2.88164e+06	2.4216e+06	2.05193e+06	
0	2.39648e+06	2.85174e+06	3.42469e+06	4.15479e+06	5.09815e+06	6.33618e+06	7.98975e+06	1.0243e+07	1.33845e+07	1.78827e+07	2.45267e+07	3.47065e+07	5.09871e+07	7.77591e+07	5.09871e+07	3.47065e+07	2.45267e+07	1.78827e+07	1.33845e+07	1.0243e+07	7.98975e+06	6.33618e+06	5.09815e+06	4.15479e+06	3.42469e+06	2.85174e+06	2.39648e+06	2.03065e+06	
0	2.3716e+06	2.82214e+06	3.38914e+06	4.11166e+06	5.04523e+06	6.27042e+06	7.90682e+06	1.01366e+07	1.32456e+07	1.76971e+07	2.42721e+07	3.43463e+07	5.04579e+07	7.6952e+07	5.04579e+07	3.43463e+07	2.42721e+07	1.76971e+07	1.32456e+07	1.01366e+07	7.90682e+06	6.27042e+06	5.04523e+06	4.11166e+06	3.38914e+06	2.82214e+06	2.3716e+06	2.00957e+06	
0	2.34698e+06	2.79283e+06	3.35395e+06	4.06897e+06	4.99284e+06	6.2053e+06	7.82472e+06	1.00314e+07	1.3108e+07	1.75133e+07	2.40201e+07	3.39896e+07	4.99339e+07	7.61529e+07	4.99339e+07	3.39896e+07	2.40201e+07	1.75133e+07	1.3108e+07	1.00314e+07	7.82472e+06	6.2053e+06	4.99284e+06	4.06897e+06	3.35395e+06	2.79283e+06	2.34698e+06	1.9887e+06	
0	2.32259e+06	2.76382e+06	3.3191e+06	4.02669e+06	4.94097e+06	6.14083e+06	7.74342e+06	9.92716e+06	1.29719e+07	1.73313e+07	2.37705e+07	3.36365e+07	4.94151e+07	7.53618e+07	4.94151e+07	3.36365e+07	2.37705e+07	1.73313e+07	1.29719e+07	9.92716e+06	7.74342e+06	6.14083e+06	4.94097e+06	4.02669e+06	3.3191e+06	2.76382e+06	2.32259e+06	1.96804e+06	
0	2.29845e+06	2.73509e+06	3.28461e+06	3.98484e+06	4.88961e+06	6.07701e+06	7.66294e+06	9.82397e+06	1.2837e+07	1.71512e+07	2.35234e+07	3.32869e+07	4.89015e+07	7.45785e+07	4.89015e+07	3.32869e+07	2.35234e+07	1.71512e+07	1.2837e+07	9.82397e+06	7.66294e+06	6.07701e+06	4.88961e+06	3.98484e+06	3.28461e+06	2.73509e+06	2.29845e+06	1.94758e+06	
0	2.27455e+06	2.70665e+06	3.25045e+06	3.9434e+06	4.83877e+06	6.01381e+06	7.58326e+06	9.72182e+06	1.27035e+07	1.69729e+07	2.32788e+07	3.29408e+07	4.8393e+07	7.3803e+07	4.8393e+07	3.29408e+07	2.32788e+07	1.69729e+07	1.27035e+07	9.72182e+06	7.58326e+06	6.01381e+06	4.83877e+06	3.9434e+06	3.25045e+06	2.70665e+06	2.27455e+06	1.92733e+06	
0	2.25089e+06	2.67849e+06	3.21663e+06	3.90238e+06	4.78843e+06	5.95125e+06	7.50436e+06	9.62068e+06	1.25714e+07	1.67963e+07	2.30367e+07	3.25981e+07	4.78895e+07	7.30352e+07	4.78895e+07	3.25981e+07	2.30367e+07	1.67963e+07	1.25714e+07	9.62068e+06	7.50436e+06	5.95125e+06	4.78843e+06	3.90238e+06	3.21663e+06	2.67849e+06	2.25089e+06	1.90728e+06	
0	2.22746e+06	2.65061e+06	3.18316e+06	3.86176e+06	4.73859e+06	5.88931e+06	7.42626e+06	9.52054e+06	1.24405e+07	1.66215e+07	2.27969e+07	3.22588e+07	4.73911e+07	7.2275e+07	4.73911e+07	3.22588e+07	2.27969e+07	1.66215e+07	1.24405e+07	9.52054e+06	7.42626e+06	5.88931e+06	4.73859e+06	3.86176e+06	3.18316e+06	2.65061e+06	2.22746e+06	1.88743e+06	
0	2.20427e+06	2.62301e+06	3.15001e+06	3.82155e+06	4.68925e+06	5.82798e+06	7.34893e+06	9.42141e+06	1.2311e+07	1.64484e+07	2.25595e+07	3.19229e+07	4.68976e+07	7.15224e+07	4.68976e+07	3.19229e+07	2.25595e+07	1.64484e+07	1.2311e+07	9.42141e+06	7.34893e+06	5.82798e+06	4.68925e+06	3.82155e+06	3.15001e+06	2.62301e+06	2.20427e+06	1.86778e+06	
0	2.1813e+06	2.59569e+06	3.11719e+06	3.78174e+06	4.64039e+06	5.76727e+06	7.27237e+06	9.32326e+06	1.21827e+07	1.6277e+07	2.23245e+07	3.15903e+07	4.6409e+07	7.07773e+07	4.6409e+07	3.15903e+07	2.23245e+07	1.6277e+07	1.21827e+07	9.32326e+06	7.27237e+06	5.76727e+06	4.64039e+06	3.78174e+06	3.11719e+06	2.59569e+06	2.1813e+06	1.84832e+06	
0	2.15857e+06	2.56863e+06	3.0847e+06	3.74232e+06	4.59203e+06	5.70716e+06	7.19657e+06	9.22609e+06	1.20558e+07	1.61074e+07	2.20918e+07	3.1261e+07	4.59253e+07	7.00396e+07	4.59253e+07	3.1261e+07	2.20918e+07	1.61074e+07	1.20558e+07	9.22609e+06	7.19657e+06	5.70716e+06	4.59203e+06	3.74232e+06	3.0847e+06	2.56863e+06	2.15857e+06	1.82905e+06	
0	2.13606e+06	2.54185e+06	3.05254e+06	3.7033e+06	4.54415e+06	5.64765e+06	7.12153e+06	9.12988e+06	1.19301e+07	1.59394e+07	2.18615e+07	3.09351e+07	4.54465e+07	6.93093e+07	4.54465e+07	3.09351e+07	2.18615e+07	1.59394e+07	1.19301e+07	9.12988e+06	7.12153e+06	5.64765e+06	4.54415e+06	3.7033e+06	3.05254e+06	2.54185e+06	2.13606e+06	1.80998e+06	
0	2.11378e+06	2.51533e+06	3.0207e+06	3.66467e+06	4.49674e+06	5.58873e+06	7.04724e+06	9.03464e+06	1.18056e+07	1.57731e+07	2.16334e+07	3.06124e+07	4.49724e+07	6.85863e+07	4.49724e+07	3.06124e+07	2.16334e+07	1.57731e+07	1.18056e+07	9.03464e+06	7.04724e+06	5.58873e+06	4.49674e+06	3.66467e+06	3.0207e+06	2.51533e+06	2.11378e+06	1.7911e+06	
0	2.09172e+06	2.48908e+06	2.98917e+06	3.62642e+06	4.44981e+06	5.53041e+06	6.97369e+06	8.94035e+06	1.16824e+07	1.56085e+07	2.14076e+07	3.02929e+07	4.4503e+07	6.78705e+07	4.4503e+07	3.02929e+07	2.14076e+07	1.56085e+07	1.16824e+07	8.94035e+06	6.97369e+06	5.53041e+06	4.44981e+06	3.62642e+06	2.98917e+06	2.48908e+06	2.09172e+06	1.77241e+06	
0	2.06988e+06	2.46309e+06	2.95796e+06	3.58856e+06	4.40335e+06	5.47266e+06	6.90088e+06	8.847e+06	1.15604e+07	1.54455e+07	2.11841e+07	2.99766e+07	4.40383e+07	6.71618e+07	4.40383e+07	2.99766e+07	2.11841e+07	1.54455e+07	1.15604e+07	8.847e+06	6.90088e+06	5.47266e+06	4.40335e+06	3.58856e+06	2.95796e+06	2.46309e+06	2.06988e+06	1.7539e+06	
0	2.04825e+06	2.43736e+06	2.92706e+06	3.55107e+06	4.35735e+06	5.41549e+06	6.82879e+06	8.75458e+06	1.14396e+07	1.52842e+07	2.09628e+07	2.96634e+07	4.35783e+07	6.64602e+07	4.35783e+07	2.96634e+07	2.09628e+07	1.52842e+07	1.14396e+07	8.75458e+06	6.82879e+06	5.41549e+06	4.35735e+06	3.55107e+06	2.92706e+06	2.43736e+06	2.04825e+06	1.73558e+06	
0	2.02685e+06	2.41189e+06	2.89647e+06	3.51396e+06	4.31181e+06	5.3589e+06	6.75742e+06	8.66309e+06	1.13201e+07	1.51245e+07	2.07437e+07	2.93534e+07	4.31229e+07	6.57657e+07	4.31229e+07	2.93534e+07	2.07437e+07	1.51245e+07	1.13201e+07	8.66309e+06	6.75742e+06	5.3589e+06	4.31181e+06	3.51396e+06	2.89647e+06	2.41189e+06	2.02685e+06	1.71744e+06	
0	2.00566e+06	2.38667e+06	2.86618e+06	3.47722e+06	4.26673e+06	5.30287e+06	6.68677e+06	8.57251e+06	1.12017e+07	1.49663e+07	2.05268e+07	2.90465e+07	4.2672e+07	6.50781e+07	4.2672e+07	2.90465e+07	2.05268e+07	1.49663e+07	1.12017e+07	8.57251e+06	6.68677e+06	5.30287e+06	4.26673e+06	3.47722e+06	2.86618e+06	2.38667e+06	2.00566e+06	1.69948e+06	
0	1.98468e+06	2.36171e+06	2.8362e+06	3.44085e+06	4.2221e+06	5.2474e+06	6.61682e+06	8.48284e+06	1.10846e+07	1.48098e+07	2.03121e+07	2.87427e+07	4.22256e+07	6.43973e+07	4.22256e+07	2.87427e+07	2.03121e+07	1.48098e+07	1.10846e+07	8.48284e+06	6.61682e+06	5.2474e+06	4.2221e+06	3.44085e+06	2.8362e+06	2.36171e+06	1.98468e+06	1.68171e+06	
0	1.96391e+06	2.33699e+06	2.80652e+06	3.40484e+06	4.17792e+06	5.19248e+06	6.54758e+06	8.39407e+06	1.09686e+07	1.46548e+07	2.00995e+07	2.84419e+07	4.17838e+07	6.37234e+07	4.17838e+07	2.84419e+07	2.00995e+07	1.46548e+07	1.09686e+07	8.39407e+06	6.54758e+06	5.19248e+06	4.17792e+06	3.40484e+06	2.80652e+06	2.33699e+06	1.96391e+06	1.66411e+06	
0	1.94335e+06	2.31252e+06	2.77714e+06	3.36919e+06	4.13418e+06	5.13812e+06	6.47903e+06	8.30619e+06	1.08537e+07	1.45014e+07	1.98891e+07	2.81441e+07	4.13463e+07	6.30563e+07	4.13463e+07	2.81441e+07	1.98891e+07	1.45014e+07	1.08537e+07	8.30619e+06	6.47903e+06	5.13812e+06	4.13418e+06	3.36919e+06	2.77714e+06	2.31252e+06	1.94335e+06	1.64668e+06	
0	1.92299e+06	2.2883e+06	2.74805e+06	3.3339e+06	4.09087e+06	5.0843e+06	6.41116e+06	8.21918e+06	1.074e+07	1.43495e+07	1.96808e+07	2.78493e+07	4.09132e+07	6.23958e+07	4.09132e+07	2.78493e+07	1.96808e+07	1.43495e+07	1.074e+07	8.21918e+06	6.41116e+06	5.0843e+06	4.09087e+06	3.3339e+06	2.74805e+06	2.2883e+06	1.92299e+06	1.62944e+06	
0	1.90284e+06	2.26432e+06	2.71925e+06	3.29896e+06	4.048e+06	5.03102e+06	6.34398e+06	8.13306e+06	1.06275e+07	1.41991e+07	1.94746e+07	2.75575e+07	4.04845e+07	6.1742e+07	4.04845e+07	2.75575e+07	1.94746e+07	1.41991e+07	1.06275e+07	8.13306e+06	6.34398e+06	5.03102e+06	4.048e+06	3.29896e+06	2.71925e+06	2.26432e+06	1.90284e+06	1.61236e+06	
0	1.88289e+06	2.24059e+06	2.69075e+06	3.26438e+06	4.00557e+06	4.97828e+06	6.27747e+06	8.04779e+06	1.05161e+07	1.40502e+07	1.92704e+07	2.72686e+07	4.00601e+07	6.10947e+07	4.00601e+07	2.72686e+07	1.92704e+07	1.40502e+07	1.05161e+07	8.04779e+06	6.27747e+06	4.97828e+06	4.00557e+06	3.26438e+06	2.69075e+06	2.24059e+06	1.88289e+06	1.59546e+06	
0	1.86314e+06	2.21709e+06	2.66252e+06	3.23014e+06	3.96356e+06	4.92606e+06	6.21163e+06	7.96338e+06	1.04058e+07	1.39029e+07	1.90683e+07	2.69826e+07	3.96399e+07	6.04539e+07	3.96399e+07	2.69826e+07	1.90683e+07	1.39029e+07	1.04058e+07	7.96338e+06	6.21163e+06	4.92606e+06	3.96356e+06	3.23014e+06	2.66252e+06	2.21709e+06	1.86314e+06	1.57872e+06	
0	1.84359e+06	2.19382e+06	2.63459e+06	3.19625e+06	3.92197e+06	4.87438e+06	6.14645e+06	7.87982e+06	1.02966e+07	1.3757e+07	1.88682e+07	2.66995e+07	3.9224e+07	5.98196e+07	3.9224e+07	2.66995e+07	1.88682e+07	1.3757e+07	1.02966e+07	7.87982e+06	6.14645e+06	4.87438e+06	3.92197e+06	3.19625e+06	2.63459e+06	2.19382e+06	1.84359e+06	1.56216e+06	
0	1.82424e+06	2.17079e+06	2.60693e+06	3.16269e+06	3.88079e+06	4.82321e+06	6.08193e+06	7.7971e+06	1.01885e+07	1.36126e+07	1.86701e+07	2.64192e+07	3.88122e+07	5.91916e+07	3.88122e+07	2.64192e+07	1.86701e+07	1.36126e+07	1.01885e+07	7.7971e+06	6.08193e+06	4.82321e+06	3.88079e+06	3.16269e+06	2.60693e+06	2.17079e+06	1.82424e+06	1.54576e+06	
0	1.80508e+06	2.14799e+06	2.57955e+06	3.12948e+06	3.84004e+06	4.77255e+06	6.01806e+06	7.71522e+06	1.00815e+07	1.34696e+07	1.8474e+07	2.61417e+07	3.84046e+07	5.857e+07	3.84046e+07	2.61417e+07	1.8474e+07	1.34696e+07	1.00815e+07	7.71522e+06	6.01806e+06	4.77255e+06	3.84004e+06	3.12948e+06	2.57955e+06	2.14799e+06	1.80508e+06	1.52953e+06	
0	1.78611e+06	2.12542e+06	2.55245e+06	3.0966e+06	3.79969e+06	4.72241e+06	5.95483e+06	7.63415e+06	9.97558e+06	1.33281e+07	1.82799e+07	2.5867e+07	3.80011e+07	5.79546e+07	3.80011e+07	2.5867e+07	1.82799e+07	1.33281e+07	9.97558e+06	7.63415e+06	5.95483e+06	4.72241e+06	3.79969e+06	3.0966e+06	2.55245e+06	2.12542e+06	1.78611e+06	1.51346e+06	
0	1.76734e+06	2.10308e+06	2.52562e+06	3.06405e+06	3.75975e+06	4.67277e+06	5.89223e+06	7.55391e+06	9.87072e+06	1.3188e+07	1.80878e+07	2.55951e+07	3.76016e+07	5.73454e+07	3.76016e+07	2.55951e+07	1.80878e+07	1.3188e+07	9.87072e+06	7.55391e+06	5.89223e+06	4.67277e+06	3.75975e+06	3.06405e+06	2.52562e+06	2.10308e+06	1.76734e+06	1.49755e+06	
0	1.74875e+06	2.08097e+06	2.49906e+06	3.03182e+06	3.72021e+06	4.62363e+06	5.83027e+06	7.47447e+06	9.76691e+06	1.30493e+07	1.78976e+07	2.5326e+07	3.72062e+07	5.67423e+07	3.72062e+07	2.5326e+07	1.78976e+07	1.30493e+07	9.76691e+06	7.47447e+06	5.83027e+06	4.62363e+06	3.72021e+06	3.03182e+06	2.49906e+06	2.08097e+06	1.74875e+06	1.4818e+06	
0	1.73036e+06	2.05907e+06	2.47277e+06	2.99993e+06	3.68107e+06	4.57498e+06	5.76893e+06	7.39583e+06	9.66416e+06	1.2912e+07	1.77093e+07	2.50595e+07	3.68147e+07	5.61453e+07	3.68147e+07	2.50595e+07	1.77093e+07	1.2912e+07	9.66416e+06	7.39583e+06	5.76893e+06	4.57498e+06	3.68107e+06	2.99993e+06	2.47277e+06	2.05907e+06	1.73036e+06	1.46621e+06	
0	1.71214e+06	2.0374e+06	2.44674e+06	2.96835e+06	3.64233e+06	4.52683e+06	5.70821e+06	7.31798e+06	9.56244e+06	1.27761e+07	1.75229e+07	2.47958e+07	3.64273e+07	5.55544e+07	3.64273e+07	2.47958e+07	1.75229e+07	1.27761e+07	9.56244e+06	7.31798e+06	5.70821e+06	4.52683e+06	3.64233e+06	2.96835e+06	2.44674e+06	2.0374e+06	1.71214e+06	1.45078e+06	
0	1.69411e+06	2.01595e+06	2.42097e+06	2.93709e+06	3.60397e+06	4.47916e+06	5.6481e+06	7.24092e+06	9.46174e+06	1.26416e+07	1.73384e+07	2.45347e+07	3.60437e+07	5.49694e+07	3.60437e+07	2.45347e+07	1.73384e+07	1.26416e+07	9.46174e+06	7.24092e+06	5.6481e+06	4.47916e+06	3.60397e+06	2.93709e+06	2.42097e+06	2.01595e+06	1.69411e+06	1.4355e+06	
0	1.67627e+06	1.99471e+06	2.39547e+06	2.90615e+06	3.566e+06	4.43197e+06	5.5886e+06	7.16464e+06	9.36207e+06	1.25084e+07	1.71557e+07	2.42762e+07	3.5664e+07	5.43903e+07	3.5664e+07	2.42762e+07	1.71557e+07	1.25084e+07	9.36207e+06	7.16464e+06	5.5886e+06	4.43197e+06	3.566e+06	2.90615e+06	2.39547e+06	1.99471e+06	1.67627e+06	1.42038e+06	
0	1.6586e+06	1.97369e+06	2.37022e+06	2.87552e+06	3.52842e+06	4.38526e+06	5.5297e+06	7.08913e+06	9.2634e+06	1.23766e+07	1.69749e+07	2.40203e+07	3.52881e+07	5.38171e+07	3.52881e+07	2.40203e+07	1.69749e+07	1.23766e+07	9.2634e+06	7.08913e+06	5.5297e+06	4.38526e+06	3.52842e+06	2.87552e+06	2.37022e+06	1.97369e+06	1.6586e+06	1.40541e+06	
0	1.64111e+06	1.95287e+06	2.34523e+06	2.8452e+06	3.49122e+06	4.33903e+06	5.47139e+06	7.01439e+06	9.16573e+06	1.22461e+07	1.67959e+07	2.37671e+07	3.4916e+07	5.32496e+07	3.4916e+07	2.37671e+07	1.67959e+07	1.22461e+07	9.16573e+06	7.01439e+06	5.47139e+06	4.33903e+06	3.49122e+06	2.8452e+06	2.34523e+06	1.95287e+06	1.64111e+06	1.39059e+06	
0	1.6238e+06	1.93228e+06	2.32049e+06	2.81519e+06	3.45439e+06	4.29326e+06	5.41368e+06	6.94039e+06	9.06904e+06	1.21169e+07	1.66187e+07	2.35164e+07	3.45477e+07	5.26879e+07	3.45477e+07	2.35164e+07	1.66187e+07	1.21169e+07	9.06904e+06	6.94039e+06	5.41368e+06	4.29326e+06	3.45439e+06	2.81519e+06	2.32049e+06	1.93228e+06	1.6238e+06	1.37592e+06	
0	1.60666e+06	1.91188e+06	2.296e+06	2.78548e+06	3.41794e+06	4.24795e+06	5.35655e+06	6.86715e+06	8.97333e+06	1.1989e+07	1.64434e+07	2.32682e+07	3.41831e+07	5.21319e+07	3.41831e+07	2.32682e+07	1.64434e+07	1.1989e+07	8.97333e+06	6.86715e+06	5.35655e+06	4.24795e+06	3.41794e+06	2.78548e+06	2.296e+06	1.91188e+06	1.60666e+06	1.3614e+06	
0	1.5897e+06	1.8917e+06	2.27176e+06	2.75607e+06	3.38185e+06	4.2031e+06	5.29999e+06	6.79465e+06	8.8786e+06	1.18625e+07	1.62698e+07	2.30225e+07	3.38222e+07	5.15815e+07	3.38222e+07	2.30225e+07	1.62698e+07	1.18625e+07	8.8786e+06	6.79465e+06	5.29999e+06	4.2031e+06	3.38185e+06	2.75607e+06	2.27176e+06	1.8917e+06	1.5897e+06	1.34703e+06	
0	1.57291e+06	1.87172e+06	2.24777e+06	2.72696e+06	3.34613e+06	4.15871e+06	5.24401e+06	6.72288e+06	8.78482e+06	1.17372e+07	1.60979e+07	2.27794e+07	3.3465e+07	5.10367e+07	3.3465e+07	2.27794e+07	1.60979e+07	1.17372e+07	8.78482e+06	6.72288e+06	5.24401e+06	4.15871e+06	3.34613e+06	2.72696e+06	2.24777e+06	1.87172e+06	1.57291e+06	1.3328e+06	
0	1.55629e+06	1.85194e+06	2.22402e+06	2.69815e+06	3.31077e+06	4.11476e+06	5.1886e+06	6.65184e+06	8.69199e+06	1.16131e+07	1.59278e+07	2.25387e+07	3.31114e+07	5.04974e+07	3.31114e+07	2.25387e+07	1.59278e+07	1.16131e+07	8.69199e+06	6.65184e+06	5.1886e+06	4.11476e+06	3.31077e+06	2.69815e+06	2.22402e+06	1.85194e+06	1.55629e+06	1.31872e+06	
0	1.53984e+06	1.83236e+06	2.20051e+06	2.66963e+06	3.27577e+06	4.07126e+06	5.13375e+06	6.58152e+06	8.6001e+06	1.14904e+07	1.57594e+07	2.23004e+07	3.27613e+07	4.99636e+07	3.27613e+07	2.23004e+07	1.57594e+07	1.14904e+07	8.6001e+06	6.58152e+06	5.13375e+06	4.07126e+06	3.27577e+06	2.66963e+06	2.20051e+06	1.83236e+06	1.53984e+06	1.30477e+06	
0	1.52355e+06	1.81298e+06	2.17723e+06	2.64139e+06	3.24113e+06	4.0282e+06	5.07946e+06	6.51192e+06	8.50915e+06	1.13688e+07	1.55928e+07	2.20645e+07	3.24148e+07	4.94352e+07	3.24148e+07	2.20645e+07	1.55928e+07	1.13688e+07	8.50915e+06	6.51192e+06	5.07946e+06	4.0282e+06	3.24113e+06	2.64139e+06	2.17723e+06	1.81298e+06	1.52355e+06	1.29098e+06	
0	1.50743e+06	1.7938e+06	2.1542e+06	2.61344e+06	3.20684e+06	3.98558e+06	5.02571e+06	6.44302e+06	8.41912e+06	1.12486e+07	1.54278e+07	2.18311e+07	3.20719e+07	4.89121e+07	3.20719e+07	2.18311e+07	1.54278e+07	1.12486e+07	8.41912e+06	6.44302e+06	5.02571e+06	3.98558e+06	3.20684e+06	2.61344e+06	2.1542e+06	1.7938e+06	1.50743e+06	1.27732e+06	
0	1.49148e+06	1.77481e+06	2.1314e+06	2.58578e+06	3.17289e+06	3.9434e+06	4.97252e+06	6.37482e+06	8.33e+06	1.11295e+07	1.52645e+07	2.16e+07	3.17324e+07	4.83944e+07	3.17324e+07	2.16e+07	1.52645e+07	1.11295e+07	8.33e+06	6.37482e+06	4.97252e+06	3.9434e+06	3.17289e+06	2.58578e+06	2.1314e+06	1.77481e+06	1.49148e+06	1.2638e+06	
0	1.47568e+06	1.75602e+06	2.10882e+06	2.5584e+06	3.13929e+06	3.90164e+06	4.91986e+06	6.30731e+06	8.24179e+06	1.10116e+07	1.51028e+07	2.13713e+07	3.13964e+07	4.78819e+07	3.13964e+07	2.13713e+07	1.51028e+07	1.10116e+07	8.24179e+06	6.30731e+06	4.91986e+06	3.90164e+06	3.13929e+06	2.5584e+06	2.10882e+06	1.75602e+06	1.47568e+06	1.25041e+06	
0	1.46005e+06	1.73742e+06	2.08648e+06	2.53129e+06	3.10603e+06	3.8603e+06	4.86774e+06	6.24049e+06	8.15447e+06	1.0895e+07	1.49428e+07	2.11449e+07	3.10637e+07	4.73747e+07	3.10637e+07	2.11449e+07	1.49428e+07	1.0895e+07	8.15447e+06	6.24049e+06	4.86774e+06	3.8603e+06	3.10603e+06	2.53129e+06	2.08648e+06	1.73742e+06	1.46005e+06	1.23717e+06	
0	1.44457e+06	1.719e+06	2.06437e+06	2.50447e+06	3.07311e+06	3.81939e+06	4.81614e+06	6.17435e+06	8.06805e+06	1.07795e+07	1.47844e+07	2.09208e+07	3.07345e+07	4.68725e+07	3.07345e+07	2.09208e+07	1.47844e+07	1.07795e+07	8.06805e+06	6.17435e+06	4.81614e+06	3.81939e+06	3.07311e+06	2.50447e+06	2.06437e+06	1.719e+06	1.44457e+06	1.22405e+06	
0	1.42926e+06	1.70077e+06	2.04248e+06	2.47791e+06	3.04053e+06	3.77889e+06	4.76508e+06	6.10888e+06	7.9825e+06	1.06652e+07	1.46277e+07	2.06989e+07	3.04086e+07	4.63756e+07	3.04086e+07	2.06989e+07	1.46277e+07	1.06652e+07	7.9825e+06	6.10888e+06	4.76508e+06	3.77889e+06	3.04053e+06	2.47791e+06	2.04248e+06	1.70077e+06	1.42926e+06	1.21107e+06	
0	1.4141e+06	1.68273e+06	2.02081e+06	2.45163e+06	3.00828e+06	3.73881e+06	4.71453e+06	6.04408e+06	7.89782e+06	1.05521e+07	1.44725e+07	2.04794e+07	3.00861e+07	4.58836e+07	3.00861e+07	2.04794e+07	1.44725e+07	1.05521e+07	7.89782e+06	6.04408e+06	4.71453e+06	3.73881e+06	3.00828e+06	2.45163e+06	2.02081e+06	1.68273e+06	1.4141e+06	1.19823e+06	
0	1.39909e+06	1.66487e+06	1.99937e+06	2.42561e+06	2.97635e+06	3.69913e+06	4.6645e+06	5.97994e+06	7.81401e+06	1.04401e+07	1.43189e+07	2.0262e+07	2.97668e+07	4.53967e+07	2.97668e+07	2.0262e+07	1.43189e+07	1.04401e+07	7.81401e+06	5.97994e+06	4.6645e+06	3.69913e+06	2.97635e+06	2.42561e+06	1.99937e+06	1.66487e+06	1.39909e+06	1.18551e+06	
0	1.38424e+06	1.6472e+06	1.97814e+06	2.39986e+06	2.94475e+06	3.65986e+06	4.61498e+06	5.91645e+06	7.73105e+06	1.03292e+07	1.41669e+07	2.00469e+07	2.94507e+07	4.49147e+07	2.94507e+07	2.00469e+07	1.41669e+07	1.03292e+07	7.73105e+06	5.91645e+06	4.61498e+06	3.65986e+06	2.94475e+06	2.39986e+06	1.97814e+06	1.6472e+06	1.38424e+06	1.17292e+06	
0	1.36953e+06	1.6297e+06	1.95713e+06	2.37437e+06	2.91347e+06	3.62098e+06	4.56596e+06	5.85361e+06	7.64894e+06	1.02195e+07	1.40164e+07	1.9834e+07	2.91379e+07	4.44377e+07	2.91379e+07	1.9834e+07	1.40164e+07	1.02195e+07	7.64894e+06	5.85361e+06	4.56596e+06	3.62098e+06	2.91347e+06	2.37437e+06	1.95713e+06	1.6297e+06	1.36953e+06	1.16047e+06	
0	1.35498e+06	1.61239e+06	1.93634e+06	2.34914e+06	2.88252e+06	3.58251e+06	4.51744e+06	5.79141e+06	7.56766e+06	1.01109e+07	1.38675e+07	1.96232e+07	2.88283e+07	4.39655e+07	2.88283e+07	1.96232e+07	1.38675e+07	1.01109e+07	7.56766e+06	5.79141e+06	4.51744e+06	3.58251e+06	2.88252e+06	2.34914e+06	1.93634e+06	1.61239e+06	1.35498e+06	1.14814e+06	
0	1.34058e+06	1.59525e+06	1.91575e+06	2.32417e+06	2.85187e+06	3.54442e+06	4.46942e+06	5.72985e+06	7.48721e+06	1.00035e+07	1.37201e+07	1.94146e+07	2.85219e+07	4.34981e+07	2.85219e+07	1.94146e+07	1.37201e+07	1.00035e+07	7.48721e+06	5.72985e+06	4.46942e+06	3.54442e+06	2.85187e+06	2.32417e+06	1.91575e+06	1.59525e+06	1.34058e+06	1.13593e+06	
0	1.32632e+06	1.57828e+06	1.89538e+06	2.29945e+06	2.82155e+06	3.50673e+06	4.42189e+06	5.66891e+06	7.40759e+06	9.89708e+06	1.35742e+07	1.92082e+07	2.82186e+07	4.30355e+07	2.82186e+07	1.92082e+07	1.35742e+07	9.89708e+06	7.40759e+06	5.66891e+06	4.42189e+06	3.50673e+06	2.82155e+06	2.29945e+06	1.89538e+06	1.57828e+06	1.32632e+06	1.12385e+06	
0	1.31221e+06	1.56149e+06	1.87521e+06	2.27498e+06	2.79153e+06	3.46942e+06	4.37484e+06	5.6086e+06	7.32878e+06	9.79178e+06	1.34298e+07	1.90038e+07	2.79183e+07	4.25777e+07	2.79183e+07	1.90038e+07	1.34298e+07	9.79178e+06	7.32878e+06	5.6086e+06	4.37484e+06	3.46942e+06	2.79153e+06	2.27498e+06	1.87521e+06	1.56149e+06	1.31221e+06	1.11189e+06	
0	1.29824e+06	1.54487e+06	1.85525e+06	2.25077e+06	2.76181e+06	3.43249e+06	4.32828e+06	5.5489e+06	7.25077e+06	9.68756e+06	1.32868e+07	1.88015e+07	2.76212e+07	4.21245e+07	2.76212e+07	1.88015e+07	1.32868e+07	9.68756e+06	7.25077e+06	5.5489e+06	4.32828e+06	3.43249e+06	2.76181e+06	2.25077e+06	1.85525e+06	1.54487e+06	1.29824e+06	1.10006e+06	
0	1.28442e+06	1.52842e+06	1.8355e+06	2.2268e+06	2.73241e+06	3.39594e+06	4.28219e+06	5.48982e+06	7.17357e+06	9.58441e+06	1.31453e+07	1.86013e+07	2.73271e+07	4.16759e+07	2.73271e+07	1.86013e+07	1.31453e+07	9.58441e+06	7.17357e+06	5.48982e+06	4.28219e+06	3.39594e+06	2.73241e+06	2.2268e+06	1.8355e+06	1.52842e+06	1.28442e+06	1.08835e+06	
0	1.27074e+06	1.51214e+06	1.81595e+06	2.20308e+06	2.7033e+06	3.35977e+06	4.23657e+06	5.43134e+06	7.09715e+06	9.48231e+06	1.30053e+07	1.84032e+07	2.70359e+07	4.1232e+07	2.70359e+07	1.84032e+07	1.30053e+07	9.48231e+06	7.09715e+06	5.43134e+06	4.23657e+06	3.35977e+06	2.7033e+06	2.20308e+06	1.81595e+06	1.51214e+06	1.27074e+06	1.07675e+06	
0	1.25719e+06	1.49602e+06	1.79659e+06	2.1796e+06	2.67449e+06	3.32396e+06	4.19143e+06	5.37345e+06	7.02151e+06	9.38125e+06	1.28667e+07	1.8207e+07	2.67478e+07	4.07926e+07	2.67478e+07	1.8207e+07	1.28667e+07	9.38125e+06	7.02151e+06	5.37345e+06	4.19143e+06	3.32396e+06	2.67449e+06	2.1796e+06	1.79659e+06	1.49602e+06	1.25719e+06	1.06528e+06	
0	1.24379e+06	1.48007e+06	1.77744e+06	2.15636e+06	2.64597e+06	3.28852e+06	4.14674e+06	5.31616e+06	6.94665e+06	9.28123e+06	1.27295e+07	1.80129e+07	2.64626e+07	4.03577e+07	2.64626e+07	1.80129e+07	1.27295e+07	9.28123e+06	6.94665e+06	5.31616e+06	4.14674e+06	3.28852e+06	2.64597e+06	2.15636e+06	1.77744e+06	1.48007e+06	1.24379e+06	1.05392e+06	
0	1.23052e+06	1.46429e+06	1.75848e+06	2.13336e+06	2.61775e+06	3.25345e+06	4.10251e+06	5.25946e+06	6.87256e+06	9.18224e+06	1.25937e+07	1.78208e+07	2.61804e+07	3.99272e+07	2.61804e+07	1.78208e+07	1.25937e+07	9.18224e+06	6.87256e+06	5.25946e+06	4.10251e+06	3.25345e+06	2.61775e+06	2.13336e+06	1.75848e+06	1.46429e+06	1.23052e+06	1.04268e+06	
0	1.21739e+06	1.44866e+06	1.73972e+06	2.1106e+06	2.58982e+06	3.21873e+06	4.05873e+06	5.20334e+06	6.79922e+06	9.08426e+06	1.24594e+07	1.76306e+07	2.5901e+07	3.95012e+07	2.5901e+07	1.76306e+07	1.24594e+07	9.08426e+06	6.79922e+06	5.20334e+06	4.05873e+06	3.21873e+06	2.58982e+06	2.1106e+06	1.73972e+06	1.44866e+06	1.21739e+06	1.03155e+06	
0	1.2044e+06	1.4332e+06	1.72114e+06	2.08807e+06	2.56217e+06	3.18437e+06	4.01541e+06	5.14779e+06	6.72664e+06	8.98728e+06	1.23264e+07	1.74424e+07	2.56245e+07	3.90795e+07	2.56245e+07	1.74424e+07	1.23264e+07	8.98728e+06	6.72664e+06	5.14779e+06	4.01541e+06	3.18437e+06	2.56217e+06	2.08807e+06	1.72114e+06	1.4332e+06	1.2044e+06	1.02054e+06	
0	1.19153e+06	1.41789e+06	1.70276e+06	2.06577e+06	2.53481e+06	3.15036e+06	3.97252e+06	5.09282e+06	6.65481e+06	8.89131e+06	1.21947e+07	1.72562e+07	2.53509e+07	3.86621e+07	2.53509e+07	1.72562e+07	1.21947e+07	8.89131e+06	6.65481e+06	5.09282e+06	3.97252e+06	3.15036e+06	2.53481e+06	2.06577e+06	1.70276e+06	1.41789e+06	1.19153e+06	1.00964e+06	
0	1.1788e+06	1.40274e+06	1.68457e+06	2.0437e+06	2.50773e+06	3.11671e+06	3.93008e+06	5.03841e+06	6.58371e+06	8.79631e+06	1.20644e+07	1.70718e+07	2.508e+07	3.82491e+07	2.508e+07	1.70718e+07	1.20644e+07	8.79631e+06	6.58371e+06	5.03841e+06	3.93008e+06	3.11671e+06	2.50773e+06	2.0437e+06	1.68457e+06	1.40274e+06	1.1788e+06	998855	
0	1.16621e+06	1.38775e+06	1.66657e+06	2.02186e+06	2.48093e+06	3.08339e+06	3.88808e+06	4.98456e+06	6.51334e+06	8.7023e+06	1.19355e+07	1.68893e+07	2.4812e+07	3.78403e+07	2.4812e+07	1.68893e+07	1.19355e+07	8.7023e+06	6.51334e+06	4.98456e+06	3.88808e+06	3.08339e+06	2.48093e+06	2.02186e+06	1.66657e+06	1.38775e+06	1.16621e+06	988179	
0	1.15374e+06	1.37291e+06	1.64875e+06	2.00024e+06	2.4544e+06	3.05042e+06	3.8465e+06	4.93126e+06	6.44369e+06	8.60924e+06	1.18079e+07	1.67087e+07	2.45467e+07	3.74357e+07	2.45467e+07	1.67087e+07	1.18079e+07	8.60924e+06	6.44369e+06	4.93126e+06	3.8465e+06	3.05042e+06	2.4544e+06	2.00024e+06	1.64875e+06	1.37291e+06	1.15374e+06	977612	
0	1.14139e+06	1.35823e+06	1.63111e+06	1.97884e+06	2.42814e+06	3.01779e+06	3.80536e+06	4.87851e+06	6.37477e+06	8.51715e+06	1.16816e+07	1.653e+07	2.42841e+07	3.70352e+07	2.42841e+07	1.653e+07	1.16816e+07	8.51715e+06	6.37477e+06	4.87851e+06	3.80536e+06	3.01779e+06	2.42814e+06	1.97884e+06	1.63111e+06	1.35823e+06	1.14139e+06	967155	
0	1.12918e+06	1.34369e+06	1.61365e+06	1.95766e+06	2.40216e+06	2.9855e+06	3.76463e+06	4.8263e+06	6.30655e+06	8.426e+06	1.15565e+07	1.63531e+07	2.40242e+07	3.66389e+07	2.40242e+07	1.63531e+07	1.15565e+07	8.426e+06	6.30655e+06	4.8263e+06	3.76463e+06	2.9855e+06	2.40216e+06	1.95766e+06	1.61365e+06	1.34369e+06	1.12918e+06	956805	
0	1.11709e+06	1.3293e+06	1.59638e+06	1.93671e+06	2.37644e+06	2.95354e+06	3.72433e+06	4.77463e+06	6.23903e+06	8.3358e+06	1.14328e+07	1.6178e+07	2.3767e+07	3.62466e+07	2.3767e+07	1.6178e+07	1.14328e+07	8.3358e+06	6.23903e+06	4.77463e+06	3.72433e+06	2.95354e+06	2.37644e+06	1.93671e+06	1.59638e+06	1.3293e+06	1.11709e+06	946561	
0	1.10513e+06	1.31507e+06	1.57928e+06	1.91596e+06	2.35099e+06	2.9219e+06	3.68444e+06	4.72349e+06	6.17221e+06	8.24652e+06	1.13104e+07	1.60048e+07	2.35125e+07	3.58584e+07	2.35125e+07	1.60048e+07	1.13104e+07	8.24652e+06	6.17221e+06	4.72349e+06	3.68444e+06	2.9219e+06	2.35099e+06	1.91596e+06	1.57928e+06	1.31507e+06	1.10513e+06	936423	
0	1.09328e+06	1.30098e+06	1.56236e+06	1.89543e+06	2.3258e+06	2.8906e+06	3.64496e+06	4.67288e+06	6.10607e+06	8.15816e+06	1.11892e+07	1.58333e+07	2.32605e+07	3.54742e+07	2.32605e+07	1.58333e+07	1.11892e+07	8.15816e+06	6.10607e+06	4.67288e+06	3.64496e+06	2.8906e+06	2.3258e+06	1.89543e+06	1.56236e+06	1.30098e+06	1.09328e+06	926390	
0	1.08157e+06	1.28703e+06	1.54561e+06	1.87512e+06	2.30087e+06	2.85961e+06	3.60589e+06	4.62279e+06	6.04062e+06	8.07071e+06	1.10693e+07	1.56636e+07	2.30112e+07	3.5094e+07	2.30112e+07	1.56636e+07	1.10693e+07	8.07071e+06	6.04062e+06	4.62279e+06	3.60589e+06	2.85961e+06	2.30087e+06	1.87512e+06	1.54561e+06	1.28703e+06	1.08157e+06	916460	
0	1.06997e+06	1.27323e+06	1.52904e+06	1.85501e+06	2.2762e+06	2.82895e+06	3.56722e+06	4.57322e+06	5.97585e+06	7.98416e+06	1.09506e+07	1.54956e+07	2.27644e+07	3.47176e+07	2.27644e+07	1.54956e+07	1.09506e+07	7.98416e+06	5.97585e+06	4.57322e+06	3.56722e+06	2.82895e+06	2.2762e+06	1.85501e+06	1.52904e+06	1.27323e+06	1.06997e+06	906632	
0	1.05849e+06	1.25957e+06	1.51263e+06	1.83511e+06	2.25178e+06	2.7986e+06	3.52896e+06	4.52416e+06	5.91174e+06	7.89851e+06	1.08331e+07	1.53294e+07	2.25202e+07	3.43452e+07	2.25202e+07	1.53294e+07	1.08331e+07	7.89851e+06	5.91174e+06	4.52416e+06	3.52896e+06	2.7986e+06	2.25178e+06	1.83511e+06	1.51263e+06	1.25957e+06	1.05849e+06	896906	
0	1.04713e+06	1.24605e+06	1.4964e+06	1.81541e+06	2.22761e+06	2.76856e+06	3.49108e+06	4.47561e+06	5.84829e+06	7.81374e+06	1.07168e+07	1.51648e+07	2.22785e+07	3.39766e+07	2.22785e+07	1.51648e+07	1.07168e+07	7.81374e+06	5.84829e+06	4.47561e+06	3.49108e+06	2.76856e+06	2.22761e+06	1.81541e+06	1.4964e+06	1.24605e+06	1.04713e+06	887280	
0	1.03589e+06	1.23267e+06	1.48033e+06	1.79592e+06	2.20369e+06	2.73884e+06	3.4536e+06	4.42755e+06	5.7855e+06	7.72985e+06	1.06017e+07	1.5002e+07	2.20393e+07	3.36118e+07	2.20393e+07	1.5002e+07	1.06017e+07	7.72985e+06	5.7855e+06	4.42755e+06	3.4536e+06	2.73884e+06	2.20369e+06	1.79592e+06	1.48033e+06	1.23267e+06	1.03589e+06	877754	
0	1.02476e+06	1.21943e+06	1.46443e+06	1.77663e+06	2.18002e+06	2.70942e+06	3.4165e+06	4.38e+06	5.72336e+06	7.64682e+06	1.04879e+07	1.48409e+07	2.18026e+07	3.32508e+07	2.18026e+07	1.48409e+07	1.04879e+07	7.64682e+06	5.72336e+06	4.38e+06	3.4165e+06	2.70942e+06	2.18002e+06	1.77663e+06	1.46443e+06	1.21943e+06	1.02476e+06	868326	
0	1.01375e+06	1.20633e+06	1.4487e+06	1.75754e+06	2.1566e+06	2.68031e+06	3.37979e+06	4.33293e+06	5.66186e+06	7.56466e+06	1.03752e+07	1.46814e+07	2.15683e+07	3.28935e+07	2.15683e+07	1.46814e+07	1.03752e+07	7.56466e+06	5.66186e+06	4.33293e+06	3.37979e+06	2.68031e+06	2.1566e+06	1.75754e+06	1.4487e+06	1.20633e+06	1.01375e+06	858995	
0	1.00285e+06	1.19336e+06	1.43313e+06	1.73865e+06	2.13342e+06	2.65149e+06	3.34346e+06	4.28635e+06	5.601e+06	7.48334e+06	1.02637e+07	1.45236e+07	2.13365e+07	3.25399e+07	2.13365e+07	1.45236e+07	1.02637e+07	7.48334e+06	5.601e+06	4.28635e+06	3.34346e+06	2.65149e+06	2.13342e+06	1.73865e+06	1.43313e+06	1.19336e+06	1.00285e+06	849761	
0	992067	1.18053e+06	1.41771e+06	1.71995e+06	2.11047e+06	2.62298e+06	3.30751e+06	4.24026e+06	5.54076e+06	7.40286e+06	1.01533e+07	1.43674e+07	2.1107e+07	3.219e+07	2.1107e+07	1.43674e+07	1.01533e+07	7.40286e+06	5.54076e+06	4.24026e+06	3.30751e+06	2.62298e+06	2.11047e+06	1.71995e+06	1.41771e+06	1.18053e+06	992067	840623	
0	981394	1.16783e+06	1.40246e+06	1.70145e+06	2.08777e+06	2.59476e+06	3.27192e+06	4.19464e+06	5.48115e+06	7.32322e+06	1.0044e+07	1.42128e+07	2.088e+07	3.18437e+07	2.088e+07	1.42128e+07	1.0044e+07	7.32322e+06	5.48115e+06	4.19464e+06	3.27192e+06	2.59476e+06	2.08777e+06	1.70145e+06	1.40246e+06	1.16783e+06	981394	831579	
0	970831	1.15526e+06	1.38737e+06	1.68314e+06	2.0653e+06	2.56683e+06	3.23671e+06	4.14949e+06	5.42216e+06	7.2444e+06	9.93594e+06	1.40599e+07	2.06552e+07	3.15009e+07	2.06552e+07	1.40599e+07	9.93594e+06	7.2444e+06	5.42216e+06	4.14949e+06	3.23671e+06	2.56683e+06	2.0653e+06	1.68314e+06	1.38737e+06	1.15526e+06	970831	822629	
0	960378	1.14282e+06	1.37243e+06	1.66501e+06	2.04306e+06	2.5392e+06	3.20186e+06	4.10482e+06	5.36378e+06	7.1664e+06	9.82896e+06	1.39085e+07	2.04328e+07	3.11618e+07	2.04328e+07	1.39085e+07	9.82896e+06	7.1664e+06	5.36378e+06	4.10482e+06	3.20186e+06	2.5392e+06	2.04306e+06	1.66501e+06	1.37243e+06	1.14282e+06	960378	813772	
0	950034	1.13051e+06	1.35765e+06	1.64708e+06	2.02105e+06	2.51185e+06	3.16737e+06	4.0606e+06	5.30601e+06	7.08921e+06	9.72309e+06	1.37587e+07	2.02128e+07	3.08261e+07	2.02128e+07	1.37587e+07	9.72309e+06	7.08921e+06	5.30601e+06	4.0606e+06	3.16737e+06	2.51185e+06	2.02105e+06	1.64708e+06	1.35765e+06	1.13051e+06	950034	805006	
0	939796	1.11833e+06	1.34302e+06	1.62933e+06	1.99928e+06	2.48478e+06	3.13324e+06	4.01685e+06	5.24883e+06	7.01282e+06	9.61832e+06	1.36104e+07	1.99949e+07	3.04939e+07	1.99949e+07	1.36104e+07	9.61832e+06	7.01282e+06	5.24883e+06	4.01685e+06	3.13324e+06	2.48478e+06	1.99928e+06	1.62933e+06	1.34302e+06	1.11833e+06	939796	796332	
0	929665	1.10627e+06	1.32854e+06	1.61177e+06	1.97772e+06	2.45799e+06	3.09946e+06	3.97355e+06	5.19225e+06	6.93722e+06	9.51463e+06	1.34637e+07	1.97794e+07	3.01652e+07	1.97794e+07	1.34637e+07	9.51463e+06	6.93722e+06	5.19225e+06	3.97355e+06	3.09946e+06	2.45799e+06	1.97772e+06	1.61177e+06	1.32854e+06	1.10627e+06	929665	787748	
0	919640	1.09434e+06	1.31421e+06	1.59438e+06	1.95639e+06	2.43149e+06	3.06604e+06	3.93069e+06	5.13625e+06	6.86241e+06	9.41202e+06	1.33185e+07	1.95661e+07	2.98399e+07	1.95661e+07	1.33185e+07	9.41202e+06	6.86241e+06	5.13625e+06	3.93069e+06	3.06604e+06	2.43149e+06	1.95639e+06	1.59438e+06	1.31421e+06	1.09434e+06	919640	779252	
0	909718	1.08254e+06	1.30003e+06	1.57718e+06	1.93529e+06	2.40525e+06	3.03296e+06	3.88829e+06	5.08084e+06	6.78837e+06	9.31048e+06	1.31748e+07	1.9355e+07	2.9518e+07	1.9355e+07	1.31748e+07	9.31048e+06	6.78837e+06	5.08084e+06	3.88829e+06	3.03296e+06	2.40525e+06	1.93529e+06	1.57718e+06	1.30003e+06	1.08254e+06	909718	770845	
0	899899	1.07085e+06	1.286e+06	1.56016e+06	1.9144e+06	2.37929e+06	3.00022e+06	3.84632e+06	5.026e+06	6.7151e+06	9.20999e+06	1.30326e+07	1.91461e+07	2.91994e+07	1.91461e+07	1.30326e+07	9.20999e+06	6.7151e+06	5.026e+06	3.84632e+06	3.00022e+06	2.37929e+06	1.9144e+06	1.56016e+06	1.286e+06	1.07085e+06	899899	762525	
0	890183	1.05929e+06	1.27212e+06	1.54332e+06	1.89373e+06	2.3536e+06	2.96783e+06	3.80479e+06	4.97173e+06	6.6426e+06	9.11055e+06	1.28919e+07	1.89394e+07	2.88841e+07	1.89394e+07	1.28919e+07	9.11055e+06	6.6426e+06	4.97173e+06	3.80479e+06	2.96783e+06	2.3536e+06	1.89373e+06	1.54332e+06	1.27212e+06	1.05929e+06	890183	754292	
0	880568	1.04785e+06	1.25838e+06	1.52665e+06	1.87327e+06	2.32818e+06	2.93577e+06	3.76369e+06	4.91803e+06	6.57085e+06	9.01214e+06	1.27526e+07	1.87348e+07	2.85721e+07	1.87348e+07	1.27526e+07	9.01214e+06	6.57085e+06	4.91803e+06	3.76369e+06	2.93577e+06	2.32818e+06	1.87327e+06	1.52665e+06	1.25838e+06	1.04785e+06	880568	746145	
0	871052	1.03653e+06	1.24478e+06	1.51015e+06	1.85303e+06	2.30302e+06	2.90405e+06	3.72302e+06	4.86489e+06	6.49985e+06	8.91476e+06	1.26148e+07	1.85324e+07	2.82634e+07	1.85324e+07	1.26148e+07	8.91476e+06	6.49985e+06	4.86489e+06	3.72302e+06	2.90405e+06	2.30302e+06	1.85303e+06	1.51015e+06	1.24478e+06	1.03653e+06	871052	738082	
0	861636	1.02532e+06	1.23132e+06	1.49382e+06	1.833e+06	2.27813e+06	2.87266e+06	3.68278e+06	4.8123e+06	6.42958e+06	8.81839e+06	1.24785e+07	1.8332e+07	2.79579e+07	1.8332e+07	1.24785e+07	8.81839e+06	6.42958e+06	4.8123e+06	3.68278e+06	2.87266e+06	2.27813e+06	1.833e+06	1.49382e+06	1.23132e+06	1.02532e+06	861636	730103	
0	852318	1.01423e+06	1.21801e+06	1.47767e+06	1.81318e+06	2.25349e+06	2.84159e+06	3.64295e+06	4.76026e+06	6.36005e+06	8.72302e+06	1.23435e+07	1.81338e+07	2.76555e+07	1.81338e+07	1.23435e+07	8.72302e+06	6.36005e+06	4.76026e+06	3.64295e+06	2.84159e+06	2.25349e+06	1.81318e+06	1.47767e+06	1.21801e+06	1.01423e+06	852318	722208	
0	843097	1.00326e+06	1.20483e+06	1.46168e+06	1.79356e+06	2.22911e+06	2.81085e+06	3.60354e+06	4.70876e+06	6.29124e+06	8.62865e+06	1.221e+07	1.79376e+07	2.73563e+07	1.79376e+07	1.221e+07	8.62865e+06	6.29124e+06	4.70876e+06	3.60354e+06	2.81085e+06	2.22911e+06	1.79356e+06	1.46168e+06	1.20483e+06	1.00326e+06	843097	714394	
0	833973	992403	1.19179e+06	1.44586e+06	1.77415e+06	2.20499e+06	2.78043e+06	3.56454e+06	4.6578e+06	6.22315e+06	8.53526e+06	1.20778e+07	1.77435e+07	2.70602e+07	1.77435e+07	1.20778e+07	8.53526e+06	6.22315e+06	4.6578e+06	3.56454e+06	2.78043e+06	2.20499e+06	1.77415e+06	1.44586e+06	1.19179e+06	992403	833973	706663	
0	824943	981658	1.17888e+06	1.43021e+06	1.75494e+06	2.18111e+06	2.75032e+06	3.52594e+06	4.60736e+06	6.15577e+06	8.44285e+06	1.19471e+07	1.75513e+07	2.67673e+07	1.75513e+07	1.19471e+07	8.44285e+06	6.15577e+06	4.60736e+06	3.52594e+06	2.75032e+06	2.18111e+06	1.75494e+06	1.43021e+06	1.17888e+06	981658	824943	699011	
0	816008	971025	1.16612e+06	1.41472e+06	1.73593e+06	2.15749e+06	2.72053e+06	3.48775e+06	4.55746e+06	6.0891e+06	8.3514e+06	1.18177e+07	1.73612e+07	2.64773e+07	1.73612e+07	1.18177e+07	8.3514e+06	6.0891e+06	4.55746e+06	3.48775e+06	2.72053e+06	2.15749e+06	1.73593e+06	1.41472e+06	1.16612e+06	971025	816008	691440	
0	807166	960503	1.15348e+06	1.39939e+06	1.71712e+06	2.13411e+06	2.69105e+06	3.44996e+06	4.50808e+06	6.02312e+06	8.26091e+06	1.16896e+07	1.71731e+07	2.61904e+07	1.71731e+07	1.16896e+07	8.26091e+06	6.02312e+06	4.50808e+06	3.44996e+06	2.69105e+06	2.13411e+06	1.71712e+06	1.39939e+06	1.15348e+06	960503	807166	683948	
0	798416	950092	1.14098e+06	1.38422e+06	1.69851e+06	2.11098e+06	2.66188e+06	3.41256e+06	4.45921e+06	5.95783e+06	8.17136e+06	1.15629e+07	1.6987e+07	2.59065e+07	1.6987e+07	1.15629e+07	8.17136e+06	5.95783e+06	4.45921e+06	3.41256e+06	2.66188e+06	2.11098e+06	1.69851e+06	1.38422e+06	1.14098e+06	950092	798416	676534	
0	789758	939789	1.1286e+06	1.36921e+06	1.68009e+06	2.08808e+06	2.63302e+06	3.37556e+06	4.41085e+06	5.89322e+06	8.08275e+06	1.14375e+07	1.68028e+07	2.56256e+07	1.68028e+07	1.14375e+07	8.08275e+06	5.89322e+06	4.41085e+06	3.37556e+06	2.63302e+06	2.08808e+06	1.68009e+06	1.36921e+06	1.1286e+06	939789	789758	669197	
0	781190	929593	1.11636e+06	1.35435e+06	1.66186e+06	2.06543e+06	2.60445e+06	3.33894e+06	4.363e+06	5.82929e+06	7.99507e+06	1.13134e+07	1.66205e+07	2.53476e+07	1.66205e+07	1.13134e+07	7.99507e+06	5.82929e+06	4.363e+06	3.33894e+06	2.60445e+06	2.06543e+06	1.66186e+06	1.35435e+06	1.11636e+06	929593	781190	661938	
0	772712	919505	1.10424e+06	1.33966e+06	1.64383e+06	2.04302e+06	2.57619e+06	3.3027e+06	4.31565e+06	5.76603e+06	7.9083e+06	1.11906e+07	1.64401e+07	2.50725e+07	1.64401e+07	1.11906e+07	7.9083e+06	5.76603e+06	4.31565e+06	3.3027e+06	2.57619e+06	2.04302e+06	1.64383e+06	1.33966e+06	1.10424e+06	919505	772712	654754	
0	764323	909522	1.09226e+06	1.32511e+06	1.62598e+06	2.02084e+06	2.54822e+06	3.26684e+06	4.2688e+06	5.70342e+06	7.82244e+06	1.10692e+07	1.62616e+07	2.48003e+07	1.62616e+07	1.10692e+07	7.82244e+06	5.70342e+06	4.2688e+06	3.26684e+06	2.54822e+06	2.02084e+06	1.62598e+06	1.32511e+06	1.09226e+06	909522	764323	647645	
0	756022	899643	1.08039e+06	1.31072e+06	1.60832e+06	1.99889e+06	2.52054e+06	3.23136e+06	4.22243e+06	5.64148e+06	7.73748e+06	1.09489e+07	1.6085e+07	2.45309e+07	1.6085e+07	1.09489e+07	7.73748e+06	5.64148e+06	4.22243e+06	3.23136e+06	2.52054e+06	1.99889e+06	1.60832e+06	1.31072e+06	1.08039e+06	899643	756022	640611	
0	747807	889869	1.06865e+06	1.29648e+06	1.59085e+06	1.97717e+06	2.49316e+06	3.19625e+06	4.17656e+06	5.58018e+06	7.65341e+06	1.083e+07	1.59102e+07	2.42644e+07	1.59102e+07	1.083e+07	7.65341e+06	5.58018e+06	4.17656e+06	3.19625e+06	2.49316e+06	1.97717e+06	1.59085e+06	1.29648e+06	1.06865e+06	889869	747807	633651	
0	739679	880196	1.05704e+06	1.28239e+06	1.57356e+06	1.95568e+06	2.46606e+06	3.16151e+06	4.13116e+06	5.51953e+06	7.57022e+06	1.07123e+07	1.57373e+07	2.40007e+07	1.57373e+07	1.07123e+07	7.57022e+06	5.51953e+06	4.13116e+06	3.16151e+06	2.46606e+06	1.95568e+06	1.57356e+06	1.28239e+06	1.05704e+06	880196	739679	626763	
0	731636	870625	1.04554e+06	1.26844e+06	1.55644e+06	1.93441e+06	2.43924e+06	3.12713e+06	4.08624e+06	5.45951e+06	7.4879e+06	1.05958e+07	1.55662e+07	2.37397e+07	1.55662e+07	1.05958e+07	7.4879e+06	5.45951e+06	4.08624e+06	3.12713e+06	2.43924e+06	1.93441e+06	1.55644e+06	1.26844e+06	1.04554e+06	870625	731636	619948	
0	723677	861155	1.03417e+06	1.25464e+06	1.53951e+06	1.91337e+06	2.41271e+06	3.09312e+06	4.04179e+06	5.40012e+06	7.40645e+06	1.04805e+07	1.53968e+07	2.34815e+07	1.53968e+07	1.04805e+07	7.40645e+06	5.40012e+06	4.04179e+06	3.09312e+06	2.41271e+06	1.91337e+06	1.53951e+06	1.25464e+06	1.03417e+06	861155	723677	613204	
0	715802	851783	1.02292e+06	1.24099e+06	1.52276e+06	1.89255e+06	2.38645e+06	3.05946e+06	3.9978e+06	5.34136e+06	7.32585e+06	1.03665e+07	1.52293e+07	2.32259e+07	1.52293e+07	1.03665e+07	7.32585e+06	5.34136e+06	3.9978e+06	3.05946e+06	2.38645e+06	1.89255e+06	1.52276e+06	1.24099e+06	1.02292e+06	851783	715802	606531	
0	708010	842511	1.01178e+06	1.22748e+06	1.50618e+06	1.87194e+06	2.36047e+06	3.02615e+06	3.95428e+06	5.28321e+06	7.2461e+06	1.02536e+07	1.50635e+07	2.29731e+07	1.50635e+07	1.02536e+07	7.2461e+06	5.28321e+06	3.95428e+06	3.02615e+06	2.36047e+06	1.87194e+06	1.50618e+06	1.22748e+06	1.01178e+06	842511	708010	599928	
0	700299	833335	1.00076e+06	1.21411e+06	1.48978e+06	1.85156e+06	2.33476e+06	2.99319e+06	3.91122e+06	5.22567e+06	7.16719e+06	1.01419e+07	1.48994e+07	2.27229e+07	1.48994e+07	1.01419e+07	7.16719e+06	5.22567e+06	3.91122e+06	2.99319e+06	2.33476e+06	1.85156e+06	1.48978e+06	1.21411e+06	1.00076e+06	833335	700299	593395	
0	692669	824256	989859	1.20088e+06	1.47355e+06	1.83139e+06	2.30933e+06	2.96058e+06	3.86861e+06	5.16874e+06	7.0891e+06	1.00314e+07	1.47371e+07	2.24753e+07	1.47371e+07	1.00314e+07	7.0891e+06	5.16874e+06	3.86861e+06	2.96058e+06	2.30933e+06	1.83139e+06	1.47355e+06	1.20088e+06	989859	824256	692669	586930	
0	685120	815273	979071	1.1878e+06	1.45749e+06	1.81143e+06	2.28416e+06	2.92832e+06	3.82644e+06	5.11241e+06	7.01184e+06	9.92211e+06	1.45765e+07	2.22304e+07	1.45765e+07	9.92211e+06	7.01184e+06	5.11241e+06	3.82644e+06	2.92832e+06	2.28416e+06	1.81143e+06	1.45749e+06	1.1878e+06	979071	815273	685120	580533	
0	677650	806384	968396	1.17485e+06	1.4416e+06	1.79168e+06	2.25925e+06	2.89639e+06	3.78472e+06	5.05667e+06	6.93539e+06	9.81393e+06	1.44176e+07	2.1988e+07	1.44176e+07	9.81393e+06	6.93539e+06	5.05667e+06	3.78472e+06	2.89639e+06	2.25925e+06	1.79168e+06	1.4416e+06	1.17485e+06	968396	806384	677650	574204	
0	670259	797588	957834	1.16203e+06	1.42587e+06	1.77213e+06	2.23461e+06	2.8648e+06	3.74344e+06	5.00151e+06	6.85974e+06	9.70689e+06	1.42603e+07	2.17482e+07	1.42603e+07	9.70689e+06	6.85974e+06	5.00151e+06	3.74344e+06	2.8648e+06	2.23461e+06	1.77213e+06	1.42587e+06	1.16203e+06	957834	797588	670259	567941	
0	662945	788886	947382	1.14935e+06	1.41032e+06	1.7528e+06	2.21023e+06	2.83354e+06	3.7026e+06	4.94694e+06	6.78489e+06	9.60097e+06	1.41047e+07	2.15109e+07	1.41047e+07	9.60097e+06	6.78489e+06	4.94694e+06	3.7026e+06	2.83354e+06	2.21023e+06	1.7528e+06	1.41032e+06	1.14935e+06	947382	788886	662945	561744	
0	655709	780274	937041	1.13681e+06	1.39492e+06	1.73366e+06	2.1861e+06	2.80261e+06	3.66218e+06	4.89294e+06	6.71083e+06	9.49617e+06	1.39508e+07	2.12761e+07	1.39508e+07	9.49617e+06	6.71083e+06	4.89294e+06	3.66218e+06	2.80261e+06	2.1861e+06	1.73366e+06	1.39492e+06	1.13681e+06	937041	780274	655709	555612	
0	648549	771754	926809	1.12439e+06	1.37969e+06	1.71473e+06	2.16223e+06	2.77201e+06	3.62219e+06	4.83951e+06	6.63755e+06	9.39248e+06	1.37984e+07	2.10438e+07	1.37984e+07	9.39248e+06	6.63755e+06	4.83951e+06	3.62219e+06	2.77201e+06	2.16223e+06	1.71473e+06	1.37969e+06	1.12439e+06	926809	771754	648549	549545	
0	641464	763324	916685	1.11211e+06	1.36462e+06	1.696e+06	2.13861e+06	2.74173e+06	3.58262e+06	4.78664e+06	6.56504e+06	9.28988e+06	1.36477e+07	2.08139e+07	1.36477e+07	9.28988e+06	6.56504e+06	4.78664e+06	3.58262e+06	2.74173e+06	2.13861e+06	1.696e+06	1.36462e+06	1.11211e+06	916685	763324	641464	543542	
0	634454	754982	906667	1.09996e+06	1.34971e+06	1.67747e+06	2.11524e+06	2.71176e+06	3.54347e+06	4.73434e+06	6.4933e+06	9.18836e+06	1.34985e+07	2.05864e+07	1.34985e+07	9.18836e+06	6.4933e+06	4.73434e+06	3.54347e+06	2.71176e+06	2.11524e+06	1.67747e+06	1.34971e+06	1.09996e+06	906667	754982	634454	537602	
0	627518	746728	896755	1.08793e+06	1.33495e+06	1.65913e+06	2.09212e+06	2.68212e+06	3.50473e+06	4.68258e+06	6.42232e+06	9.08791e+06	1.3351e+07	2.03614e+07	1.3351e+07	9.08791e+06	6.42232e+06	4.68258e+06	3.50473e+06	2.68212e+06	2.09212e+06	1.65913e+06	1.33495e+06	1.08793e+06	896755	746728	627518	531725	
0	620656	738562	886948	1.07603e+06	1.32035e+06	1.64099e+06	2.06924e+06	2.65279e+06	3.46641e+06	4.63137e+06	6.35208e+06	8.98852e+06	1.3205e+07	2.01387e+07	1.3205e+07	8.98852e+06	6.35208e+06	4.63137e+06	3.46641e+06	2.65279e+06	2.06924e+06	1.64099e+06	1.32035e+06	1.07603e+06	886948	738562	620656	525910	
0	613865	730482	877245	1.06426e+06	1.30591e+06	1.62303e+06	2.0466e+06	2.62376e+06	3.42848e+06	4.5807e+06	6.28259e+06	8.89018e+06	1.30605e+07	1.99184e+07	1.30605e+07	8.89018e+06	6.28259e+06	4.5807e+06	3.42848e+06	2.62376e+06	2.0466e+06	1.62303e+06	1.30591e+06	1.06426e+06	877245	730482	613865	520156	
0	607147	722487	867644	1.05261e+06	1.29161e+06	1.60527e+06	2.0242e+06	2.59505e+06	3.39096e+06	4.53057e+06	6.21383e+06	8.79288e+06	1.29176e+07	1.97004e+07	1.29176e+07	8.79288e+06	6.21383e+06	4.53057e+06	3.39096e+06	2.59505e+06	2.0242e+06	1.60527e+06	1.29161e+06	1.05261e+06	867644	722487	607147	514463	
0	600500	714577	858144	1.04109e+06	1.27747e+06	1.58769e+06	2.00204e+06	2.56664e+06	3.35383e+06	4.48096e+06	6.14579e+06	8.69661e+06	1.27761e+07	1.94847e+07	1.27761e+07	8.69661e+06	6.14579e+06	4.48096e+06	3.35383e+06	2.56664e+06	2.00204e+06	1.58769e+06	1.27747e+06	1.04109e+06	858144	714577	600500	508830	
0	593922	706750	848745	1.02969e+06	1.26348e+06	1.5703e+06	1.98011e+06	2.53852e+06	3.3171e+06	4.43188e+06	6.07848e+06	8.60136e+06	1.26362e+07	1.92713e+07	1.26362e+07	8.60136e+06	6.07848e+06	4.43188e+06	3.3171e+06	2.53852e+06	1.98011e+06	1.5703e+06	1.26348e+06	1.02969e+06	848745	706750	593922	503257	
0	587415	699006	839445	1.0184e+06	1.24964e+06	1.5531e+06	1.95841e+06	2.51071e+06	3.28075e+06	4.38333e+06	6.01188e+06	8.50712e+06	1.24977e+07	1.90601e+07	1.24977e+07	8.50712e+06	6.01188e+06	4.38333e+06	3.28075e+06	2.51071e+06	1.95841e+06	1.5531e+06	1.24964e+06	1.0184e+06	839445	699006	587415	497743	
0	580976	691345	830244	1.00724e+06	1.23594e+06	1.53607e+06	1.93695e+06	2.48319e+06	3.24479e+06	4.33528e+06	5.94598e+06	8.41387e+06	1.23607e+07	1.88512e+07	1.23607e+07	8.41387e+06	5.94598e+06	4.33528e+06	3.24479e+06	2.48319e+06	1.93695e+06	1.53607e+06	1.23594e+06	1.00724e+06	830244	691345	580976	492287	
0	574606	683764	821141	996197	1.22239e+06	1.51923e+06	1.91571e+06	2.45596e+06	3.20921e+06	4.28774e+06	5.88078e+06	8.32161e+06	1.22252e+07	1.86445e+07	1.22252e+07	8.32161e+06	5.88078e+06	4.28774e+06	3.20921e+06	2.45596e+06	1.91571e+06	1.51923e+06	1.22239e+06	996197	821141	683764	574606	486889	
0	568303	676264	812133	985270	1.20898e+06	1.50257e+06	1.8947e+06	2.42902e+06	3.17401e+06	4.24071e+06	5.81628e+06	8.23033e+06	1.20911e+07	1.844e+07	1.20911e+07	8.23033e+06	5.81628e+06	4.24071e+06	3.17401e+06	2.42902e+06	1.8947e+06	1.50257e+06	1.20898e+06	985270	812133	676264	568303	481549	
0	562067	668843	803222	974458	1.19571e+06	1.48608e+06	1.8739e+06	2.40237e+06	3.13918e+06	4.19418e+06	5.75245e+06	8.14002e+06	1.19584e+07	1.82376e+07	1.19584e+07	8.14002e+06	5.75245e+06	4.19418e+06	3.13918e+06	2.40237e+06	1.8739e+06	1.48608e+06	1.19571e+06	974458	803222	668843	562067	476264	
0	555897	661501	794404	963761	1.18259e+06	1.46977e+06	1.85333e+06	2.376e+06	3.10472e+06	4.14813e+06	5.68931e+06	8.05066e+06	1.18272e+07	1.80374e+07	1.18272e+07	8.05066e+06	5.68931e+06	4.14813e+06	3.10472e+06	2.376e+06	1.85333e+06	1.46977e+06	1.18259e+06	963761	794404	661501	555897	471036	
0	549792	654237	785681	953178	1.1696e+06	1.45363e+06	1.83298e+06	2.3499e+06	3.07063e+06	4.10258e+06	5.62683e+06	7.96225e+06	1.16973e+07	1.78394e+07	1.16973e+07	7.96225e+06	5.62683e+06	4.10258e+06	3.07063e+06	2.3499e+06	1.83298e+06	1.45363e+06	1.1696e+06	953178	785681	654237	549792	465864	
0	543752	647049	777050	942707	1.15675e+06	1.43766e+06	1.81285e+06	2.32409e+06	3.0369e+06	4.05751e+06	5.56502e+06	7.87479e+06	1.15688e+07	1.76434e+07	1.15688e+07	7.87479e+06	5.56502e+06	4.05751e+06	3.0369e+06	2.32409e+06	1.81285e+06	1.43766e+06	1.15675e+06	942707	777050	647049	543752	460746	
0	537777	639939	768510	932347	1.14404e+06	1.42186e+06	1.79292e+06	2.29855e+06	3.00352e+06	4.01292e+06	5.50386e+06	7.78824e+06	1.14416e+07	1.74495e+07	1.14416e+07	7.78824e+06	5.50386e+06	4.01292e+06	3.00352e+06	2.29855e+06	1.79292e+06	1.42186e+06	1.14404e+06	932347	768510	639939	537777	455683	
0	531865	632903	760061	922097	1.13146e+06	1.40623e+06	1.77321e+06	2.27328e+06	2.9705e+06	3.96881e+06	5.44335e+06	7.70262e+06	1.13159e+07	1.72577e+07	1.13159e+07	7.70262e+06	5.44335e+06	3.96881e+06	2.9705e+06	2.27328e+06	1.77321e+06	1.40623e+06	1.13146e+06	922097	760061	632903	531865	450673	
0	526015	625943	751702	911956	1.11902e+06	1.39076e+06	1.75371e+06	2.24828e+06	2.93783e+06	3.92516e+06	5.38349e+06	7.61791e+06	1.11914e+07	1.70679e+07	1.11914e+07	7.61791e+06	5.38349e+06	3.92516e+06	2.93783e+06	2.24828e+06	1.75371e+06	1.39076e+06	1.11902e+06	911956	751702	625943	526015	445717	
0	520228	619056	743432	901923	1.10671e+06	1.37546e+06	1.73442e+06	2.22354e+06	2.90551e+06	3.88197e+06	5.32426e+06	7.5341e+06	1.10683e+07	1.68801e+07	1.10683e+07	7.5341e+06	5.32426e+06	3.88197e+06	2.90551e+06	2.22354e+06	1.73442e+06	1.37546e+06	1.10671e+06	901923	743432	619056	520228	440813	
0	514503	612243	735250	891996	1.09453e+06	1.36032e+06	1.71533e+06	2.19907e+06	2.87353e+06	3.83925e+06	5.26566e+06	7.45118e+06	1.09465e+07	1.66943e+07	1.09465e+07	7.45118e+06	5.26566e+06	3.83925e+06	2.87353e+06	2.19907e+06	1.71533e+06	1.36032e+06	1.09453e+06	891996	735250	612243	514503	435961	
0	508838	605502	727155	882175	1.08248e+06	1.34534e+06	1.69644e+06	2.17486e+06	2.8419e+06	3.79698e+06	5.20769e+06	7.36915e+06	1.0826e+07	1.65105e+07	1.0826e+07	7.36915e+06	5.20769e+06	3.79698e+06	2.8419e+06	2.17486e+06	1.69644e+06	1.34534e+06	1.08248e+06	882175	727155	605502	508838	431162	
0	503234	598833	719146	872459	1.07055e+06	1.33053e+06	1.67776e+06	2.15091e+06	2.8106e+06	3.75516e+06	5.15033e+06	7.28798e+06	1.07067e+07	1.63287e+07	1.07067e+07	7.28798e+06	5.15033e+06	3.75516e+06	2.8106e+06	2.15091e+06	1.67776e+06	1.33053e+06	1.07055e+06	872459	719146	598833	503234	426413	
0	497689	592236	711223	862847	1.05876e+06	1.31587e+06	1.65927e+06	2.12721e+06	2.77963e+06	3.71379e+06	5.09358e+06	7.20768e+06	1.05887e+07	1.61488e+07	1.05887e+07	7.20768e+06	5.09358e+06	3.71379e+06	2.77963e+06	2.12721e+06	1.65927e+06	1.31587e+06	1.05876e+06	862847	711223	592236	497689	421715	
0	492204	585708	703384	853336	1.04709e+06	1.30136e+06	1.64098e+06	2.10376e+06	2.74899e+06	3.67285e+06	5.03744e+06	7.12824e+06	1.0472e+07	1.59708e+07	1.0472e+07	7.12824e+06	5.03744e+06	3.67285e+06	2.74899e+06	2.10376e+06	1.64098e+06	1.30136e+06	1.04709e+06	853336	703384	585708	492204	417066	
0	486777	579250	695628	843927	1.03554e+06	1.28702e+06	1.62289e+06	2.08056e+06	2.71868e+06	3.63236e+06	4.9819e+06	7.04964e+06	1.03566e+07	1.57947e+07	1.03566e+07	7.04964e+06	4.9819e+06	3.63236e+06	2.71868e+06	2.08056e+06	1.62289e+06	1.28702e+06	1.03554e+06	843927	695628	579250	486777	412468	
0	481407	572861	687955	834619	1.02412e+06	1.27282e+06	1.60499e+06	2.05762e+06	2.68869e+06	3.59229e+06	4.92695e+06	6.97189e+06	1.02423e+07	1.56205e+07	1.02423e+07	6.97189e+06	4.92695e+06	3.59229e+06	2.68869e+06	2.05762e+06	1.60499e+06	1.27282e+06	1.02412e+06	834619	687955	572861	481407	407918	
0	476096	566540	680365	825409	1.01282e+06	1.25878e+06	1.58728e+06	2.03491e+06	2.65903e+06	3.55265e+06	4.87258e+06	6.89496e+06	1.01293e+07	1.54481e+07	1.01293e+07	6.89496e+06	4.87258e+06	3.55265e+06	2.65903e+06	2.03491e+06	1.58728e+06	1.25878e+06	1.01282e+06	825409	680365	566540	476096	403417	
0	470840	560286	672855	816299	1.00164e+06	1.24488e+06	1.56976e+06	2.01245e+06	2.62968e+06	3.51344e+06	4.8188e+06	6.81885e+06	1.00175e+07	1.52776e+07	1.00175e+07	6.81885e+06	4.8188e+06	3.51344e+06	2.62968e+06	2.01245e+06	1.56976e+06	1.24488e+06	1.00164e+06	816299	672855	560286	470840	398964	
0	465641	554099	665425	807285	990582	1.23113e+06	1.55243e+06	1.99023e+06	2.60064e+06	3.47464e+06	4.76559e+06	6.74356e+06	9.9069e+06	1.51089e+07	9.9069e+06	6.74356e+06	4.76559e+06	3.47464e+06	2.60064e+06	1.99023e+06	1.55243e+06	1.23113e+06	990582	807285	665425	554099	465641	394559	
0	460498	547979	658075	798368	979640	1.21754e+06	1.53528e+06	1.96824e+06	2.57191e+06	3.43626e+06	4.71295e+06	6.66907e+06	9.79747e+06	1.4942e+07	9.79747e+06	6.66907e+06	4.71295e+06	3.43626e+06	2.57191e+06	1.96824e+06	1.53528e+06	1.21754e+06	979640	798368	658075	547979	460498	390201	
0	455409	541924	650803	789545	968814	1.20408e+06	1.51831e+06	1.9465e+06	2.54349e+06	3.39829e+06	4.66087e+06	6.59537e+06	9.68921e+06	1.47769e+07	9.68921e+06	6.59537e+06	4.66087e+06	3.39829e+06	2.54349e+06	1.9465e+06	1.51831e+06	1.20408e+06	968814	789545	650803	541924	455409	385889	
0	450375	535933	643609	780818	958105	1.19077e+06	1.50153e+06	1.92498e+06	2.51538e+06	3.36073e+06	4.60935e+06	6.52247e+06	9.5821e+06	1.46135e+07	9.5821e+06	6.52247e+06	4.60935e+06	3.36073e+06	2.51538e+06	1.92498e+06	1.50153e+06	1.19077e+06	958105	780818	643609	535933	450375	381623	
0	445395	530007	636492	772183	947510	1.1776e+06	1.48493e+06	1.90369e+06	2.48756e+06	3.32356e+06	4.55838e+06	6.45034e+06	9.47614e+06	1.44519e+07	9.47614e+06	6.45034e+06	4.55838e+06	3.32356e+06	2.48756e+06	1.90369e+06	1.48493e+06	1.1776e+06	947510	772183	636492	530007	445395	377403	
0	440468	524144	629451	763641	937029	1.16458e+06	1.4685e+06	1.88263e+06	2.46004e+06	3.2868e+06	4.50795e+06	6.37899e+06	9.37132e+06	1.42921e+07	9.37132e+06	6.37899e+06	4.50795e+06	3.2868e+06	2.46004e+06	1.88263e+06	1.4685e+06	1.16458e+06	937029	763641	629451	524144	440468	373228	
0	435594	518344	622485	755191	926660	1.15169e+06	1.45225e+06	1.8618e+06	2.43282e+06	3.25043e+06	4.45807e+06	6.3084e+06	9.26761e+06	1.41339e+07	9.26761e+06	6.3084e+06	4.45807e+06	3.25043e+06	2.43282e+06	1.8618e+06	1.45225e+06	1.15169e+06	926660	755191	622485	518344	435594	369098	
0	430771	512605	615594	746831	916401	1.13894e+06	1.43617e+06	1.84119e+06	2.40589e+06	3.21444e+06	4.40872e+06	6.23856e+06	9.16502e+06	1.39775e+07	9.16502e+06	6.23856e+06	4.40872e+06	3.21444e+06	2.40589e+06	1.84119e+06	1.43617e+06	1.13894e+06	916401	746831	615594	512605	430771	365012	
0	426001	506929	608777	738560	906253	1.12633e+06	1.42027e+06	1.8208e+06	2.37925e+06	3.17885e+06	4.35989e+06	6.16948e+06	9.06353e+06	1.38227e+07	9.06353e+06	6.16948e+06	4.35989e+06	3.17885e+06	2.37925e+06	1.8208e+06	1.42027e+06	1.12633e+06	906253	738560	608777	506929	426001	360970	
0	421282	501313	602033	730379	896214	1.11385e+06	1.40453e+06	1.80063e+06	2.35289e+06	3.14363e+06	4.3116e+06	6.10113e+06	8.96312e+06	1.36695e+07	8.96312e+06	6.10113e+06	4.3116e+06	3.14363e+06	2.35289e+06	1.80063e+06	1.40453e+06	1.11385e+06	896214	730379	602033	501313	421282	356971	
0	416613	495758	595361	722285	886282	1.10151e+06	1.38897e+06	1.78067e+06	2.32681e+06	3.10879e+06	4.26381e+06	6.03352e+06	8.86379e+06	1.35181e+07	8.86379e+06	6.03352e+06	4.26381e+06	3.10879e+06	2.32681e+06	1.78067e+06	1.38897e+06	1.10151e+06	886282	722285	595361	495758	416613	353015	
0	411995	490262	588761	714277	876457	1.0893e+06	1.37357e+06	1.76093e+06	2.30102e+06	3.07433e+06	4.21655e+06	5.96663e+06	8.76553e+06	1.33682e+07	8.76553e+06	5.96663e+06	4.21655e+06	3.07433e+06	2.30102e+06	1.76093e+06	1.37357e+06	1.0893e+06	876457	714277	588761	490262	411995	349102	
0	407426	484825	582232	706356	866737	1.07722e+06	1.35834e+06	1.74141e+06	2.2755e+06	3.04024e+06	4.16979e+06	5.90046e+06	8.66832e+06	1.322e+07	8.66832e+06	5.90046e+06	4.16979e+06	3.04024e+06	2.2755e+06	1.74141e+06	1.35834e+06	1.07722e+06	866737	706356	582232	484825	407426	345230	
0	402906	479446	575773	698520	857121	1.06526e+06	1.34327e+06	1.72209e+06	2.25026e+06	3.00651e+06	4.12353e+06	5.835e+06	8.57215e+06	1.30733e+07	8.57215e+06	5.835e+06	4.12353e+06	3.00651e+06	2.25026e+06	1.72209e+06	1.34327e+06	1.06526e+06	857121	698520	575773	479446	402906	341400	
0	398434	474125	569383	690768	847609	1.05344e+06	1.32836e+06	1.70298e+06	2.22528e+06	2.97314e+06	4.07776e+06	5.77025e+06	8.47702e+06	1.29282e+07	8.47702e+06	5.77025e+06	4.07776e+06	2.97314e+06	2.22528e+06	1.70298e+06	1.32836e+06	1.05344e+06	847609	690768	569383	474125	398434	337611	
0	394011	468862	563062	683099	838199	1.04175e+06	1.31362e+06	1.68407e+06	2.20058e+06	2.94013e+06	4.03249e+06	5.70619e+06	8.38291e+06	1.27847e+07	8.38291e+06	5.70619e+06	4.03249e+06	2.94013e+06	2.20058e+06	1.68407e+06	1.31362e+06	1.04175e+06	838199	683099	563062	468862	394011	333863	
0	389635	463655	556809	675513	828890	1.03018e+06	1.29903e+06	1.66537e+06	2.17614e+06	2.90748e+06	3.98771e+06	5.64282e+06	8.28981e+06	1.26427e+07	8.28981e+06	5.64282e+06	3.98771e+06	2.90748e+06	2.17614e+06	1.66537e+06	1.29903e+06	1.03018e+06	828890	675513	556809	463655	389635	330156	
0	385307	458504	550623	668008	819682	1.01873e+06	1.28459e+06	1.64686e+06	2.15196e+06	2.87518e+06	3.94341e+06	5.58013e+06	8.19772e+06	1.25022e+07	8.19772e+06	5.58013e+06	3.94341e+06	2.87518e+06	2.15196e+06	1.64686e+06	1.28459e+06	1.01873e+06	819682	668008	550623	458504	385307	326488	
0	381025	453408	544503	660584	810572	1.00741e+06	1.27032e+06	1.62856e+06	2.12805e+06	2.84323e+06	3.89958e+06	5.51811e+06	8.10661e+06	1.23633e+07	8.10661e+06	5.51811e+06	3.89958e+06	2.84323e+06	2.12805e+06	1.62856e+06	1.27032e+06	1.00741e+06	810572	660584	544503	453408	381025	322859	
0	376788	448367	538450	653240	801561	996212	1.2562e+06	1.61046e+06	2.10439e+06	2.81162e+06	3.85623e+06	5.45676e+06	8.01649e+06	1.22259e+07	8.01649e+06	5.45676e+06	3.85623e+06	2.81162e+06	2.10439e+06	1.61046e+06	1.2562e+06	996212	801561	653240	538450	448367	376788	319270	
0	372598	443381	532461	645975	792646	985132	1.24223e+06	1.59255e+06	2.08099e+06	2.78035e+06	3.81334e+06	5.39608e+06	7.92733e+06	1.20899e+07	7.92733e+06	5.39608e+06	3.81334e+06	2.78035e+06	2.08099e+06	1.59255e+06	1.24223e+06	985132	792646	645975	532461	443381	372598	315719	
0	368453	438448	526538	638789	783828	974173	1.22841e+06	1.57483e+06	2.05783e+06	2.74942e+06	3.77092e+06	5.33604e+06	7.83914e+06	1.19554e+07	7.83914e+06	5.33604e+06	3.77092e+06	2.74942e+06	2.05783e+06	1.57483e+06	1.22841e+06	974173	783828	638789	526538	438448	368453	312207	
0	364352	433568	520678	631679	775104	963331	1.21473e+06	1.5573e+06	2.03493e+06	2.71882e+06	3.72895e+06	5.27666e+06	7.75189e+06	1.18223e+07	7.75189e+06	5.27666e+06	3.72895e+06	2.71882e+06	2.03493e+06	1.5573e+06	1.21473e+06	963331	775104	631679	520678	433568	364352	308732	
0	360296	428741	514881	624647	766475	952606	1.20121e+06	1.53996e+06	2.01228e+06	2.68855e+06	3.68744e+06	5.21791e+06	7.66559e+06	1.16907e+07	7.66559e+06	5.21791e+06	3.68744e+06	2.68855e+06	2.01228e+06	1.53996e+06	1.20121e+06	952606	766475	624647	514881	428741	360296	305295	
0	356283	423967	509147	617690	757939	941997	1.18783e+06	1.52281e+06	1.98987e+06	2.65861e+06	3.64637e+06	5.1598e+06	7.58022e+06	1.15605e+07	7.58022e+06	5.1598e+06	3.64637e+06	2.65861e+06	1.98987e+06	1.52281e+06	1.18783e+06	941997	757939	617690	509147	423967	356283	301895	
0	352314	419243	503474	610809	749495	931502	1.1746e+06	1.50585e+06	1.9677e+06	2.62899e+06	3.60575e+06	5.10232e+06	7.49577e+06	1.14317e+07	7.49577e+06	5.10232e+06	3.60575e+06	2.62899e+06	1.9677e+06	1.50585e+06	1.1746e+06	931502	749495	610809	503474	419243	352314	298531	
0	348387	414571	497863	604001	741142	921121	1.16151e+06	1.48907e+06	1.94577e+06	2.59969e+06	3.56556e+06	5.04545e+06	7.41223e+06	1.13043e+07	7.41223e+06	5.04545e+06	3.56556e+06	2.59969e+06	1.94577e+06	1.48907e+06	1.16151e+06	921121	741142	604001	497863	414571	348387	295204	
0	344503	409949	492313	597267	732879	910851	1.14856e+06	1.47246e+06	1.92408e+06	2.5707e+06	3.52581e+06	4.9892e+06	7.32959e+06	1.11783e+07	7.32959e+06	4.9892e+06	3.52581e+06	2.5707e+06	1.92408e+06	1.47246e+06	1.14856e+06	910851	732879	597267	492313	409949	344503	291913	
0	340661	405377	486822	590606	724705	900693	1.13575e+06	1.45604e+06	1.90262e+06	2.54203e+06	3.48649e+06	4.93356e+06	7.24785e+06	1.10536e+07	7.24785e+06	4.93356e+06	3.48649e+06	2.54203e+06	1.90262e+06	1.45604e+06	1.13575e+06	900693	724705	590606	486822	405377	340661	288658	
0	336861	400854	481391	584017	716620	890644	1.12308e+06	1.4398e+06	1.88139e+06	2.51367e+06	3.44759e+06	4.87852e+06	7.16699e+06	1.09303e+07	7.16699e+06	4.87852e+06	3.44759e+06	2.51367e+06	1.88139e+06	1.4398e+06	1.12308e+06	890644	716620	584017	481391	400854	336861	285437	
0	333101	396381	476018	577499	708622	880704	1.11054e+06	1.42373e+06	1.86039e+06	2.48562e+06	3.40911e+06	4.82407e+06	7.087e+06	1.08083e+07	7.087e+06	4.82407e+06	3.40911e+06	2.48562e+06	1.86039e+06	1.42373e+06	1.11054e+06	880704	708622	577499	476018	396381	333101	282252	
0	329382	391955	470704	571052	700711	870872	1.09815e+06	1.40784e+06	1.83962e+06	2.45787e+06	3.37105e+06	4.77021e+06	7.00788e+06	1.06876e+07	7.00788e+06	4.77021e+06	3.37105e+06	2.45787e+06	1.83962e+06	1.40784e+06	1.09815e+06	870872	700711	571052	470704	391955	329382	279101	
0	325704	387578	465447	564674	692886	861146	1.08588e+06	1.39211e+06	1.81908e+06	2.43042e+06	3.3334e+06	4.71694e+06	6.92962e+06	1.05683e+07	6.92962e+06	4.71694e+06	3.3334e+06	2.43042e+06	1.81908e+06	1.39211e+06	1.08588e+06	861146	692886	564674	465447	387578	325704	275984	
0	322065	383248	460247	558366	685145	851525	1.07375e+06	1.37656e+06	1.79876e+06	2.40327e+06	3.29616e+06	4.66424e+06	6.8522e+06	1.04502e+07	6.8522e+06	4.66424e+06	3.29616e+06	2.40327e+06	1.79876e+06	1.37656e+06	1.07375e+06	851525	685145	558366	460247	383248	322065	272900	
0	318466	378965	455103	552126	677488	842009	1.06175e+06	1.36118e+06	1.77865e+06	2.37641e+06	3.25933e+06	4.61212e+06	6.77562e+06	1.03334e+07	6.77562e+06	4.61212e+06	3.25933e+06	2.37641e+06	1.77865e+06	1.36118e+06	1.06175e+06	842009	677488	552126	455103	378965	318466	269850	
0	314905	374728	450016	545953	669914	832595	1.04988e+06	1.34596e+06	1.75877e+06	2.34984e+06	3.22289e+06	4.56055e+06	6.69987e+06	1.02179e+07	6.69987e+06	4.56055e+06	3.22289e+06	2.34984e+06	1.75877e+06	1.34596e+06	1.04988e+06	832595	669914	545953	450016	374728	314905	266834	
0	311384	370537	444983	539847	662422	823284	1.03814e+06	1.33091e+06	1.7391e+06	2.32356e+06	3.18685e+06	4.50955e+06	6.62494e+06	1.01036e+07	6.62494e+06	4.50955e+06	3.18685e+06	2.32356e+06	1.7391e+06	1.33091e+06	1.03814e+06	823284	662422	539847	444983	370537	311384	263849	
0	307900	366392	440005	533808	655011	814074	1.02652e+06	1.31602e+06	1.71964e+06	2.29757e+06	3.15119e+06	4.4591e+06	6.55083e+06	9.9906e+06	6.55083e+06	4.4591e+06	3.15119e+06	2.29757e+06	1.71964e+06	1.31602e+06	1.02652e+06	814074	655011	533808	440005	366392	307900	260898	
0	304454	362292	435080	527834	647680	804963	1.01504e+06	1.30129e+06	1.7004e+06	2.27186e+06	3.11593e+06	4.4092e+06	6.47752e+06	9.8788e+06	6.47752e+06	4.4092e+06	3.11593e+06	2.27186e+06	1.7004e+06	1.30129e+06	1.01504e+06	804963	647680	527834	435080	362292	304454	257978	
0	301046	358236	430210	521925	640430	795952	1.00367e+06	1.28672e+06	1.68136e+06	2.24642e+06	3.08104e+06	4.35984e+06	6.405e+06	9.7682e+06	6.405e+06	4.35984e+06	3.08104e+06	2.24642e+06	1.68136e+06	1.28672e+06	1.00367e+06	795952	640430	521925	430210	358236	301046	255090	
0	297674	354224	425392	516080	633258	787038	992433	1.27231e+06	1.66253e+06	2.22126e+06	3.04654e+06	4.31101e+06	6.33327e+06	9.65881e+06	6.33327e+06	4.31101e+06	3.04654e+06	2.22126e+06	1.66253e+06	1.27231e+06	992433	787038	633258	516080	425392	354224	297674	252233	
0	294340	350256	420626	510298	626163	778221	981315	1.25806e+06	1.64391e+06	2.19638e+06	3.01241e+06	4.26272e+06	6.26232e+06	9.55061e+06	6.26232e+06	4.26272e+06	3.01241e+06	2.19638e+06	1.64391e+06	1.25806e+06	981315	778221	626163	510298	420626	350256	294340	249407	
0	291041	346330	415913	504580	619146	769500	970318	1.24396e+06	1.62549e+06	2.17177e+06	2.97865e+06	4.21495e+06	6.19214e+06	9.44358e+06	6.19214e+06	4.21495e+06	2.97865e+06	2.17177e+06	1.62549e+06	1.24396e+06	970318	769500	619146	504580	415913	346330	291041	246612	
0	287779	342448	411250	498923	612205	760873	959441	1.23001e+06	1.60726e+06	2.14742e+06	2.94526e+06	4.16769e+06	6.12273e+06	9.33771e+06	6.12273e+06	4.16769e+06	2.94526e+06	2.14742e+06	1.60726e+06	1.23001e+06	959441	760873	612205	498923	411250	342448	287779	243848	
0	284551	338608	406638	493328	605340	752341	948681	1.21622e+06	1.58924e+06	2.12334e+06	2.91223e+06	4.12096e+06	6.05406e+06	9.233e+06	6.05406e+06	4.12096e+06	2.91223e+06	2.12334e+06	1.58924e+06	1.21622e+06	948681	752341	605340	493328	406638	338608	284551	241113	
0	281359	334809	402076	487794	598549	743901	938039	1.20258e+06	1.57141e+06	2.09952e+06	2.87956e+06	4.07473e+06	5.98615e+06	9.12942e+06	5.98615e+06	4.07473e+06	2.87956e+06	2.09952e+06	1.57141e+06	1.20258e+06	938039	743901	598549	487794	402076	334809	281359	238408	
0	278202	331052	397564	482320	591832	735553	927512	1.18908e+06	1.55378e+06	2.07596e+06	2.84725e+06	4.029e+06	5.91897e+06	9.02697e+06	5.91897e+06	4.029e+06	2.84725e+06	2.07596e+06	1.55378e+06	1.18908e+06	927512	735553	591832	482320	397564	331052	278202	235733	
0	275079	327336	393102	476906	585189	727296	917101	1.17573e+06	1.53633e+06	2.05266e+06	2.81529e+06	3.98377e+06	5.85253e+06	8.92564e+06	5.85253e+06	3.98377e+06	2.81529e+06	2.05266e+06	1.53633e+06	1.17573e+06	917101	727296	585189	476906	393102	327336	275079	233087	
0	271990	323660	388687	471550	578617	719129	906802	1.16253e+06	1.51908e+06	2.02961e+06	2.78367e+06	3.93904e+06	5.78681e+06	8.82541e+06	5.78681e+06	3.93904e+06	2.78367e+06	2.02961e+06	1.51908e+06	1.16253e+06	906802	719129	578617	471550	388687	323660	271990	230469	
0	268935	320024	384321	466253	572118	711051	896616	1.14947e+06	1.50202e+06	2.00681e+06	2.7524e+06	3.89479e+06	5.72181e+06	8.72628e+06	5.72181e+06	3.89479e+06	2.7524e+06	2.00681e+06	1.50202e+06	1.14947e+06	896616	711051	572118	466253	384321	320024	268935	227880	
0	265913	316428	380002	461014	565689	703061	886541	1.13655e+06	1.48514e+06	1.98426e+06	2.72147e+06	3.85103e+06	5.65751e+06	8.62822e+06	5.65751e+06	3.85103e+06	2.72147e+06	1.98426e+06	1.48514e+06	1.13655e+06	886541	703061	565689	461014	380002	316428	265913	225320	
0	262924	312871	375731	455832	559330	695158	876575	1.12378e+06	1.46845e+06	1.96195e+06	2.69088e+06	3.80774e+06	5.59392e+06	8.53123e+06	5.59392e+06	3.80774e+06	2.69088e+06	1.96195e+06	1.46845e+06	1.12378e+06	876575	695158	559330	455832	375731	312871	262924	222787	
0	259967	309353	371506	450706	553041	687341	866718	1.11114e+06	1.45193e+06	1.93989e+06	2.66062e+06	3.76492e+06	5.53101e+06	8.4353e+06	5.53101e+06	3.76492e+06	2.66062e+06	1.93989e+06	1.45193e+06	1.11114e+06	866718	687341	553041	450706	371506	309353	259967	220282	
0	257043	305873	367327	445637	546820	679610	856969	1.09864e+06	1.4356e+06	1.91807e+06	2.6307e+06	3.72257e+06	5.4688e+06	8.34042e+06	5.4688e+06	3.72257e+06	2.6307e+06	1.91807e+06	1.4356e+06	1.09864e+06	856969	679610	546820	445637	367327	305873	257043	217804	
0	254151	302432	363194	440622	540667	671963	847327	1.08628e+06	1.41945e+06	1.89649e+06	2.6011e+06	3.68069e+06	5.40726e+06	8.24657e+06	5.40726e+06	3.68069e+06	2.6011e+06	1.89649e+06	1.41945e+06	1.08628e+06	847327	671963	540667	440622	363194	302432	254151	215353	
0	251290	299028	359106	435663	534581	664399	837789	1.07406e+06	1.40347e+06	1.87514e+06	2.57182e+06	3.63926e+06	5.3464e+06	8.15375e+06	5.3464e+06	3.63926e+06	2.57182e+06	1.87514e+06	1.40347e+06	1.07406e+06	837789	664399	534581	435663	359106	299028	251290	212929	
0	248460	295661	355063	430757	528562	656918	828356	1.06196e+06	1.38767e+06	1.85403e+06	2.54286e+06	3.59828e+06	5.2862e+06	8.06194e+06	5.2862e+06	3.59828e+06	2.54286e+06	1.85403e+06	1.38767e+06	1.06196e+06	828356	656918	528562	430757	355063	295661	248460	210532	
0	245662	292331	351063	425906	522609	649519	819026	1.05e+06	1.37204e+06	1.83314e+06	2.51422e+06	3.55775e+06	5.22666e+06	7.97114e+06	5.22666e+06	3.55775e+06	2.51422e+06	1.83314e+06	1.37204e+06	1.05e+06	819026	649519	522609	425906	351063	292331	245662	208160	
0	242894	289037	347108	421107	516720	642201	809798	1.03817e+06	1.35658e+06	1.81249e+06	2.48589e+06	3.51766e+06	5.16777e+06	7.88133e+06	5.16777e+06	3.51766e+06	2.48589e+06	1.81249e+06	1.35658e+06	1.03817e+06	809798	642201	516720	421107	347108	289037	242894	205815	
0	240156	285779	343196	416361	510897	634963	800671	1.02647e+06	1.34129e+06	1.79206e+06	2.45787e+06	3.47802e+06	5.10953e+06	7.7925e+06	5.10953e+06	3.47802e+06	2.45787e+06	1.79206e+06	1.34129e+06	1.02647e+06	800671	634963	510897	416361	343196	285779	240156	203495	
0	237449	282557	339326	411666	505136	627804	791643	1.0149e+06	1.32617e+06	1.77186e+06	2.43016e+06	3.4388e+06	5.05192e+06	7.70464e+06	5.05192e+06	3.4388e+06	2.43016e+06	1.77186e+06	1.32617e+06	1.0149e+06	791643	627804	505136	411666	339326	282557	237449	201201	
0	234771	279370	335499	407023	499439	620723	782715	1.00345e+06	1.31121e+06	1.75187e+06	2.40275e+06	3.40002e+06	4.99494e+06	7.61774e+06	4.99494e+06	3.40002e+06	2.40275e+06	1.75187e+06	1.31121e+06	1.00345e+06	782715	620723	499439	407023	335499	279370	234771	198932	
0	232122	276218	331714	402431	493805	613720	773884	992128	1.29642e+06	1.73211e+06	2.37564e+06	3.36166e+06	4.93859e+06	7.5318e+06	4.93859e+06	3.36166e+06	2.37564e+06	1.73211e+06	1.29642e+06	992128	773884	613720	493805	402431	331714	276218	232122	196687	
0	229502	273101	327970	397889	488231	606794	765150	980931	1.28179e+06	1.71256e+06	2.34883e+06	3.32372e+06	4.88285e+06	7.4468e+06	4.88285e+06	3.32372e+06	2.34883e+06	1.71256e+06	1.28179e+06	980931	765150	606794	488231	397889	327970	273101	229502	194468	
0	226911	270018	324268	393397	482720	599943	756512	969857	1.26732e+06	1.69323e+06	2.32232e+06	3.2862e+06	4.82773e+06	7.36273e+06	4.82773e+06	3.2862e+06	2.32232e+06	1.69323e+06	1.26732e+06	969857	756512	599943	482720	393397	324268	270018	226911	192272	
0	224349	266968	320606	388955	477268	593168	747968	958904	1.253e+06	1.6741e+06	2.29609e+06	3.24909e+06	4.7732e+06	7.27958e+06	4.7732e+06	3.24909e+06	2.29609e+06	1.6741e+06	1.253e+06	958904	747968	593168	477268	388955	320606	266968	224349	190101	
0	221814	263952	316984	384561	471876	586467	739519	948071	1.23885e+06	1.65519e+06	2.27015e+06	3.21238e+06	4.71928e+06	7.19734e+06	4.71928e+06	3.21238e+06	2.27015e+06	1.65519e+06	1.23885e+06	948071	739519	586467	471876	384561	316984	263952	221814	187953	
0	219308	260970	313402	380215	466544	579839	731162	937357	1.22485e+06	1.63649e+06	2.2445e+06	3.17608e+06	4.66595e+06	7.11601e+06	4.66595e+06	3.17608e+06	2.2445e+06	1.63649e+06	1.22485e+06	937357	731162	579839	466544	380215	313402	260970	219308	185829	
0	216828	258019	309859	375917	461270	573284	722896	926761	1.211e+06	1.61799e+06	2.21912e+06	3.14017e+06	4.6132e+06	7.03556e+06	4.6132e+06	3.14017e+06	2.21912e+06	1.61799e+06	1.211e+06	926761	722896	573284	461270	375917	309859	258019	216828	183729	
0	214376	255102	306355	371666	456054	566802	714721	916281	1.19731e+06	1.59969e+06	2.19403e+06	3.10466e+06	4.56104e+06	6.956e+06	4.56104e+06	3.10466e+06	2.19403e+06	1.59969e+06	1.19731e+06	916281	714721	566802	456054	371666	306355	255102	214376	181651	
0	211951	252216	302889	367461	450895	560390	706637	905916	1.18376e+06	1.58159e+06	2.16921e+06	3.06954e+06	4.50944e+06	6.87732e+06	4.50944e+06	3.06954e+06	2.16921e+06	1.58159e+06	1.18376e+06	905916	706637	560390	450895	367461	302889	252216	211951	179596	
0	209553	249362	299462	363303	445793	554049	698641	895665	1.17037e+06	1.5637e+06	2.14466e+06	3.03481e+06	4.45842e+06	6.7995e+06	4.45842e+06	3.03481e+06	2.14466e+06	1.5637e+06	1.17037e+06	895665	698641	554049	445793	363303	299462	249362	209553	177564	
0	207181	246539	296072	359191	440747	547777	690732	885527	1.15712e+06	1.546e+06	2.12039e+06	3.00046e+06	4.40795e+06	6.72253e+06	4.40795e+06	3.00046e+06	2.12039e+06	1.546e+06	1.15712e+06	885527	690732	547777	440747	359191	296072	246539	207181	175554	
0	204835	243748	292720	355124	435756	541575	682911	875500	1.14402e+06	1.52849e+06	2.09638e+06	2.96648e+06	4.35804e+06	6.64641e+06	4.35804e+06	2.96648e+06	2.09638e+06	1.52849e+06	1.14402e+06	875500	682911	541575	435756	355124	292720	243748	204835	173566	
0	202515	240987	289404	351102	430820	535441	675176	865583	1.13106e+06	1.51118e+06	2.07263e+06	2.93288e+06	4.30868e+06	6.57113e+06	4.30868e+06	2.93288e+06	2.07263e+06	1.51118e+06	1.13106e+06	865583	675176	535441	430820	351102	289404	240987	202515	171600	
0	200221	238257	286125	347123	425939	529374	667526	855776	1.11825e+06	1.49406e+06	2.04915e+06	2.89965e+06	4.25986e+06	6.49668e+06	4.25986e+06	2.89965e+06	2.04915e+06	1.49406e+06	1.11825e+06	855776	667526	529374	425939	347123	286125	238257	200221	169656	
0	197951	235556	282882	343189	421111	523374	659960	846077	1.10557e+06	1.47712e+06	2.02593e+06	2.86679e+06	4.21158e+06	6.42305e+06	4.21158e+06	2.86679e+06	2.02593e+06	1.47712e+06	1.10557e+06	846077	659960	523374	421111	343189	282882	235556	197951	167733	
0	195707	232885	279675	339298	416337	517440	652478	836484	1.09304e+06	1.46038e+06	2.00296e+06	2.83429e+06	4.16383e+06	6.35022e+06	4.16383e+06	2.83429e+06	2.00296e+06	1.46038e+06	1.09304e+06	836484	652478	517440	416337	339298	279675	232885	195707	165831	
0	193487	230244	276503	335450	411615	511572	645078	826997	1.08064e+06	1.44381e+06	1.98024e+06	2.80214e+06	4.1166e+06	6.2782e+06	4.1166e+06	2.80214e+06	1.98024e+06	1.44381e+06	1.08064e+06	826997	645078	511572	411615	335450	276503	230244	193487	163951	
0	191292	227632	273366	331644	406945	505768	637760	817615	1.06838e+06	1.42743e+06	1.95777e+06	2.77035e+06	4.0699e+06	6.20698e+06	4.0699e+06	2.77035e+06	1.95777e+06	1.42743e+06	1.06838e+06	817615	637760	505768	406945	331644	273366	227632	191292	162091	
0	189121	225049	270264	327881	402327	500028	630522	808336	1.05626e+06	1.41123e+06	1.93556e+06	2.73891e+06	4.02371e+06	6.13654e+06	4.02371e+06	2.73891e+06	1.93556e+06	1.41123e+06	1.05626e+06	808336	630522	500028	402327	327881	270264	225049	189121	160251	
0	186974	222494	267196	324158	397760	494352	623364	799159	1.04426e+06	1.39521e+06	1.91358e+06	2.70782e+06	3.97803e+06	6.06687e+06	3.97803e+06	2.70782e+06	1.91358e+06	1.39521e+06	1.04426e+06	799159	623364	494352	397760	324158	267196	222494	186974	158432	
0	184851	219967	264161	320477	393243	488738	616285	790084	1.03241e+06	1.37937e+06	1.89185e+06	2.67707e+06	3.93286e+06	5.99798e+06	3.93286e+06	2.67707e+06	1.89185e+06	1.37937e+06	1.03241e+06	790084	616285	488738	393243	320477	264161	219967	184851	156633	
0	182751	217468	261161	316837	388775	483186	609284	781109	1.02068e+06	1.3637e+06	1.87036e+06	2.64666e+06	3.88818e+06	5.92984e+06	3.88818e+06	2.64666e+06	1.87036e+06	1.3637e+06	1.02068e+06	781109	609284	483186	388775	316837	261161	217468	182751	154853	
0	180674	214997	258193	313236	384358	477695	602361	772233	1.00908e+06	1.3482e+06	1.84911e+06	2.61658e+06	3.844e+06	5.86246e+06	3.844e+06	2.61658e+06	1.84911e+06	1.3482e+06	1.00908e+06	772233	602361	477695	384358	313236	258193	214997	180674	153094	
0	178621	212553	255258	309676	379989	472265	595514	763455	997609	1.33288e+06	1.82809e+06	2.58684e+06	3.8003e+06	5.79582e+06	3.8003e+06	2.58684e+06	1.82809e+06	1.33288e+06	997609	763455	595514	472265	379989	309676	255258	212553	178621	151353	
0	176590	210137	252356	306155	375668	466895	588742	754774	986266	1.31772e+06	1.8073e+06	2.55743e+06	3.75709e+06	5.72992e+06	3.75709e+06	2.55743e+06	1.8073e+06	1.31772e+06	986266	754774	588742	466895	375668	306155	252356	210137	176590	149632	
0	174581	207746	249485	302672	371395	461585	582046	746189	975048	1.30274e+06	1.78675e+06	2.52834e+06	3.71436e+06	5.66475e+06	3.71436e+06	2.52834e+06	1.78675e+06	1.30274e+06	975048	746189	582046	461585	371395	302672	249485	207746	174581	147930	
0	172595	205383	246647	299229	367169	456333	575423	737699	963954	1.28791e+06	1.76642e+06	2.49957e+06	3.6721e+06	5.60029e+06	3.6721e+06	2.49957e+06	1.76642e+06	1.28791e+06	963954	737699	575423	456333	367169	299229	246647	205383	172595	146247	
0	170630	203045	243839	295823	362990	451139	568874	729303	952983	1.27325e+06	1.74631e+06	2.47112e+06	3.6303e+06	5.53655e+06	3.6303e+06	2.47112e+06	1.74631e+06	1.27325e+06	952983	729303	568874	451139	362990	295823	243839	203045	170630	144583	
0	168688	200733	241063	292455	358858	446003	562397	720999	942133	1.25876e+06	1.72643e+06	2.44299e+06	3.58897e+06	5.47352e+06	3.58897e+06	2.44299e+06	1.72643e+06	1.25876e+06	942133	720999	562397	446003	358858	292455	241063	200733	168688	142937	
0	166767	198447	238318	289124	354771	440923	555992	712788	931403	1.24442e+06	1.70677e+06	2.41516e+06	3.5481e+06	5.41118e+06	3.5481e+06	2.41516e+06	1.70677e+06	1.24442e+06	931403	712788	555992	440923	354771	289124	238318	198447	166767	141309	
0	164867	196187	235603	285830	350729	435900	549658	704668	920792	1.23025e+06	1.68732e+06	2.38765e+06	3.50768e+06	5.34954e+06	3.50768e+06	2.38765e+06	1.68732e+06	1.23025e+06	920792	704668	549658	435900	350729	285830	235603	196187	164867	139699	
0	162988	193951	232918	282573	346732	430933	543394	696637	910299	1.21623e+06	1.66809e+06	2.36044e+06	3.4677e+06	5.28857e+06	3.4677e+06	2.36044e+06	1.66809e+06	1.21623e+06	910299	696637	543394	430933	346732	282573	232918	193951	162988	138107	
0	161130	191740	230263	279352	342780	426020	537200	688696	899922	1.20236e+06	1.64908e+06	2.33353e+06	3.42817e+06	5.22829e+06	3.42817e+06	2.33353e+06	1.64908e+06	1.20236e+06	899922	688696	537200	426020	342780	279352	230263	191740	161130	136533	
0	159292	189553	227637	276166	338871	421162	531074	680843	889660	1.18865e+06	1.63027e+06	2.30692e+06	3.38908e+06	5.16867e+06	3.38908e+06	2.30692e+06	1.63027e+06	1.18865e+06	889660	680843	531074	421162	338871	276166	227637	189553	159292	134976	
0	157475	187391	225040	273016	335005	416358	525016	673076	879512	1.17509e+06	1.61168e+06	2.28061e+06	3.35042e+06	5.10971e+06	3.35042e+06	2.28061e+06	1.61168e+06	1.17509e+06	879512	673076	525016	416358	335005	273016	225040	187391	157475	133436	
0	155679	185253	222473	269901	331183	411607	519025	665396	869476	1.16168e+06	1.59329e+06	2.25458e+06	3.31219e+06	5.05141e+06	3.31219e+06	2.25458e+06	1.59329e+06	1.16168e+06	869476	665396	519025	411607	331183	269901	222473	185253	155679	131914	
0	153902	183138	219933	266820	327403	406909	513101	657802	859552	1.14842e+06	1.5751e+06	2.22885e+06	3.27439e+06	4.99375e+06	3.27439e+06	2.22885e+06	1.5751e+06	1.14842e+06	859552	657802	513101	406909	327403	266820	219933	183138	153902	130408	
0	152145	181047	217422	263774	323664	402263	507243	650291	849738	1.13531e+06	1.55712e+06	2.2034e+06	3.237e+06	4.93673e+06	3.237e+06	2.2034e+06	1.55712e+06	1.13531e+06	849738	650291	507243	402263	323664	263774	217422	181047	152145	128919	
0	150407	178980	214939	260761	319968	397669	501450	642864	840033	1.12234e+06	1.53933e+06	2.17824e+06	3.20003e+06	4.88035e+06	3.20003e+06	2.17824e+06	1.53933e+06	1.12234e+06	840033	642864	501450	397669	319968	260761	214939	178980	150407	127447	
0	148688	176935	212483	257782	316312	393126	495721	635519	830436	1.10952e+06	1.52175e+06	2.15335e+06	3.16347e+06	4.82459e+06	3.16347e+06	2.15335e+06	1.52175e+06	1.10952e+06	830436	635519	495721	393126	316312	257782	212483	176935	148688	125990	
0	146989	174913	210055	254836	312697	388633	490055	628256	820945	1.09684e+06	1.50436e+06	2.12874e+06	3.12732e+06	4.76946e+06	3.12732e+06	2.12874e+06	1.50436e+06	1.09684e+06	820945	628256	490055	388633	312697	254836	210055	174913	146989	124551	
0	145309	172913	207654	251923	309123	384190	484453	621074	811560	1.0843e+06	1.48716e+06	2.10441e+06	3.09157e+06	4.71493e+06	3.09157e+06	2.10441e+06	1.48716e+06	1.0843e+06	811560	621074	484453	384190	309123	251923	207654	172913	145309	123127	
0	143647	170936	205279	249042	305588	379797	478913	613972	802280	1.0719e+06	1.47015e+06	2.08034e+06	3.05621e+06	4.66101e+06	3.05621e+06	2.08034e+06	1.47015e+06	1.0719e+06	802280	613972	478913	379797	305588	249042	205279	170936	143647	121719	
0	142004	168981	202931	246193	302092	375452	473435	606949	793102	1.05964e+06	1.45334e+06	2.05654e+06	3.02125e+06	4.6077e+06	3.02125e+06	2.05654e+06	1.45334e+06	1.05964e+06	793102	606949	473435	375452	302092	246193	202931	168981	142004	120326	
0	140379	167047	200609	243376	298635	371156	468018	600004	784027	1.04752e+06	1.43671e+06	2.03301e+06	2.98668e+06	4.55497e+06	2.98668e+06	2.03301e+06	1.43671e+06	1.04752e+06	784027	600004	468018	371156	298635	243376	200609	167047	140379	118950	
0	138772	165135	198313	240590	295217	366908	462660	593136	775053	1.03553e+06	1.42026e+06	2.00974e+06	2.95249e+06	4.50284e+06	2.95249e+06	2.00974e+06	1.42026e+06	1.03553e+06	775053	593136	462660	366908	295217	240590	198313	165135	138772	117588	
0	137183	163244	196042	237836	291837	362707	457363	586345	766179	1.02367e+06	1.404e+06	1.98673e+06	2.91869e+06	4.45128e+06	2.91869e+06	1.98673e+06	1.404e+06	1.02367e+06	766179	586345	457363	362707	291837	237836	196042	163244	137183	116242	
0	135612	161375	193797	235112	288494	358552	452125	579629	757404	1.01195e+06	1.38792e+06	1.96398e+06	2.88526e+06	4.4003e+06	2.88526e+06	1.96398e+06	1.38792e+06	1.01195e+06	757404	579629	452125	358552	288494	235112	193797	161375	135612	114910	
0	134058	159526	191576	232418	285189	354445	446945	572988	748726	1.00035e+06	1.37202e+06	1.94148e+06	2.85221e+06	4.34989e+06	2.85221e+06	1.94148e+06	1.37202e+06	1.00035e+06	748726	572988	446945	354445	285189	232418	191576	159526	134058	113594	
0	132522	157697	189381	229754	281921	350383	441823	566422	740145	988888	1.35629e+06	1.91923e+06	2.81952e+06	4.30004e+06	2.81952e+06	1.91923e+06	1.35629e+06	988888	740145	566422	441823	350383	281921	229754	189381	157697	132522	112292	
0	131003	155890	187210	227120	278689	346366	436758	559928	731661	977552	1.34075e+06	1.89722e+06	2.7872e+06	4.25074e+06	2.7872e+06	1.89722e+06	1.34075e+06	977552	731661	559928	436758	346366	278689	227120	187210	155890	131003	111005	
0	129501	154102	185063	224516	275493	342394	431749	553507	723270	966342	1.32537e+06	1.87547e+06	2.75523e+06	4.202e+06	2.75523e+06	1.87547e+06	1.32537e+06	966342	723270	553507	431749	342394	275493	224516	185063	154102	129501	109732	
0	128015	152334	182940	221941	272333	338466	426797	547158	714974	955257	1.31017e+06	1.85395e+06	2.72363e+06	4.15379e+06	2.72363e+06	1.85395e+06	1.31017e+06	955257	714974	547158	426797	338466	272333	221941	182940	152334	128015	108473	
0	126546	150586	180841	219394	269208	334583	421899	540880	706770	944296	1.29513e+06	1.83268e+06	2.69238e+06	4.10613e+06	2.69238e+06	1.83268e+06	1.29513e+06	944296	706770	540880	421899	334583	269208	219394	180841	150586	126546	107228	
0	125094	148858	178765	216876	266118	330742	417057	534672	698657	933457	1.28027e+06	1.81165e+06	2.66147e+06	4.059e+06	2.66147e+06	1.81165e+06	1.28027e+06	933457	698657	534672	417057	330742	266118	216876	178765	148858	125094	105998	
0	123657	147149	176713	214386	263063	326945	412268	528533	690636	922740	1.26557e+06	1.79084e+06	2.63092e+06	4.0124e+06	2.63092e+06	1.79084e+06	1.26557e+06	922740	690636	528533	412268	326945	263063	214386	176713	147149	123657	104781	
0	122237	145459	174683	211923	260041	323190	407534	522462	682704	912142	1.25103e+06	1.77028e+06	2.6007e+06	3.96632e+06	2.6007e+06	1.77028e+06	1.25103e+06	912142	682704	522462	407534	323190	260041	211923	174683	145459	122237	103577	
0	120833	143788	172676	209489	257054	319477	402852	516460	674861	901663	1.23666e+06	1.74994e+06	2.57082e+06	3.92075e+06	2.57082e+06	1.74994e+06	1.23666e+06	901663	674861	516460	402852	319477	257054	209489	172676	143788	120833	102387	
0	119444	142135	170692	207081	254100	315805	398222	510525	667105	891301	1.22245e+06	1.72983e+06	2.54128e+06	3.87569e+06	2.54128e+06	1.72983e+06	1.22245e+06	891301	667105	510525	398222	315805	254100	207081	170692	142135	119444	101211	
0	118071	140501	168730	204701	251179	312175	393644	504656	659436	881055	1.2084e+06	1.70994e+06	2.51206e+06	3.83114e+06	2.51206e+06	1.70994e+06	1.2084e+06	881055	659436	504656	393644	312175	251179	204701	168730	140501	118071	100047	
0	116714	138886	166790	202347	248290	308585	389118	498853	651853	870923	1.1945e+06	1.69028e+06	2.48318e+06	3.78709e+06	2.48318e+06	1.69028e+06	1.1945e+06	870923	651853	498853	389118	308585	248290	202347	166790	138886	116714	98896.7	
0	115371	137288	164871	200019	245434	305036	384642	493115	644355	860906	1.18076e+06	1.67084e+06	2.45461e+06	3.74352e+06	2.45461e+06	1.67084e+06	1.18076e+06	860906	644355	493115	384642	305036	245434	200019	164871	137288	115371	97759.1	
0	114044	135709	162974	197718	242610	301526	380216	487441	636941	851000	1.16718e+06	1.65161e+06	2.42637e+06	3.70045e+06	2.42637e+06	1.65161e+06	1.16718e+06	851000	636941	487441	380216	301526	242610	197718	162974	135709	114044	96634.3	
0	112731	134147	161098	195442	239818	298056	375840	481831	629610	841205	1.15374e+06	1.6326e+06	2.39844e+06	3.65786e+06	2.39844e+06	1.6326e+06	1.15374e+06	841205	629610	481831	375840	298056	239818	195442	161098	134147	112731	95522.1	
0	111433	132602	159244	193192	237057	294624	371513	476284	622362	831521	1.14046e+06	1.61381e+06	2.37083e+06	3.61575e+06	2.37083e+06	1.61381e+06	1.14046e+06	831521	622362	476284	371513	294624	237057	193192	159244	132602	111433	94422.3	
0	110150	131075	157410	190967	234327	291231	367234	470799	615194	821944	1.12732e+06	1.59522e+06	2.34353e+06	3.57411e+06	2.34353e+06	1.59522e+06	1.12732e+06	821944	615194	470799	367234	291231	234327	190967	157410	131075	110150	93334.9	
0	108881	129565	155596	188767	231628	287876	363004	465375	608107	812476	1.11434e+06	1.57685e+06	2.31653e+06	3.53293e+06	2.31653e+06	1.57685e+06	1.11434e+06	812476	608107	465375	363004	287876	231628	188767	155596	129565	108881	92259.7	
0	107626	128072	153803	186592	228958	284559	358821	460012	601100	803113	1.1015e+06	1.55867e+06	2.28984e+06	3.49222e+06	2.28984e+06	1.55867e+06	1.1015e+06	803113	601100	460012	358821	284559	228958	186592	153803	128072	107626	91196.5	
0	106386	126596	152030	184441	226319	281279	354685	454710	594171	793856	1.0888e+06	1.54071e+06	2.26344e+06	3.45197e+06	2.26344e+06	1.54071e+06	1.0888e+06	793856	594171	454710	354685	281279	226319	184441	152030	126596	106386	90145.3	
0	105159	125136	150277	182315	223710	278035	350595	449467	587320	784702	1.07625e+06	1.52294e+06	2.23734e+06	3.41217e+06	2.23734e+06	1.52294e+06	1.07625e+06	784702	587320	449467	350595	278035	223710	182315	150277	125136	105159	89105.9	
0	103946	123693	148544	180212	221130	274829	346551	444283	580546	775652	1.06383e+06	1.50538e+06	2.21154e+06	3.37281e+06	2.21154e+06	1.50538e+06	1.06383e+06	775652	580546	444283	346551	274829	221130	180212	148544	123693	103946	88078.2	
0	102747	122266	146830	178133	218578	271658	342553	439157	573848	766703	1.05156e+06	1.48801e+06	2.18602e+06	3.3339e+06	2.18602e+06	1.48801e+06	1.05156e+06	766703	573848	439157	342553	271658	218578	178133	146830	122266	102747	87062	
0	101561	120855	145136	176077	216056	268523	338600	434089	567225	757854	1.03942e+06	1.47084e+06	2.16079e+06	3.29542e+06	2.16079e+06	1.47084e+06	1.03942e+06	757854	567225	434089	338600	268523	216056	176077	145136	120855	101561	86057.2	
0	100389	119459	143460	174044	213562	265423	334691	429078	560677	749106	1.02742e+06	1.45386e+06	2.13585e+06	3.25738e+06	2.13585e+06	1.45386e+06	1.02742e+06	749106	560677	429078	334691	265423	213562	174044	143460	119459	100389	85063.8	
0	99229.3	118080	141804	172034	211095	262358	330826	424123	554203	740455	1.01556e+06	1.43707e+06	2.11119e+06	3.21976e+06	2.11119e+06	1.43707e+06	1.01556e+06	740455	554203	424123	330826	262358	211095	172034	141804	118080	99229.3	84081.5	
0	98083.1	116716	140166	170047	208657	259327	327005	419224	547801	731902	1.00383e+06	1.42047e+06	2.0868e+06	3.18257e+06	2.0868e+06	1.42047e+06	1.00383e+06	731902	547801	419224	327005	259327	208657	170047	140166	116716	98083.1	83110.3	
0	96949.8	115367	138546	168082	206246	256331	323226	414380	541472	723445	992230	1.40406e+06	2.06269e+06	3.1458e+06	2.06269e+06	1.40406e+06	992230	723445	541472	414380	323226	256331	206246	168082	138546	115367	96949.8	82150	
0	95829.3	114034	136945	166140	203862	253368	319490	409590	535213	715084	980762	1.38783e+06	2.03885e+06	3.10944e+06	2.03885e+06	1.38783e+06	980762	715084	535213	409590	319490	253368	203862	166140	136945	114034	95829.3	81200.5	
0	94721.4	112716	135362	164219	201505	250439	315797	404855	529025	706816	969423	1.37178e+06	2.01528e+06	3.07349e+06	2.01528e+06	1.37178e+06	969423	706816	529025	404855	315797	250439	201505	164219	135362	112716	94721.4	80261.7	
0	93625.9	111412	133796	162320	199175	247543	312145	400173	522907	698642	958211	1.35592e+06	1.99197e+06	3.03795e+06	1.99197e+06	1.35592e+06	958211	698642	522907	400173	312145	247543	199175	162320	133796	111412	93625.9	79333.5	
0	92542.8	110123	132248	160442	196871	244679	308534	395544	516858	690560	947127	1.34023e+06	1.96893e+06	3.0028e+06	1.96893e+06	1.34023e+06	947127	690560	516858	395544	308534	244679	196871	160442	132248	110123	92542.8	78415.7	
0	91472	108849	130718	158585	194593	241848	304963	390966	510877	682569	936167	1.32472e+06	1.94614e+06	2.96806e+06	1.94614e+06	1.32472e+06	936167	682569	510877	390966	304963	241848	194593	158585	130718	108849	91472	77508.3	
0	90413.2	107589	129205	156750	192340	239048	301433	386441	504964	674668	925331	1.30939e+06	1.92361e+06	2.9337e+06	1.92361e+06	1.30939e+06	925331	674668	504964	386441	301433	239048	192340	156750	129205	107589	90413.2	76611.2	
0	89366.3	106343	127709	154935	190113	236280	297943	381967	499117	666857	914617	1.29423e+06	1.90134e+06	2.89973e+06	1.90134e+06	1.29423e+06	914617	666857	499117	381967	297943	236280	190113	154935	127709	106343	89366.3	75724.1	
0	88331.3	105112	126230	153140	187911	233544	294493	377543	493336	659133	904024	1.27924e+06	1.87932e+06	2.86615e+06	1.87932e+06	1.27924e+06	904024	659133	493336	377543	294493	233544	187911	153140	126230	105112	88331.3	74847.1	
0	87307.9	103894	124767	151366	185734	230838	291081	373169	487621	651497	893550	1.26442e+06	1.85755e+06	2.83294e+06	1.85755e+06	1.26442e+06	893550	651497	487621	373169	291081	230838	185734	151366	124767	103894	87307.9	73980	
0	86296.2	102690	123322	149612	183582	228163	287707	368844	481970	643947	883195	1.24977e+06	1.83602e+06	2.80011e+06	1.83602e+06	1.24977e+06	883195	643947	481970	368844	287707	228163	183582	149612	123322	102690	86296.2	73122.6	
0	85295.8	101500	121892	147878	181454	225518	284372	364569	476383	636482	872957	1.23528e+06	1.81474e+06	2.76766e+06	1.81474e+06	1.23528e+06	872957	636482	476383	364569	284372	225518	181454	147878	121892	101500	85295.8	72275	
0	84306.8	100323	120479	146163	179350	222903	281075	360341	470859	629102	862835	1.22096e+06	1.7937e+06	2.73556e+06	1.7937e+06	1.22096e+06	862835	629102	470859	360341	281075	222903	179350	146163	120479	100323	84306.8	71436.9	
0	83328.9	99158.9	119081	144468	177270	220318	277815	356162	465398	621805	852827	1.20679e+06	1.77289e+06	2.70383e+06	1.77289e+06	1.20679e+06	852827	621805	465398	356162	277815	220318	177270	144468	119081	99158.9	83328.9	70608.3	
0	82362.1	98008.5	117700	142792	175213	217762	274591	352029	459998	614591	842932	1.19279e+06	1.75232e+06	2.67246e+06	1.75232e+06	1.19279e+06	842932	614591	459998	352029	274591	217762	175213	142792	117700	98008.5	82362.1	69789.1	
0	81406.2	96871	116334	141134	173179	215234	271405	347944	454660	607458	833149	1.17895e+06	1.73198e+06	2.64145e+06	1.73198e+06	1.17895e+06	833149	607458	454660	347944	271405	215234	173179	141134	116334	96871	81406.2	68979.2	
0	80461.2	95746.4	114983	139496	171169	212736	268254	343905	449381	600406	823477	1.16526e+06	1.71188e+06	2.61078e+06	1.71188e+06	1.16526e+06	823477	600406	449381	343905	268254	212736	171169	139496	114983	95746.4	80461.2	68178.4	
0	79526.8	94634.6	113648	137876	169181	210265	265139	339911	444163	593434	813915	1.15173e+06	1.692e+06	2.58047e+06	1.692e+06	1.15173e+06	813915	593434	444163	339911	265139	210265	169181	137876	113648	94634.6	79526.8	67386.7	
0	78603.1	93535.3	112328	136275	167216	207823	262059	335963	439004	586541	804461	1.13835e+06	1.67235e+06	2.55049e+06	1.67235e+06	1.13835e+06	804461	586541	439004	335963	262059	207823	167216	136275	112328	93535.3	78603.1	66603.9	
0	77689.8	92448.5	111023	134691	165273	205408	259014	332059	433903	579726	795113	1.12513e+06	1.65291e+06	2.52086e+06	1.65291e+06	1.12513e+06	795113	579726	433903	332059	259014	205408	165273	134691	111023	92448.5	77689.8	65830	
0	76786.8	91374.1	109732	133126	163352	203021	256004	328200	428860	572988	785872	1.11205e+06	1.6337e+06	2.49156e+06	1.6337e+06	1.11205e+06	785872	572988	428860	328200	256004	203021	163352	133126	109732	91374.1	76786.8	65064.9	
0	75894.1	90311.8	108456	131578	161453	200661	253028	324384	423874	566326	776736	1.09912e+06	1.61471e+06	2.46259e+06	1.61471e+06	1.09912e+06	776736	566326	423874	324384	253028	200661	161453	131578	108456	90311.8	75894.1	64308.5	
0	75011.5	89261.5	107195	130048	159576	198327	250085	320612	418945	559740	767703	1.08634e+06	1.59593e+06	2.43395e+06	1.59593e+06	1.08634e+06	767703	559740	418945	320612	250085	198327	159576	130048	107195	89261.5	75011.5	63560.6	
0	74138.9	88223.2	105948	128535	157719	196020	247176	316882	414071	553229	758773	1.0737e+06	1.57737e+06	2.40564e+06	1.57737e+06	1.0737e+06	758773	553229	414071	316882	247176	196020	157719	128535	105948	88223.2	74138.9	62821.3	
0	73276.3	87196.6	104715	127039	155884	193739	244300	313195	409253	546792	749943	1.06121e+06	1.55901e+06	2.37765e+06	1.55901e+06	1.06121e+06	749943	546792	409253	313195	244300	193739	155884	127039	104715	87196.6	73276.3	62090.3	
0	72423.4	86181.7	103497	125561	154070	191484	241456	309550	404490	540428	741215	1.04886e+06	1.54087e+06	2.34998e+06	1.54087e+06	1.04886e+06	741215	540428	404490	309550	241456	191484	154070	125561	103497	86181.7	72423.4	61367.6	
0	71580.2	85178.3	102292	124099	152276	189255	238645	305946	399780	534136	732585	1.03665e+06	1.52293e+06	2.32262e+06	1.52293e+06	1.03665e+06	732585	534136	399780	305946	238645	189255	152276	124099	102292	85178.3	71580.2	60653.1	
0	70746.6	84186.3	101100	122654	150503	187051	235866	302383	395125	527915	724053	1.02457e+06	1.50519e+06	2.29557e+06	1.50519e+06	1.02457e+06	724053	527915	395125	302383	235866	187051	150503	122654	101100	84186.3	70746.6	59946.8	
0	69922.4	83205.6	99922.7	121225	148749	184872	233118	298860	390522	521765	715619	1.01264e+06	1.48766e+06	2.26883e+06	1.48766e+06	1.01264e+06	715619	521765	390522	298860	233118	184872	148749	121225	99922.7	83205.6	69922.4	59248.4	
0	69107.6	82236.1	98758.3	119812	147016	182717	230402	295378	385971	515685	707280	1.00084e+06	1.47032e+06	2.24239e+06	1.47032e+06	1.00084e+06	707280	515685	385971	295378	230402	182717	147016	119812	98758.3	82236.1	69107.6	58558	
0	68302.1	81277.5	97607.2	118416	145302	180588	227716	291935	381472	509675	699036	989172	1.45318e+06	2.21625e+06	1.45318e+06	989172	699036	509675	381472	291935	227716	180588	145302	118416	97607.2	81277.5	68302.1	57875.5	
0	67505.8	80329.9	96469.1	117035	143608	178482	225061	288531	377024	503732	690886	977639	1.43624e+06	2.19041e+06	1.43624e+06	977639	690886	503732	377024	288531	225061	178482	143608	117035	96469.1	80329.9	67505.8	57200.7	
0	66718.5	79393	95344.1	115670	141933	176401	222436	285166	372627	497857	682828	966237	1.41949e+06	2.16487e+06	1.41949e+06	966237	682828	497857	372627	285166	222436	176401	141933	115670	95344.1	79393	66718.5	56533.6	
0	65940.1	78466.8	94231.8	114321	140278	174343	219841	281839	368280	492049	674862	954965	1.40293e+06	2.13961e+06	1.40293e+06	954965	674862	492049	368280	281839	219841	174343	140278	114321	94231.8	78466.8	65940.1	55874.1	
0	65170.7	77551.2	93132.2	112987	138641	172308	217276	278550	363983	486307	666987	943821	1.38656e+06	2.11464e+06	1.38656e+06	943821	666987	486307	363983	278550	217276	172308	138641	112987	93132.2	77551.2	65170.7	55222.1	
0	64410	76646	92045.1	111668	137022	170297	214740	275299	359734	480631	659202	932804	1.37038e+06	2.08996e+06	1.37038e+06	932804	659202	480631	359734	275299	214740	170297	137022	111668	92045.1	76646	64410	54577.5	
0	63657.9	75751.1	90970.4	110364	135423	168309	212233	272085	355534	475019	651505	921913	1.35437e+06	2.06556e+06	1.35437e+06	921913	651505	475019	355534	272085	212233	168309	135423	110364	90970.4	75751.1	63657.9	53940.2	
0	62914.5	74866.3	89907.9	109075	133841	166343	209754	268907	351382	469471	643896	911146	1.33856e+06	2.04143e+06	1.33856e+06	911146	643896	469471	351382	268907	209754	166343	133841	109075	89907.9	74866.3	62914.5	53310.3	
0	62179.5	73991.7	88857.6	107801	132277	164400	207303	265765	347277	463987	636374	900501	1.32292e+06	2.01759e+06	1.32292e+06	900501	636374	463987	347277	265765	207303	164400	132277	107801	88857.6	73991.7	62179.5	52687.5	
0	61452.8	73127.1	87819.2	106541	130732	162479	204881	262660	343218	458565	628937	889978	1.30746e+06	1.99401e+06	1.30746e+06	889978	628937	458565	343218	262660	204881	162479	130732	106541	87819.2	73127.1	61452.8	52071.8	
0	60734.5	72272.3	86792.7	105296	129204	160579	202486	259589	339207	453205	621585	879575	1.29218e+06	1.9707e+06	1.29218e+06	879575	621585	453205	339207	259589	202486	160579	129204	105296	86792.7	72272.3	60734.5	51463.1	
0	60024.4	71427.3	85777.9	104065	127693	158702	200119	256554	335240	447906	614318	869291	1.27707e+06	1.94766e+06	1.27707e+06	869291	614318	447906	335240	256554	200119	158702	127693	104065	85777.9	71427.3	60024.4	50861.4	
0	59322.4	70591.9	84774.6	102848	126199	156846	197778	253554	331320	442667	607133	859124	1.26213e+06	1.92488e+06	1.26213e+06	859124	607133	442667	331320	253554	197778	156846	126199	102848	84774.6	70591.9	59322.4	50266.5	
0	58628.4	69766	83782.9	101644	124723	155011	195464	250587	327444	437488	600030	849073	1.24737e+06	1.90236e+06	1.24737e+06	849073	600030	437488	327444	250587	195464	155011	124723	101644	83782.9	69766	58628.4	49678.5	
0	57942.3	68949.6	82802.4	100455	123263	153197	193177	247655	323612	432369	593008	839137	1.23277e+06	1.8801e+06	1.23277e+06	839137	593008	432369	323612	247655	193177	153197	123263	100455	82802.4	68949.6	57942.3	49097.1	
0	57264	68142.5	81833.2	99279	121821	151404	190916	244756	319824	427308	586067	829315	1.21834e+06	1.85809e+06	1.21834e+06	829315	586067	427308	319824	244756	190916	151404	121821	99279	81833.2	68142.5	57264	48522.4	
0	56593.6	67344.7	80875	98116.6	120394	149631	188680	241890	316079	422304	579205	819605	1.20407e+06	1.83634e+06	1.20407e+06	819605	579205	422304	316079	241890	188680	149631	120394	98116.6	80875	67344.7	56593.6	47954.3	
0	55930.7	66555.9	79927.8	96967.4	118984	147878	186471	239057	312377	417358	572421	810006	1.18997e+06	1.81483e+06	1.18997e+06	810006	572421	417358	312377	239057	186471	147878	118984	96967.4	79927.8	66555.9	55930.7	47392.6	
0	55275.5	65776.2	78991.5	95831.4	117590	146146	184286	236257	308717	412469	565715	800516	1.17603e+06	1.79357e+06	1.17603e+06	800516	565715	412469	308717	236257	184286	146146	117590	95831.4	78991.5	65776.2	55275.5	46837.4	
0	54627.7	65005.4	78065.8	94708.4	116212	144433	182126	233488	305100	407635	559086	791135	1.16225e+06	1.77255e+06	1.16225e+06	791135	559086	407635	305100	233488	182126	144433	116212	94708.4	78065.8	65005.4	54627.7	46288.5	
0	53987.4	64243.4	77150.7	93598.3	114850	142740	179992	230751	301523	402857	552532	781862	1.14863e+06	1.75177e+06	1.14863e+06	781862	552532	402857	301523	230751	179992	142740	114850	93598.3	77150.7	64243.4	53987.4	45746	
0	53354.4	63490.2	76246.1	92500.8	113503	141067	177881	228046	297988	398134	546054	772694	1.13516e+06	1.73123e+06	1.13516e+06	772694	546054	398134	297988	228046	177881	141067	113503	92500.8	76246.1	63490.2	53354.4	45209.6	
0	52728.6	62745.5	75351.9	91415.9	112172	139412	175795	225371	294493	393464	539650	763632	1.12185e+06	1.71093e+06	1.12185e+06	763632	539650	393464	294493	225371	175795	139412	112172	91415.9	75351.9	62745.5	52728.6	44679.4	
0	52110.1	62009.4	74467.9	90343.5	110856	137777	173733	222727	291038	388848	533319	754673	1.10868e+06	1.69086e+06	1.10868e+06	754673	533319	388848	291038	222727	173733	137777	110856	90343.5	74467.9	62009.4	52110.1	44155.2	
0	51498.6	61281.8	73594	89283.3	109555	136160	171694	220113	287623	384285	527060	745818	1.09567e+06	1.67101e+06	1.09567e+06	745818	527060	384285	287623	220113	171694	136160	109555	89283.3	73594	61281.8	51498.6	43637.1	
0	50894.1	60562.4	72730.2	88235.3	108269	134562	169679	217530	284247	379775	520874	737063	1.08281e+06	1.6514e+06	1.08281e+06	737063	520874	379775	284247	217530	169679	134562	108269	88235.3	72730.2	60562.4	50894.1	43124.8	
0	50296.5	59851.4	71876.2	87199.3	106998	132982	167686	214976	280910	375316	514758	728409	1.0701e+06	1.63201e+06	1.0701e+06	728409	514758	375316	280910	214976	167686	132982	106998	87199.3	71876.2	59851.4	50296.5	42618.5	
0	49705.8	59148.4	71032.1	86175.2	105742	131420	165717	212451	277610	370908	508712	719854	1.05753e+06	1.61284e+06	1.05753e+06	719854	508712	370908	277610	212451	165717	131420	105742	86175.2	71032.1	59148.4	49705.8	42118	
0	49121.9	58453.6	70197.6	85162.9	104499	129876	163770	209955	274349	366550	502736	711398	1.04511e+06	1.5939e+06	1.04511e+06	711398	502736	366550	274349	209955	163770	129876	104499	85162.9	70197.6	58453.6	49121.9	41623.2	
0	48544.6	57766.7	69372.7	84162.1	103271	128350	161846	207488	271125	362243	496829	703038	1.03283e+06	1.57517e+06	1.03283e+06	703038	496829	362243	271125	207488	161846	128350	103271	84162.1	69372.7	57766.7	48544.6	41134.1	
0	47974	57087.7	68557.3	83172.9	102058	126841	159943	205049	267938	357985	490989	694774	1.02069e+06	1.55665e+06	1.02069e+06	694774	490989	357985	267938	205049	159943	126841	102058	83172.9	68557.3	57087.7	47974	40650.6	
0	47410	56416.5	67751.3	82195	100858	125350	158063	202638	264788	353776	485216	686606	1.00869e+06	1.53835e+06	1.00869e+06	686606	485216	353776	264788	202638	158063	125350	100858	82195	67751.3	56416.5	47410	40172.6	
0	46852.4	55753	66954.5	81228.3	99671.5	123876	156204	200255	261674	349616	479510	678531	996824	1.52026e+06	996824	678531	479510	349616	261674	200255	156204	123876	99671.5	81228.3	66954.5	55753	46852.4	39700.2	
0	46301.3	55097.1	66166.8	80272.7	98498.9	122418	154366	197899	258596	345503	473869	670549	985097	1.50237e+06	985097	670549	473869	345503	258596	197899	154366	122418	98498.9	80272.7	66166.8	55097.1	46301.3	39233.1	
0	45756.4	54448.8	65388.2	79328.2	97339.9	120978	152550	195571	255553	341437	468293	662658	973506	1.4847e+06	973506	662658	468293	341437	255553	195571	152550	120978	97339.9	79328.2	65388.2	54448.8	45756.4	38771.5	
0	45217.9	53807.9	64618.6	78394.5	96194.2	119554	150754	193269	252545	337418	462781	654859	962047	1.46722e+06	962047	654859	462781	337418	252545	193269	150754	119554	96194.2	78394.5	64618.6	53807.9	45217.9	38315.1	
0	44685.5	53174.4	63857.8	77471.5	95061.6	118146	148979	190993	249572	333446	457332	647149	950721	1.44995e+06	950721	647149	457332	333446	249572	190993	148979	118146	95061.6	77471.5	63857.8	53174.4	44685.5	37864	
0	44159.2	52548.2	63105.8	76559.1	93942.1	116755	147225	188744	246633	329519	451946	639527	939525	1.43287e+06	939525	639527	451946	329519	246633	188744	147225	116755	93942.1	76559.1	63105.8	52548.2	44159.2	37418.1	
0	43639.1	51929.2	62362.4	75657.3	92835.5	115380	145491	186521	243727	325637	446623	631994	928457	1.41599e+06	928457	631994	446623	325637	243727	186521	145491	115380	92835.5	75657.3	62362.4	51929.2	43639.1	36977.3	
0	43124.9	51317.3	61627.6	74765.8	91741.6	114020	143776	184323	240855	321800	441360	624547	917517	1.39931e+06	917517	624547	441360	321800	240855	184323	143776	114020	91741.6	74765.8	61627.6	51317.3	43124.9	36541.6	
0	42616.6	50712.5	60901.2	73884.6	90660.3	112676	142082	182150	238017	318008	436158	617186	906703	1.38282e+06	906703	617186	436158	318008	238017	182150	142082	112676	90660.3	73884.6	60901.2	50712.5	42616.6	36111	
0	42114.2	50114.6	60183.3	73013.5	89591.5	111348	140407	180003	235211	314258	431016	609910	896014	1.36651e+06	896014	609910	431016	314258	235211	180003	140407	111348	89591.5	73013.5	60183.3	50114.6	42114.2	35685.2	
0	41617.5	49523.6	59473.5	72152.5	88535	110035	138751	177880	232437	310552	425933	602717	885447	1.3504e+06	885447	602717	425933	310552	232437	177880	138751	110035	88535	72152.5	59473.5	49523.6	41617.5	35264.4	
0	41126.6	48939.5	58772	71301.4	87490.7	108737	137114	175782	229695	306889	420909	595608	875003	1.33447e+06	875003	595608	420909	306889	229695	175782	137114	108737	87490.7	71301.4	58772	48939.5	41126.6	34848.4	
0	40641.4	48362	58078.6	70460.2	86458.4	107454	135496	173708	226985	303268	415943	588580	864679	1.31872e+06	864679	588580	415943	303268	226985	173708	135496	107454	86458.4	70460.2	58078.6	48362	40641.4	34437.3	
0	40161.7	47791.3	57393.1	69628.6	85438	106186	133897	171658	224306	299689	411034	581634	854474	1.30316e+06	854474	581634	411034	299689	224306	171658	133897	106186	85438	69628.6	57393.1	47791.3	40161.7	34030.8	
0	39687.6	47227.1	56715.6	68806.6	84429.4	104932	132317	169631	221658	296151	406181	574768	844386	1.28778e+06	844386	574768	406181	296151	221658	169631	132317	104932	84429.4	68806.6	56715.6	47227.1	39687.6	33629.1	
0	39218.9	46669.4	56045.8	67994.1	83432.4	103693	130754	167628	219041	292654	401385	567980	834415	1.27257e+06	834415	567980	401385	292654	219041	167628	130754	103693	83432.4	67994.1	56045.8	46669.4	39218.9	33232	
0	38755.7	46118.1	55383.8	67191	82446.9	102468	129210	165648	216453	289197	396644	561272	824560	1.25754e+06	824560	561272	396644	289197	216453	165648	129210	102468	82446.9	67191	55383.8	46118.1	38755.7	32839.5	
0	38297.8	45573.3	54729.5	66397.1	81472.8	101258	127683	163691	213896	285781	391958	554640	814818	1.24268e+06	814818	554640	391958	285781	213896	163691	127683	101258	81472.8	66397.1	54729.5	45573.3	38297.8	32451.5	
0	37845.2	45034.7	54082.7	65612.4	80510	100061	126174	161757	211368	282403	387326	548086	805188	1.228e+06	805188	548086	387326	282403	211368	161757	126174	100061	80510	65612.4	54082.7	45034.7	37845.2	32068	
0	37397.8	44502.3	53443.4	64836.8	79558.3	98878.2	124683	159845	208870	279065	382747	541607	795670	1.21348e+06	795670	541607	382747	279065	208870	159845	124683	98878.2	79558.3	64836.8	53443.4	44502.3	37397.8	31688.9	
0	36955.6	43976.1	52811.5	64070.2	78617.5	97709	123208	157955	206400	275765	378221	535203	786262	1.19913e+06	786262	535203	378221	275765	206400	157955	123208	97709	78617.5	64070.2	52811.5	43976.1	36955.6	31314.2	
0	36518.6	43456	52186.8	63312.4	77687.7	96553.4	121751	156086	203959	272504	373748	528873	776962	1.18495e+06	776962	528873	373748	272504	203959	156086	121751	96553.4	77687.7	63312.4	52186.8	43456	36518.6	30943.8	
0	36086.5	42941.9	51569.5	62563.4	76768.6	95411.1	120311	154240	201546	269280	369326	522616	767770	1.17093e+06	767770	522616	369326	269280	201546	154240	120311	95411.1	76768.6	62563.4	51569.5	42941.9	36086.5	30577.7	
0	35659.5	42433.7	50959.2	61823	75860.2	94282.1	118887	152415	199161	266093	364956	516431	758685	1.15707e+06	758685	516431	364956	266093	199161	152415	118887	94282.1	75860.2	61823	50959.2	42433.7	35659.5	30215.9	
0	35237.4	41931.5	50356	61091.3	74962.2	93166.1	117480	150610	196803	262944	360636	510318	749705	1.14338e+06	749705	510318	360636	262944	196803	150610	117480	93166.1	74962.2	61091.3	50356	41931.5	35237.4	29858.2	
0	34820.2	41435	49759.8	60367.9	74074.7	92063	116089	148827	194473	259830	356366	504276	740828	1.12984e+06	740828	504276	356366	259830	194473	148827	116089	92063	74074.7	60367.9	49759.8	41435	34820.2	29504.7	
0	34407.8	40944.3	49170.5	59653	73197.4	90972.7	114714	147065	192170	256753	352146	498304	732054	1.11646e+06	732054	498304	352146	256753	192170	147065	114714	90972.7	73197.4	59653	49170.5	40944.3	34407.8	29155.3	
0	34000.2	40459.2	48588	58946.3	72330.3	89895	113355	145323	189894	253712	347974	492401	723382	1.10323e+06	723382	492401	347974	253712	189894	145323	113355	89895	72330.3	58946.3	48588	40459.2	34000.2	28809.9	
0	33597.3	39979.8	48012.3	58247.9	71473.2	88829.8	112012	143601	187643	250705	343851	486566	714811	1.09016e+06	714811	486566	343851	250705	187643	143601	112012	88829.8	71473.2	58247.9	48012.3	39979.8	33597.3	28468.5	
0	33199.1	39506	47443.2	57557.5	70626.1	87777	110684	141899	185419	247734	339775	480800	706339	1.07724e+06	706339	480800	339775	247734	185419	141899	110684	87777	70626.1	57557.5	47443.2	39506	33199.1	28131.1	
0	32805.5	39037.6	46880.7	56875.1	69788.8	86736.3	109372	140216	183221	244797	335747	475099	697965	1.06447e+06	697965	475099	335747	244797	183221	140216	109372	86736.3	69788.8	56875.1	46880.7	39037.6	32805.5	27797.6	
0	32416.5	38574.7	46324.8	56200.6	68961.2	85707.7	108075	138553	181048	241894	331766	469465	689688	1.05185e+06	689688	469465	331766	241894	181048	138553	108075	85707.7	68961.2	56200.6	46324.8	38574.7	32416.5	27468	
0	32032	38117.1	45775.3	55534	68143.2	84691.1	106793	136910	178901	239025	327830	463897	681507	1.03937e+06	681507	463897	327830	239025	178901	136910	106793	84691.1	68143.2	55534	45775.3	38117.1	32032	27142.1	
0	31651.9	37664.9	45232.2	54875.1	67334.7	83686.2	105526	135286	176778	236189	323941	458393	673421	1.02704e+06	673421	458393	323941	236189	176778	135286	105526	83686.2	67334.7	54875.1	45232.2	37664.9	31651.9	26820.1	
0	31276.3	37217.8	44695.4	54223.9	66535.6	82693.1	104274	133680	174680	233385	320096	452952	665429	1.01485e+06	665429	452952	320096	233385	174680	133680	104274	82693.1	66535.6	54223.9	44695.4	37217.8	31276.3	26501.8	
0	30905	36776	44164.8	53580.2	65745.7	81711.4	103036	132093	172607	230615	316296	447575	657529	1.0028e+06	657529	447575	316296	230615	172607	132093	103036	81711.4	65745.7	53580.2	44164.8	36776	30905	26187.2	
0	30538	36339.3	43640.4	52943.9	64965	80741.1	101812	130525	170557	227877	312540	442261	649722	990894	649722	442261	312540	227877	170557	130525	101812	80741.1	64965	52943.9	43640.4	36339.3	30538	25876.2	
0	30175.3	35907.7	43122	52315.1	64193.4	79782.2	100603	128974	168531	225170	308828	437008	642005	979125	642005	437008	308828	225170	168531	128974	100603	79782.2	64193.4	52315.1	43122	35907.7	30175.3	25568.9	
0	29816.8	35481.1	42609.7	51693.6	63430.8	78834.3	99407.9	127442	166529	222495	305159	431816	634378	967492	634378	431816	305159	222495	166529	127442	99407.9	78834.3	63430.8	51693.6	42609.7	35481.1	29816.8	25265.1	
0	29462.5	35059.5	42103.4	51079.3	62677	77897.5	98226.6	125928	164550	219851	301533	426685	626839	955995	626839	426685	301533	219851	164550	125928	98226.6	77897.5	62677	51079.3	42103.4	35059.5	29462.5	24964.9	
0	29112.3	34642.8	41602.9	50472.1	61932	76971.6	97059.1	124431	162594	217238	297949	421613	619388	944632	619388	421613	297949	217238	162594	124431	97059.1	76971.6	61932	50472.1	41602.9	34642.8	29112.3	24668.2	
0	28766.2	34230.9	41108.3	49872	61195.7	76056.4	95905.1	122951	160661	214655	294406	416600	612024	933401	612024	416600	294406	214655	160661	122951	95905.1	76056.4	61195.7	49872	41108.3	34230.9	28766.2	24374.9	
0	28424	33823.8	40619.4	49278.9	60467.9	75151.9	94764.5	121489	158750	212102	290905	411646	604745	922300	604745	411646	290905	212102	158750	121489	94764.5	75151.9	60467.9	49278.9	40619.4	33823.8	28424	24085	
0	28085.9	33421.4	40136.2	48692.7	59748.6	74257.9	93637.2	120044	156862	209579	287444	406749	597551	911329	597551	406749	287444	209579	156862	120044	93637.2	74257.9	59748.6	48692.7	40136.2	33421.4	28085.9	23798.5	
0	27751.7	33023.7	39658.6	48113.3	59037.6	73374.3	92523	118616	154995	207085	284024	401909	590441	900485	590441	401909	284024	207085	154995	118616	92523	73374.3	59037.6	48113.3	39658.6	33023.7	27751.7	23515.3	
0	27421.4	32630.7	39186.6	47540.7	58335	72501	91421.8	117204	153151	204620	280644	397125	583414	889767	583414	397125	280644	204620	153151	117204	91421.8	72501	58335	47540.7	39186.6	32630.7	27421.4	23235.4	
0	27095	32242.2	38720.1	46974.7	57640.5	71637.9	90333.4	115808	151327	202184	277303	392398	576468	879175	576468	392398	277303	202184	151327	115808	90333.4	71637.9	57640.5	46974.7	38720.1	32242.2	27095	22958.8	
0	26772.3	31858.3	38259	46415.3	56954.1	70784.8	89257.8	114429	149525	199777	274001	387725	569604	868706	569604	387725	274001	199777	149525	114429	89257.8	70784.8	56954.1	46415.3	38259	31858.3	26772.3	22685.4	
0	26453.4	31478.8	37803.3	45862.5	56275.7	69941.7	88194.6	113066	147744	197397	270737	383107	562819	858358	562819	383107	270737	197397	147744	113066	88194.6	69941.7	56275.7	45862.5	37803.3	31478.8	26453.4	22415.2	
0	26138.3	31103.8	37352.9	45316.1	55605.2	69108.4	87143.8	111719	145984	195045	267511	378542	556113	848132	556113	378542	267511	195045	145984	111719	87143.8	69108.4	55605.2	45316.1	37352.9	31103.8	26138.3	22148.1	
0	25826.8	30733.1	36907.8	44776	54942.6	68284.8	86105.3	110388	144244	192721	264323	374031	549486	838025	549486	374031	264323	192721	144244	110388	86105.3	68284.8	54942.6	44776	36907.8	30733.1	25826.8	21884.2	
0	25518.9	30366.8	36467.8	44242.3	54287.7	67470.9	85078.9	109072	142525	190424	261173	369573	542936	828035	542936	369573	261173	190424	142525	109072	85078.9	67470.9	54287.7	44242.3	36467.8	30366.8	25518.9	21623.3	
0	25214.7	30004.7	36033	43714.8	53640.4	66666.4	84064.5	107772	140826	188153	258059	365166	536463	818162	536463	365166	258059	188153	140826	107772	84064.5	66666.4	53640.4	43714.8	36033	30004.7	25214.7	21365.5	
0	24913.9	29646.9	35603.3	43193.4	53000.6	65871.3	83061.9	106486	139146	185909	254981	360811	530065	808405	530065	360811	254981	185909	139146	106486	83061.9	65871.3	53000.6	43193.4	35603.3	29646.9	24913.9	21110.7	
0	24616.7	29293.2	35178.5	42678.2	52368.4	65085.5	82071.1	105216	137486	183692	251939	356507	523741	798761	523741	356507	251939	183692	137486	105216	82071.1	65085.5	52368.4	42678.2	35178.5	29293.2	24616.7	20858.9	
0	24323	28943.6	34758.8	42168.9	51743.5	64308.9	81091.8	103961	135846	181500	248933	352253	517492	789230	517492	352253	248933	181500	135846	103961	81091.8	64308.9	51743.5	42168.9	34758.8	28943.6	24323	20610	
0	24032.7	28598.2	34343.9	41665.6	51125.9	63541.3	80123.9	102720	134224	179333	245962	348049	511315	779810	511315	348049	245962	179333	134224	102720	80123.9	63541.3	51125.9	41665.6	34343.9	28598.2	24032.7	20364	
0	23745.8	28256.8	33933.9	41168.2	50515.6	62782.7	79167.3	101493	132622	177192	243025	343893	505211	770500	505211	343893	243025	177192	132622	101493	79167.3	62782.7	50515.6	41168.2	33933.9	28256.8	23745.8	20120.9	
0	23462.2	27919.3	33528.7	40676.6	49912.3	62033	78222	100281	131038	175076	240123	339787	499178	761300	499178	339787	240123	175076	131038	100281	78222	62033	49912.3	40676.6	33528.7	27919.3	23462.2	19880.6	
0	23182	27585.9	33128.2	40190.7	49316.1	61292.1	77287.6	99083.6	129473	172985	237255	335728	493216	752206	493216	335728	237255	172985	129473	99083.6	77287.6	61292.1	49316.1	40190.7	33128.2	27585.9	23182	19643.1	
0	22905	27256.3	32732.4	39710.5	48726.9	60559.8	76364.2	97899.8	127926	170919	234421	331717	487323	743219	487323	331717	234421	170919	127926	97899.8	76364.2	60559.8	48726.9	39710.5	32732.4	27256.3	22905	19408.4	
0	22631.3	26930.6	32341.2	39236	48144.6	59836.1	75451.6	96729.8	126397	168876	231619	327753	481499	734337	481499	327753	231619	168876	126397	96729.8	75451.6	59836.1	48144.6	39236	32341.2	26930.6	22631.3	19176.5	
0	22360.8	26608.6	31954.6	38767	47569.1	59120.8	74549.7	95573.6	124886	166857	228850	323835	475743	725560	475743	323835	228850	166857	124886	95573.6	74549.7	59120.8	47569.1	38767	31954.6	26608.6	22360.8	18947.3	
0	22093.4	26290.5	31572.6	38303.4	47000.4	58413.9	73658.4	94430.9	123393	164862	226114	319963	470055	716884	470055	319963	226114	164862	123393	94430.9	73658.4	58413.9	47000.4	38303.4	31572.6	26290.5	22093.4	18720.7	
0	21829.2	25976.1	31195	37845.3	46438.3	57715.3	72777.5	93301.5	121917	162891	223410	316137	464434	708311	464434	316137	223410	162891	121917	93301.5	72777.5	57715.3	46438.3	37845.3	31195	25976.1	21829.2	18496.8	
0	21568	25665.3	30821.8	37392.6	45882.7	57024.9	71906.8	92185.4	120459	160942	220737	312355	458878	699838	458878	312355	220737	160942	120459	92185.4	71906.8	57024.9	45882.7	37392.6	30821.8	25665.3	21568	18275.6	
0	21310	25358.2	30453	36945.2	45333.7	56342.6	71046.4	91082.3	119018	159016	218096	308617	453387	691464	453387	308617	218096	159016	119018	91082.3	71046.4	56342.6	45333.7	36945.2	30453	25358.2	21310	18056.9	
0	21054.9	25054.7	30088.5	36503	44791.1	55668.2	70196.1	89992.2	117593	157113	215486	304923	447961	683188	447961	304923	215486	157113	117593	89992.2	70196.1	55668.2	44791.1	36503	30088.5	25054.7	21054.9	17840.8	
0	20802.8	24754.8	29728.3	36066	44254.9	55001.8	69355.8	88914.8	116185	155232	212906	301273	442598	675009	442598	301273	212906	155232	116185	88914.8	69355.8	55001.8	44254.9	36066	29728.3	24754.8	20802.8	17627.2	
0	20553.7	24458.4	29372.3	35634.1	43725	54343.2	68525.3	87850.1	114794	153373	210357	297665	437298	666926	437298	297665	210357	153373	114794	87850.1	68525.3	54343.2	43725	35634.1	29372.3	24458.4	20553.7	17416.1	
0	20307.6	24165.4	29020.5	35207.3	43201.3	53692.3	67704.5	86797.9	113419	151536	207837	294100	432060	658938	432060	294100	207837	151536	113419	86797.9	67704.5	53692.3	43201.3	35207.3	29020.5	24165.4	20307.6	17207.5	
0	20064.3	23875.9	28672.8	34785.5	42683.7	53049	66893.3	85758	112060	149721	205347	290577	426884	651044	426884	290577	205347	149721	112060	85758	66893.3	53049	42683.7	34785.5	28672.8	23875.9	20064.3	17001.4	
0	19823.8	23589.8	28329.2	34368.7	42172.2	52413.3	66091.7	84730.3	110717	147927	202886	287095	421768	643242	421768	287095	202886	147927	110717	84730.3	66091.7	52413.3	42172.2	34368.7	28329.2	23589.8	19823.8	16797.6	
0	19586.2	23307	27989.7	33956.7	41666.7	51785	65299.5	83714.7	109390	146153	200454	283653	416713	635532	416713	283653	200454	146153	109390	83714.7	65299.5	51785	41666.7	33956.7	27989.7	23307	19586.2	16596.3	
0	19351.4	23027.6	27654.1	33549.6	41167.1	51164.2	64516.6	82711	108079	144401	198051	280252	411717	627912	411717	280252	198051	144401	108079	82711	64516.6	51164.2	41167.1	33549.6	27654.1	23027.6	19351.4	16397.3	
0	19119.3	22751.4	27322.5	33147.2	40673.4	50550.6	63742.9	81719.1	106783	142669	195676	276892	406779	620382	406779	276892	195676	142669	106783	81719.1	63742.9	50550.6	40673.4	33147.2	27322.5	22751.4	19119.3	16200.7	
0	18890	22478.5	26994.7	32749.6	40185.5	49944.2	62978.3	80738.9	105502	140958	193329	273570	401900	612940	401900	273570	193329	140958	105502	80738.9	62978.3	49944.2	40185.5	32749.6	26994.7	22478.5	18890	16006.3	
0	18663.3	22208.8	26670.8	32356.7	39703.4	49345	62222.6	79770.1	104236	139267	191009	270288	397077	605586	397077	270288	191009	139267	104236	79770.1	62222.6	49345	39703.4	32356.7	26670.8	22208.8	18663.3	15814.3	
0	18439.3	21942.3	26350.7	31968.4	39226.9	48752.7	61475.9	78812.8	102985	137595	188717	267044	392312	598318	392312	267044	188717	137595	102985	78812.8	61475.9	48752.7	39226.9	31968.4	26350.7	21942.3	18439.3	15624.5	
0	18218	21678.9	26034.4	31584.6	38756	48167.5	60737.9	77866.7	101749	135944	186451	263838	387603	591136	387603	263838	186451	135944	101749	77866.7	60737.9	48167.5	38756	31584.6	26034.4	21678.9	18218	15436.9	
0	17999.2	21418.6	25721.8	31205.4	38290.6	47589.1	60008.6	76931.7	100527	134311	184213	260670	382948	584038	382948	260670	184213	134311	100527	76931.7	60008.6	47589.1	38290.6	31205.4	25721.8	21418.6	17999.2	15251.6	
0	17783.1	21161.3	25412.9	30830.6	37830.8	47017.6	59287.9	76007.7	99319.6	132698	182000	257540	378349	577023	378349	257540	182000	132698	99319.6	76007.7	59287.9	47017.6	37830.8	30830.6	25412.9	21161.3	17783.1	15068.4	
0	17569.4	20907.1	25107.6	30460.2	37376.3	46452.8	58575.7	75094.6	98126.5	131104	179814	254446	373804	570091	373804	254446	179814	131104	98126.5	75094.6	58575.7	46452.8	37376.3	30460.2	25107.6	20907.1	17569.4	14887.4	
0	17358.3	20655.9	24805.9	30094.2	36927.2	45894.6	57871.8	74192.3	96947.4	129529	177653	251388	369312	563241	369312	251388	177653	129529	96947.4	74192.3	57871.8	45894.6	36927.2	30094.2	24805.9	20655.9	17358.3	14708.5	
0	17149.7	20407.6	24507.7	29732.5	36483.3	45343	57176.2	73300.6	95782.1	127972	175518	248367	364874	556472	364874	248367	175518	127972	95782.1	73300.6	57176.2	45343	36483.3	29732.5	24507.7	20407.6	17149.7	14531.7	
0	16943.5	20162.3	24213.1	29375	36044.7	44797.8	56488.9	72419.4	94630.6	126433	173408	245381	360487	549782	360487	245381	173408	126433	94630.6	72419.4	56488.9	44797.8	36044.7	29375	24213.1	20162.3	16943.5	14357	
0	16739.8	19919.8	23922	29021.8	35611.3	44259.2	55809.6	71548.5	93492.7	124913	171322	242430	356152	543171	356152	242430	171322	124913	93492.7	71548.5	55809.6	44259.2	35611.3	29021.8	23922	19919.8	16739.8	14184.4	
0	16538.4	19680.2	23634.2	28672.7	35183	43726.8	55138.3	70687.9	92368.2	123411	169262	239514	351868	536637	351868	239514	169262	123411	92368.2	70687.9	55138.3	43726.8	35183	28672.7	23634.2	19680.2	16538.4	14013.7	
0	16339.4	19443.5	23349.9	28327.8	34759.7	43200.7	54475	69837.5	91256.9	121926	167225	236633	347635	530181	347635	236633	167225	121926	91256.9	69837.5	54475	43200.7	34759.7	28327.8	23349.9	19443.5	16339.4	13845.1	
0	16142.8	19209.5	23068.9	27986.9	34341.4	42680.9	53819.4	68997.1	90158.8	120459	165213	233785	343452	523801	343452	233785	165213	120459	90158.8	68997.1	53819.4	42680.9	34341.4	27986.9	23068.9	19209.5	16142.8	13678.5	
0	15948.5	18978.3	22791.2	27650	33928	42167.1	53171.6	68166.6	89073.6	119009	163225	230971	339318	517496	339318	230971	163225	119009	89073.6	68166.6	53171.6	42167.1	33928	27650	22791.2	18978.3	15948.5	13513.9	
0	15756.5	18749.8	22516.8	27317.1	33519.6	41659.5	52531.4	67345.9	88001.1	117576	161259	228190	335232	511266	335232	228190	161259	117576	88001.1	67345.9	52531.4	41659.5	33519.6	27317.1	22516.8	18749.8	15756.5	13351.2	
0	15566.7	18524	22245.7	26988.2	33115.9	41157.8	51898.8	66534.9	86941.4	116160	159317	225442	331195	505109	331195	225442	159317	116160	86941.4	66534.9	51898.8	41157.8	33115.9	26988.2	22245.7	18524	15566.7	13190.4	
0	15379.2	18300.8	21977.7	26663.1	32717	40662	51273.7	65733.4	85894.1	114761	157398	222727	327206	499025	327206	222727	157398	114761	85894.1	65733.4	51273.7	40662	32717	26663.1	21977.7	18300.8	15379.2	13031.5	
0	15193.9	18080.3	21712.9	26341.8	32322.8	40172.1	50655.9	64941.5	84859.3	113378	155502	220043	323264	493012	323264	220043	155502	113378	84859.3	64941.5	50655.9	40172.1	32322.8	26341.8	21712.9	18080.3	15193.9	12874.5	
0	15010.8	17862.5	21451.2	26024.4	31933.3	39688	50045.5	64158.8	83836.6	112012	153628	217391	319368	487071	319368	217391	153628	112012	83836.6	64158.8	50045.5	39688	31933.3	26024.4	21451.2	17862.5	15010.8	12719.4	
0	14829.9	17647.1	21192.7	25710.7	31548.4	39209.6	49442.2	63385.4	82826	110662	151776	214771	315518	481200	315518	214771	151776	110662	82826	63385.4	49442.2	39209.6	31548.4	25710.7	21192.7	17647.1	14829.9	12566	
0	14651.1	17434.4	20937.1	25400.7	31168	38736.8	48846.1	62621.2	81827.4	109327	149946	212181	311714	475398	311714	212181	149946	109327	81827.4	62621.2	48846.1	38736.8	31168	25400.7	20937.1	17434.4	14651.1	12414.5	
0	14474.4	17224.1	20684.6	25094.3	30792.1	38269.6	48257	61866	80840.5	108009	148138	209623	307955	469665	307955	209623	148138	108009	80840.5	61866	48257	38269.6	30792.1	25094.3	20684.6	17224.1	14474.4	12264.8	
0	14299.8	17016.3	20435.1	24791.6	30420.7	37808	47674.9	61119.7	79865.4	106706	146351	207094	304240	463999	304240	207094	146351	106706	79865.4	61119.7	47674.9	37808	30420.7	24791.6	20435.1	17016.3	14299.8	12116.9	
0	14127.3	16811	20188.6	24492.5	30053.6	37351.8	47099.6	60382.2	78901.7	105418	144585	204595	300569	458401	300569	204595	144585	105418	78901.7	60382.2	47099.6	37351.8	30053.6	24492.5	20188.6	16811	14127.3	11970.7	
0	13956.8	16608.1	19944.9	24196.9	29690.9	36901	46531.2	59653.5	77949.5	104146	142840	202126	296942	452868	296942	202126	142840	104146	77949.5	59653.5	46531.2	36901	29690.9	24196.9	19944.9	16608.1	13956.8	11826.2	
0	13788.3	16407.6	19704.1	23904.8	29332.5	36455.6	45969.5	58933.4	77008.5	102889	141116	199686	293357	447402	293357	199686	141116	102889	77008.5	58933.4	45969.5	36455.6	29332.5	23904.8	19704.1	16407.6	13788.3	11683.4	
0	13621.8	16209.5	19466.2	23616.2	28978.3	36015.4	45414.4	58221.8	76078.7	101647	139412	197275	289815	441999	289815	197275	139412	101647	76078.7	58221.8	45414.4	36015.4	28978.3	23616.2	19466.2	16209.5	13621.8	11542.4	
0	13457.3	16013.8	19231.1	23331	28628.3	35580.4	44865.9	57518.6	75159.8	100419	137728	194892	286315	436661	286315	194892	137728	100419	75159.8	57518.6	44865.9	35580.4	28628.3	23331	19231.1	16013.8	13457.3	11403	
0	13294.7	15820.3	18998.8	23049.1	28282.5	35150.6	44324	56823.8	74251.9	99205.9	136064	192538	282856	431386	282856	192538	136064	99205.9	74251.9	56823.8	44324	35150.6	28282.5	23049.1	18998.8	15820.3	13294.7	11265.2	
0	13134.1	15629.2	18769.2	22770.6	27940.7	34725.9	43788.4	56137.2	73354.7	98007.2	134420	190211	279438	426174	279438	190211	134420	98007.2	73354.7	56137.2	43788.4	34725.9	27940.7	22770.6	18769.2	15629.2	13134.1	11129.1	
0	12975.3	15440.3	18542.4	22495.4	27603.1	34306.2	43259.2	55458.7	72468.1	96822.7	132796	187913	276061	421023	276061	187913	132796	96822.7	72468.1	55458.7	43259.2	34306.2	27603.1	22495.4	18542.4	15440.3	12975.3	10994.6	
0	12818.5	15253.6	18318.2	22223.5	27269.4	33891.5	42736.2	54788.3	71592.1	95652.2	131190	185641	272724	415933	272724	185641	131190	95652.2	71592.1	54788.3	42736.2	33891.5	27269.4	22223.5	18318.2	15253.6	12818.5	10861.7	
0	12663.5	15069.2	18096.7	21954.7	26939.6	33481.6	42219.4	54125.8	70726.4	94495.6	129604	183396	269426	410904	269426	183396	129604	94495.6	70726.4	54125.8	42219.4	33481.6	26939.6	21954.7	18096.7	15069.2	12663.5	10730.3	
0	12510.3	14886.9	17877.9	21689.2	26613.8	33076.7	41708.8	53471.2	69871	93352.7	128036	181178	266167	405934	266167	181178	128036	93352.7	69871	53471.2	41708.8	33076.7	26613.8	21689.2	17877.9	14886.9	12510.3	10600.6	
0	12359	14706.8	17661.6	21426.8	26291.8	32676.6	41204.2	52824.3	69025.7	92223.4	126487	178986	262947	401024	262947	178986	126487	92223.4	69025.7	52824.3	41204.2	32676.6	26291.8	21426.8	17661.6	14706.8	12359	10472.3	
0	12209.4	14528.9	17447.9	21167.5	25973.7	32281.2	40705.7	52185.1	68190.5	91107.4	124957	176820	259766	396171	259766	176820	124957	91107.4	68190.5	52185.1	40705.7	32281.2	25973.7	21167.5	17447.9	14528.9	12209.4	10345.6	
0	12061.6	14353	17236.7	20911.3	25659.3	31890.5	40213	51553.5	67365.2	90004.7	123445	174680	256622	391376	256622	174680	123445	90004.7	67365.2	51553.5	40213	31890.5	25659.3	20911.3	17236.7	14353	12061.6	10220.4	
0	11915.6	14179.2	17028	20658.2	25348.7	31504.4	39726.2	50929.4	66549.6	88915.1	121950	172566	253515	386638	253515	172566	121950	88915.1	66549.6	50929.4	39726.2	31504.4	25348.7	20658.2	17028	14179.2	11915.6	10096.7	
0	11771.3	14007.6	16821.8	20408	25041.8	31122.9	39245.1	50312.7	65743.8	87838.5	120473	170476	250445	381956	250445	170476	120473	87838.5	65743.8	50312.7	39245.1	31122.9	25041.8	20408	16821.8	14007.6	11771.3	9974.39	
0	11628.8	13837.9	16618.1	20160.9	24738.5	30745.9	38769.8	49703.3	64947.5	86774.6	119014	168411	247412	377330	247412	168411	119014	86774.6	64947.5	49703.3	38769.8	30745.9	24738.5	20160.9	16618.1	13837.9	11628.8	9853.58	
0	11487.9	13670.3	16416.8	19916.6	24438.8	30373.5	38300.1	49101.2	64160.7	85723.4	117572	166371	244414	372759	244414	166371	117572	85723.4	64160.7	49101.2	38300.1	30373.5	24438.8	19916.6	16416.8	13670.3	11487.9	9734.21	
0	11348.7	13504.6	16217.8	19675.3	24142.6	30005.4	37836	48506.2	63383.2	84684.6	116148	164355	241453	368242	241453	164355	116148	84684.6	63383.2	48506.2	37836	30005.4	24142.6	19675.3	16217.8	13504.6	11348.7	9616.26	
0	11211.1	13340.9	16021.3	19436.8	23850	29641.7	37377.4	47918.3	62615	83658.2	114740	162363	238526	363779	238526	162363	114740	83658.2	62615	47918.3	37377.4	29641.7	23850	19436.8	16021.3	13340.9	11211.1	9499.7	
0	11075.2	13179.2	15827.1	19201.2	23560.9	29282.4	36924.3	47337.4	61855.9	82644	113349	160395	235635	359369	235635	160395	113349	82644	61855.9	47337.4	36924.3	29282.4	23560.9	19201.2	15827.1	13179.2	11075.2	9384.54	
0	10940.9	13019.4	15635.1	18968.3	23275.2	28927.3	36476.6	46763.3	61105.8	81641.9	111975	158450	232777	355011	232777	158450	111975	81641.9	61105.8	46763.3	36476.6	28927.3	23275.2	18968.3	15635.1	13019.4	10940.9	9270.74	
0	10808.2	12861.5	15445.5	18738.3	22992.9	28576.5	36034.1	46196.2	60364.7	80651.6	110616	156528	229954	350705	229954	156528	110616	80651.6	60364.7	46196.2	36034.1	28576.5	22992.9	18738.3	15445.5	12861.5	10808.2	9158.3	
0	10677.1	12705.4	15258.1	18511	22713.9	28229.8	35597	45635.7	59632.4	79673.2	109274	154629	227164	346451	227164	154629	109274	79673.2	59632.4	45635.7	35597	28229.8	22713.9	18511	15258.1	12705.4	10677.1	9047.19	
0	10547.5	12551.3	15073	18286.3	22438.3	27887.2	35165	45082	58908.8	78706.4	107948	152753	224408	342247	224408	152753	107948	78706.4	58908.8	45082	35165	27887.2	22438.3	18286.3	15073	12551.3	10547.5	8937.41	
0	10419.5	12398.9	14890	18064.4	22166	27548.8	34738.2	44534.8	58193.8	77751.1	106638	150899	221684	338093	221684	150899	106638	77751.1	58193.8	44534.8	34738.2	27548.8	22166	18064.4	14890	12398.9	10419.5	8828.93	
0	10293	12248.4	14709.3	17845.1	21896.9	27214.3	34316.5	43994.1	57487.3	76807.2	105344	149067	218993	333988	218993	149067	105344	76807.2	57487.3	43994.1	34316.5	27214.3	21896.9	17845.1	14709.3	12248.4	10293	8721.75	
0	10168	12099.7	14530.6	17628.4	21631	26883.8	33899.8	43459.9	56789.2	75874.6	104065	147257	216334	329933	216334	147257	104065	75874.6	56789.2	43459.9	33899.8	26883.8	21631	17628.4	14530.6	12099.7	10168	8615.84	
0	10044.5	11952.7	14354.2	17414.3	21368.3	26557.3	33488.1	42932.1	56099.5	74953	102801	145468	213706	325925	213706	145468	102801	74953	56099.5	42932.1	33488.1	26557.3	21368.3	17414.3	14354.2	11952.7	10044.5	8511.2	
0	9922.52	11807.5	14179.8	17202.7	21108.7	26234.7	33081.2	42410.5	55418	74042.4	101552	143701	211110	321966	211110	143701	101552	74042.4	55418	42410.5	33081.2	26234.7	21108.7	17202.7	14179.8	11807.5	9922.52	8407.8	
0	9801.95	11664	14007.5	16993.7	20852.2	25915.9	32679.2	41895.1	54744.6	73142.7	100318	141955	208544	318054	208544	141955	100318	73142.7	54744.6	41895.1	32679.2	25915.9	20852.2	16993.7	14007.5	11664	9801.95	8305.63	
0	9682.81	11522.3	13837.2	16787.1	20598.7	25600.9	32282.1	41385.9	54079.2	72253.7	99098.4	140229	206010	314188	206010	140229	99098.4	72253.7	54079.2	41385.9	32282.1	25600.9	20598.7	16787.1	13837.2	11522.3	9682.81	8204.68	
0	9565.1	11382.2	13669	16583.1	20348.3	25289.7	31889.6	40882.8	53421.7	71375.3	97893.7	138525	203505	310368	203505	138525	97893.7	71375.3	53421.7	40882.8	31889.6	25289.7	20348.3	16583.1	13669	11382.2	9565.1	8104.94	
0	9448.79	11243.8	13502.8	16381.4	20100.9	24982.2	31501.8	40385.7	52772.1	70507.4	96703.3	136840	201031	306594	201031	136840	96703.3	70507.4	52772.1	40385.7	31501.8	24982.2	20100.9	16381.4	13502.8	11243.8	9448.79	8006.38	
0	9333.86	11107	13338.6	16182.2	19856.4	24678.3	31118.7	39894.5	52130.3	69649.9	95527.1	135176	198586	302865	198586	135176	95527.1	69649.9	52130.3	39894.5	31118.7	24678.3	19856.4	16182.2	13338.6	11107	9333.86	7909	
0	9220.31	10971.9	13176.3	15985.3	19614.8	24378.1	30740.1	39409.2	51496.1	68802.5	94365	133531	196170	299181	196170	133531	94365	68802.5	51496.1	39409.2	30740.1	24378.1	19614.8	15985.3	13176.3	10971.9	9220.31	7812.79	
0	9108.12	10838.4	13016	15790.8	19376.2	24081.5	30366.1	38929.6	50869.5	67965.3	93216.8	131907	193783	295540	193783	131907	93216.8	67965.3	50869.5	38929.6	30366.1	24081.5	19376.2	15790.8	13016	10838.4	9108.12	7717.72	
0	8997.27	10706.5	12857.5	15598.6	19140.3	23788.4	29996.5	38455.8	50250.4	67138.1	92082.2	130301	191424	291943	191424	130301	92082.2	67138.1	50250.4	38455.8	29996.5	23788.4	19140.3	15598.6	12857.5	10706.5	8997.27	7623.79	
0	8887.73	10576.1	12701	15408.7	18907.3	23498.8	29631.3	37987.7	49638.6	66320.8	90961.2	128715	189094	288389	189094	128715	90961.2	66320.8	49638.6	37987.7	29631.3	23498.8	18907.3	15408.7	12701	10576.1	8887.73	7530.98	
0	8779.51	10447.4	12546.4	15221.1	18677.1	23212.6	29270.5	37525.1	49034.2	65513.3	89853.6	127148	186791	284878	186791	127148	89853.6	65513.3	49034.2	37525.1	29270.5	23212.6	18677.1	15221.1	12546.4	10447.4	8779.51	7439.28	
0	8672.58	10320.1	12393.6	15035.7	18449.6	22929.9	28914	37068.1	48437	64715.3	88759.3	125599	184516	281408	184516	125599	88759.3	64715.3	48437	37068.1	28914	22929.9	18449.6	15035.7	12393.6	10320.1	8672.58	7348.67	
0	8566.93	10194.4	12242.6	14852.5	18224.9	22650.6	28561.8	36616.5	47846.9	63927	87678	124069	182269	277980	182269	124069	87678	63927	47846.9	36616.5	28561.8	22650.6	18224.9	14852.5	12242.6	10194.4	8566.93	7259.15	
0	8462.55	10070.2	12093.4	14671.6	18002.8	22374.6	28213.7	36170.3	47263.9	63148	86609.6	122557	180048	274593	180048	122557	86609.6	63148	47263.9	36170.3	28213.7	22374.6	18002.8	14671.6	12093.4	10070.2	8462.55	7170.7	
0	8359.41	9947.45	11946	14492.7	17783.4	22101.9	27869.9	35729.5	46687.9	62378.4	85554.1	121063	177853	271246	177853	121063	85554.1	62378.4	46687.9	35729.5	27869.9	22101.9	17783.4	14492.7	11946	9947.45	8359.41	7083.3	
0	8257.5	9826.19	11800.4	14316.1	17566.6	21832.5	27530.1	35293.9	46118.7	61618	84511.1	119588	175685	267940	175685	119588	84511.1	61618	46118.7	35293.9	27530.1	21832.5	17566.6	14316.1	11800.4	9826.19	8257.5	6996.95	
0	8156.82	9706.37	11656.5	14141.5	17352.4	21566.3	27194.5	34863.6	45556.4	60866.7	83480.7	118129	173543	264673	173543	118129	83480.7	60866.7	45556.4	34863.6	27194.5	21566.3	17352.4	14141.5	11656.5	9706.37	8156.82	6911.64	
0	8057.34	9587.99	11514.3	13969	17140.8	21303.2	26862.8	34438.4	45000.8	60124.3	82462.5	116689	171426	261445	171426	116689	82462.5	60124.3	45000.8	34438.4	26862.8	21303.2	17140.8	13969	11514.3	9587.99	8057.34	6827.34	
0	7959.05	9471.03	11373.9	13798.6	16931.7	21043.4	26535.1	34018.3	44451.8	59390.9	81456.6	115265	169335	258255	169335	115265	81456.6	59390.9	44451.8	34018.3	26535.1	21043.4	16931.7	13798.6	11373.9	9471.03	7959.05	6744.06	
0	7861.93	9355.47	11235.1	13630.3	16725.1	20786.6	26211.3	33603.2	43909.5	58666.2	80462.7	113859	167269	255104	167269	113859	80462.7	58666.2	43909.5	33603.2	26211.3	20786.6	16725.1	13630.3	11235.1	9355.47	7861.93	6661.77	
0	7765.99	9241.29	11098	13463.9	16521	20532.9	25891.4	33193.1	43373.6	57950.3	79480.7	112469	165228	251991	165228	112469	79480.7	57950.3	43373.6	33193.1	25891.4	20532.9	16521	13463.9	11098	9241.29	7765.99	6580.47	
0	7671.19	9128.49	10962.5	13299.6	16319.3	20282.3	25575.4	32787.9	42844.1	57242.9	78510.5	111096	163211	248915	163211	111096	78510.5	57242.9	42844.1	32787.9	25575.4	20282.3	16319.3	13299.6	10962.5	9128.49	7671.19	6500.14	
0	7577.52	9017.03	10828.7	13137.2	16120	20034.6	25263.1	32387.6	42321	56543.9	77551.9	109740	161218	245876	161218	109740	77551.9	56543.9	42321	32387.6	25263.1	20034.6	16120	13137.2	10828.7	9017.03	7577.52	6420.78	
0	7484.98	8906.91	10696.4	12976.8	15923.2	19790	24954.6	31992.1	41804.2	55853.4	76604.8	108400	159249	242873	159249	108400	76604.8	55853.4	41804.2	31992.1	24954.6	19790	15923.2	12976.8	10696.4	8906.91	7484.98	6342.36	
0	7393.55	8798.11	10565.8	12818.2	15728.7	19548.2	24649.8	31601.3	41293.5	55171.1	75669.1	107076	157304	239906	157304	107076	75669.1	55171.1	41293.5	31601.3	24649.8	19548.2	15728.7	12818.2	10565.8	8798.11	7393.55	6264.89	
0	7303.22	8690.61	10436.7	12661.6	15536.5	19309.4	24348.6	31215.2	40789	54497	74744.5	105767	155382	236975	155382	105767	74744.5	54497	40789	31215.2	24348.6	19309.4	15536.5	12661.6	10436.7	8690.61	7303.22	6188.34	
0	7213.97	8584.41	10309.1	12506.9	15346.6	19073.4	24051	30833.7	40290.5	53831	73831.1	104475	153483	234079	153483	104475	73831.1	53831	40290.5	30833.7	24051	19073.4	15346.6	12506.9	10309.1	8584.41	7213.97	6112.72	
0	7125.79	8479.48	10183.1	12354	15159	18840.3	23757	30456.8	39798	53173	72928.6	103198	151607	231218	151607	103198	72928.6	53173	39798	30456.8	23757	18840.3	15159	12354	10183.1	8479.48	7125.79	6038	
0	7038.66	8375.8	10058.6	12203	14973.7	18609.9	23466.6	30084.4	39311.4	52522.9	72037	101936	149753	228391	149753	101936	72037	52522.9	39311.4	30084.4	23466.6	18609.9	14973.7	12203	10058.6	8375.8	7038.66	5964.18	
0	6952.59	8273.38	9935.6	12053.7	14790.6	18382.3	23179.6	29716.5	38830.7	51880.6	71156	100689	147922	225598	147922	100689	71156	51880.6	38830.7	29716.5	23179.6	18382.3	14790.6	12053.7	9935.6	8273.38	6952.59	5891.24	
0	6867.55	8172.18	9814.07	11906.3	14609.7	18157.5	22896.1	29353	38355.7	51246	70285.7	99457.9	146113	222838	146113	99457.9	70285.7	51246	38355.7	29353	22896.1	18157.5	14609.7	11906.3	9814.07	8172.18	6867.55	5819.18	
0	6783.53	8072.2	9694	11760.6	14430.9	17935.3	22616	28993.9	37886.5	50619.1	69425.8	98241.1	144325	220112	144325	98241.1	69425.8	50619.1	37886.5	28993.9	22616	17935.3	14430.9	11760.6	9694	8072.2	6783.53	5747.99	
0	6700.52	7973.42	9575.37	11616.7	14254.3	17715.9	22339.2	28639.1	37422.9	49999.6	68576.2	97038.9	142559	217419	142559	97038.9	68576.2	49999.6	37422.9	28639.1	22339.2	17715.9	14254.3	11616.7	9575.37	7973.42	6700.52	5677.65	
0	6618.5	7875.82	9458.17	11474.5	14079.9	17499	22065.8	28288.6	36964.8	49387.7	67736.8	95851.1	140814	214757	140814	95851.1	67736.8	49387.7	36964.8	28288.6	22065.8	17499	14079.9	11474.5	9458.17	7875.82	6618.5	5608.16	
0	6537.47	7779.4	9342.38	11334.1	13907.5	17284.8	21795.6	27942.3	36512.3	48783	66907.6	94677.7	139090	212128	139090	94677.7	66907.6	48783	36512.3	27942.3	21795.6	17284.8	13907.5	11334.1	9342.38	7779.4	6537.47	5539.5	
0	6457.42	7684.14	9227.98	11195.3	13737.2	17073.1	21528.7	27600.1	36065.2	48185.7	66088.3	93518.3	137387	209531	137387	93518.3	66088.3	48185.7	36065.2	27600.1	21528.7	17073.1	13737.2	11195.3	9227.98	7684.14	6457.42	5471.66	
0	6378.33	7590.03	9114.96	11058.1	13568.9	16864	21265.1	27262	35623.4	47595.5	65278.8	92372.9	135704	206964	135704	92372.9	65278.8	47595.5	35623.4	27262	21265.1	16864	13568.9	11058.1	9114.96	7590.03	6378.33	5404.65	
0	6300.19	7497.04	9003.29	10922.7	13402.7	16657.4	21004.6	26928.1	35187	47012.4	64479.1	91241.3	134042	204429	134042	91241.3	64479.1	47012.4	35187	26928.1	21004.6	16657.4	13402.7	10922.7	9003.29	7497.04	6300.19	5338.44	
0	6222.99	7405.18	8892.97	10788.8	13238.5	16453.3	20747.2	26598.1	34755.9	46436.3	63689	90123.2	132399	201924	132399	90123.2	63689	46436.3	34755.9	26598.1	20747.2	16453.3	13238.5	10788.8	8892.97	7405.18	6222.99	5273.02	
0	6146.72	7314.42	8783.98	10656.6	13076.2	16251.7	20492.9	26272.1	34329.9	45867.2	62908.4	89018.7	130777	199449	130777	89018.7	62908.4	45867.2	34329.9	26272.1	20492.9	16251.7	13076.2	10656.6	8783.98	7314.42	6146.72	5208.4	
0	6071.37	7224.75	8676.29	10526	12915.9	16052.4	20241.7	25950.1	33909	45304.9	62137.2	87927.4	129173	197004	129173	87927.4	62137.2	45304.9	33909	25950.1	20241.7	16052.4	12915.9	10526	8676.29	7224.75	6071.37	5144.55	
0	5996.93	7136.17	8569.91	10396.9	12757.6	15855.6	19993.5	25631.9	33493.3	44749.4	61375.3	86849.3	127590	194589	127590	86849.3	61375.3	44749.4	33493.3	25631.9	19993.5	15855.6	12757.6	10396.9	8569.91	7136.17	5996.93	5081.47	
0	5923.38	7048.65	8464.81	10269.4	12601.1	15661.1	19748.3	25317.5	33082.5	44200.6	60622.6	85784.1	126025	192202	126025	85784.1	60622.6	44200.6	33082.5	25317.5	19748.3	15661.1	12601.1	10269.4	8464.81	7048.65	5923.38	5019.15	
0	5850.72	6962.18	8360.97	10143.4	12446.5	15469	19506	25006.9	32676.7	43658.4	59879	84731.8	124479	189844	124479	84731.8	59879	43658.4	32676.7	25006.9	19506	15469	12446.5	10143.4	8360.97	6962.18	5850.72	4957.58	
0	5778.93	6876.76	8258.38	10019	12293.8	15279.2	19266.7	24700.1	32275.7	43122.7	59144.3	83692.2	122952	187515	122952	83692.2	59144.3	43122.7	32275.7	24700.1	19266.7	15279.2	12293.8	10019	8258.38	6876.76	5778.93	4896.75	
0	5708.01	6792.36	8157.03	9896.01	12142.9	15091.7	19030.2	24397	31879.6	42593.5	58418.4	82665.1	121443	185214	121443	82665.1	58418.4	42593.5	31879.6	24397	19030.2	15091.7	12142.9	9896.01	8157.03	6792.36	5708.01	4836.65	
0	5637.94	6708.99	8056.91	9774.54	11993.9	14906.5	18796.7	24097.5	31488.3	42070.7	57701.4	81650.4	119952	182940	119952	81650.4	57701.4	42070.7	31488.3	24097.5	18796.7	14906.5	11993.9	9774.54	8056.91	6708.99	5637.94	4777.28	
0	5568.72	6626.62	7957.99	9654.53	11846.6	14723.5	18565.9	23801.7	31101.7	41554.2	56992.9	80647.9	118479	180694	118479	80647.9	56992.9	41554.2	31101.7	23801.7	18565.9	14723.5	11846.6	9654.53	7957.99	6626.62	5568.72	4718.63	
0	5500.34	6545.24	7860.26	9535.97	11701.1	14542.6	18337.9	23509.4	30719.8	41043.9	56293	79657.5	117024	178475	117024	79657.5	56293	41043.9	30719.8	23509.4	18337.9	14542.6	11701.1	9535.97	7860.26	6545.24	5500.34	4660.68	
0	5432.78	6464.84	7763.71	9418.83	11557.4	14364	18112.6	23220.6	30342.4	40539.7	55601.6	78679.1	115587	176283	115587	78679.1	55601.6	40539.7	30342.4	23220.6	18112.6	14364	11557.4	9418.83	7763.71	6464.84	5432.78	4603.44	
0	5366.03	6385.42	7668.33	9303.12	11415.4	14187.5	17890.1	22935.3	29969.7	40041.6	54918.5	77712.5	114167	174117	114167	77712.5	54918.5	40041.6	29969.7	22935.3	17890.1	14187.5	11415.4	9303.12	7668.33	6385.42	5366.03	4546.88	
0	5300.09	6306.95	7574.1	9188.8	11275.1	14013.2	17670.3	22653.5	29601.4	39549.6	54243.6	76757.5	112764	171978	112764	76757.5	54243.6	39549.6	29601.4	22653.5	17670.3	14013.2	11275.1	9188.8	7574.1	6306.95	5300.09	4491.01	
0	5234.95	6229.43	7481	9075.86	11136.6	13841	17453.1	22375	29237.5	39063.5	53576.9	75814.1	111378	169864	111378	75814.1	53576.9	39063.5	29237.5	22375	17453.1	13841	11136.6	9075.86	7481	6229.43	5234.95	4435.81	
0	5170.59	6152.85	7389.03	8964.28	10999.7	13670.8	17238.5	22100	28878.1	38583.3	52918.2	74882	110009	167776	110009	74882	52918.2	38583.3	28878.1	22100	17238.5	13670.8	10999.7	8964.28	7389.03	6152.85	5170.59	4381.27	
0	5107.01	6077.19	7298.18	8854.05	10864.4	13502.7	17026.5	21828.2	28523	38108.8	52267.5	73961.3	108656	165713	108656	73961.3	52267.5	38108.8	28523	21828.2	17026.5	13502.7	10864.4	8854.05	7298.18	6077.19	5107.01	4327.4	
0	5044.2	6002.45	7208.41	8745.16	10730.8	13336.6	16817.1	21559.7	28172.2	37640.1	51624.7	73051.6	107320	163675	107320	73051.6	51624.7	37640.1	28172.2	21559.7	16817.1	13336.6	10730.8	8745.16	7208.41	6002.45	5044.2	4274.18	
0	4982.15	5928.61	7119.74	8637.58	10598.8	13172.6	16610.3	21294.5	27825.6	37177.1	50989.6	72152.9	105999	161661	105999	72152.9	50989.6	37177.1	27825.6	21294.5	16610.3	13172.6	10598.8	8637.58	7119.74	5928.61	4982.15	4221.6	
0	4920.84	5855.66	7032.13	8531.3	10468.4	13010.5	16405.9	21032.5	27483.3	36719.6	50362.2	71265.1	104695	159672	104695	71265.1	50362.2	36719.6	27483.3	21032.5	16405.9	13010.5	10468.4	8531.3	7032.13	5855.66	4920.84	4169.65	
0	4860.28	5783.59	6945.59	8426.3	10339.5	12850.4	16204	20773.7	27145	36267.7	49742.4	70388.1	103407	157707	103407	70388.1	49742.4	36267.7	27145	20773.7	16204	12850.4	10339.5	8426.3	6945.59	5783.59	4860.28	4118.34	
0	4800.46	5712.4	6860.09	8322.58	10212.2	12692.2	16004.5	20517.9	26810.9	35821.3	49130.1	69521.6	102134	155766	102134	69521.6	49130.1	35821.3	26810.9	20517.9	16004.5	12692.2	10212.2	8322.58	6860.09	5712.4	4800.46	4067.64	
0	4741.35	5642.07	6775.63	8220.11	10086.5	12535.9	15807.4	20265.3	26480.8	35380.2	48525.2	68665.7	100876	153848	100876	68665.7	48525.2	35380.2	26480.8	20265.3	15807.4	12535.9	10086.5	8220.11	6775.63	5642.07	4741.35	4017.56	
0	4682.96	5572.59	6692.19	8118.87	9962.29	12381.5	15612.8	20015.8	26154.7	34944.5	47927.6	67820	99633.9	151953	99633.9	67820	47927.6	34944.5	26154.7	20015.8	15612.8	12381.5	9962.29	8118.87	6692.19	5572.59	4682.96	3968.08	
0	4625.28	5503.94	6609.75	8018.87	9839.58	12229	15420.5	19769.2	25832.5	34514.1	47337.3	66984.7	98406.6	150081	98406.6	66984.7	47337.3	34514.1	25832.5	19769.2	15420.5	12229	9839.58	8018.87	6609.75	5503.94	4625.28	3919.21	
0	4568.29	5436.13	6528.32	7920.07	9718.35	12078.4	15230.5	19525.6	25514.2	34088.9	46754	66159.4	97194.2	148232	97194.2	66159.4	46754	34088.9	25514.2	19525.6	15230.5	12078.4	9718.35	7920.07	6528.32	5436.13	4568.29	3870.92	
0	4512	5369.15	6447.87	7822.48	9598.6	11929.5	15042.8	19285	25199.8	33668.8	46177.9	65344.1	95996.5	146406	95996.5	65344.1	46177.9	33668.8	25199.8	19285	15042.8	11929.5	9598.6	7822.48	6447.87	5369.15	4512	3823.22	
0	4456.39	5302.97	6368.4	7726.06	9480.29	11782.5	14857.4	19047.3	24889.2	33253.8	45608.7	64538.7	94813.3	144601	94813.3	64538.7	45608.7	33253.8	24889.2	19047.3	14857.4	11782.5	9480.29	7726.06	6368.4	5302.97	4456.39	3776.1	
0	4401.45	5237.59	6289.89	7630.81	9363.41	11637.2	14674.2	18812.5	24582.4	32843.9	45046.5	63743.1	93644.4	142819	93644.4	63743.1	45046.5	32843.9	24582.4	18812.5	14674.2	11637.2	9363.41	7630.81	6289.89	5237.59	4401.45	3729.54	
0	4347.17	5173.01	6212.33	7536.72	9247.95	11493.7	14493.3	18580.5	24279.3	32438.9	44491	62957.1	92489.7	141057	92489.7	62957.1	44491	32438.9	24279.3	18580.5	14493.3	11493.7	9247.95	7536.72	6212.33	5173.01	4347.17	3683.56	
0	4293.56	5109.21	6135.71	7443.76	9133.9	11352	14314.5	18351.4	23979.8	32038.8	43942.3	62180.6	91349	139318	91349	62180.6	43942.3	32038.8	23979.8	18351.4	14314.5	11352	9133.9	7443.76	6135.71	5109.21	4293.56	3638.13	
0	4240.59	5046.18	6060.02	7351.94	9021.22	11211.9	14137.9	18125	23684	31643.6	43400.2	61413.5	90222.1	137599	90222.1	61413.5	43400.2	31643.6	23684	18125	14137.9	11211.9	9021.22	7351.94	6060.02	5046.18	4240.59	3593.24	
0	4188.27	4983.92	5985.25	7261.22	8909.91	11073.6	13963.5	17901.4	23391.8	31253.1	42864.7	60655.8	89108.9	135901	89108.9	60655.8	42864.7	31253.1	23391.8	17901.4	13963.5	11073.6	8909.91	7261.22	5985.25	4983.92	4188.27	3548.91	
0	4136.58	4922.41	5911.38	7171.61	8799.95	10936.9	13791.2	17680.4	23103.1	30867.4	42335.7	59907.2	88009.2	134224	88009.2	59907.2	42335.7	30867.4	23103.1	17680.4	13791.2	10936.9	8799.95	7171.61	5911.38	4922.41	4136.58	3505.11	
0	4085.52	4861.65	5838.41	7083.09	8691.32	10801.9	13620.9	17462.2	22817.9	30486.4	41813.1	59167.7	86922.8	132567	86922.8	59167.7	41813.1	30486.4	22817.9	17462.2	13620.9	10801.9	8691.32	7083.09	5838.41	4861.65	4085.52	3461.84	
0	4035.08	4801.62	5766.33	6995.63	8584.02	10668.6	13452.8	17246.6	22536.2	30110	41296.9	58437.2	85849.6	130931	85849.6	58437.2	41296.9	30110	22536.2	17246.6	13452.8	10668.6	8584.02	6995.63	5766.33	4801.62	4035.08	3419.1	
0	3985.25	4742.33	5695.12	6909.24	8478.01	10536.8	13286.6	17033.6	22257.9	29738.1	40786.9	57715.5	84789.4	129314	84789.4	57715.5	40786.9	29738.1	22257.9	17033.6	13286.6	10536.8	8478.01	6909.24	5695.12	4742.33	3985.25	3376.88	
0	3936.02	4683.75	5624.77	6823.9	8373.29	10406.7	13122.5	16823.2	21983	29370.8	40283.1	57002.6	83742.1	127716	83742.1	57002.6	40283.1	29370.8	21983	16823.2	13122.5	10406.7	8373.29	6823.9	5624.77	4683.75	3936.02	3335.17	
0	3887.39	4625.89	5555.28	6739.6	8269.84	10278.1	12960.4	16615.4	21711.4	29008	39785.4	56298.4	82707.5	126139	82707.5	56298.4	39785.4	29008	21711.4	16615.4	12960.4	10278.1	8269.84	6739.6	5555.28	4625.89	3887.39	3293.96	
0	3839.36	4568.72	5486.64	6656.32	8167.65	10151.1	12800.2	16410.1	21443.1	28649.5	39293.8	55602.7	81685.5	124580	81685.5	55602.7	39293.8	28649.5	21443.1	16410.1	12800.2	10151.1	8167.65	6656.32	5486.64	4568.72	3839.36	3253.26	
0	3791.91	4512.26	5418.82	6574.05	8066.71	10025.6	12642	16207.2	21178.1	28295.4	38808.1	54915.5	80675.9	123040	80675.9	54915.5	38808.1	28295.4	21178.1	16207.2	12642	10025.6	8066.71	6574.05	5418.82	4512.26	3791.91	3213.05	
0	3745.03	4456.47	5351.83	6492.78	7966.98	9901.69	12485.8	16006.9	20916.2	27945.6	38328.4	54236.6	79678.6	121519	79678.6	54236.6	38328.4	27945.6	20916.2	16006.9	12485.8	9901.69	7966.98	6492.78	5351.83	4456.47	3745.03	3173.33	
0	3698.72	4401.37	5285.66	6412.5	7868.47	9779.25	12331.4	15809	20657.6	27600.1	37854.5	53566	78693.4	120017	78693.4	53566	37854.5	27600.1	20657.6	15809	12331.4	9779.25	7868.47	6412.5	5285.66	4401.37	3698.72	3134.09	
0	3652.98	4346.94	5220.29	6333.19	7771.16	9658.31	12178.9	15613.4	20402.1	27258.7	37386.3	52903.5	77720.1	118532	77720.1	52903.5	37386.3	27258.7	20402.1	15613.4	12178.9	9658.31	7771.16	6333.19	5220.29	4346.94	3652.98	3095.33	
0	3607.79	4293.17	5155.72	6254.85	7675.03	9538.84	12028.2	15420.3	20149.8	26921.6	36923.8	52249.1	76758.7	117066	76758.7	52249.1	36923.8	26921.6	20149.8	15420.3	12028.2	9538.84	7675.03	6254.85	5155.72	4293.17	3607.79	3057.04	
0	3563.15	4240.05	5091.93	6177.46	7580.07	9420.82	11879.4	15229.5	19900.5	26588.5	36467	51602.7	75809	115618	75809	51602.7	36467	26588.5	19900.5	15229.5	11879.4	9420.82	7580.07	6177.46	5091.93	4240.05	3563.15	3019.22	
0	3519.06	4187.58	5028.91	6101.01	7486.27	9304.23	11732.4	15041	19654.2	26259.4	36015.7	50964.1	74870.9	114187	74870.9	50964.1	36015.7	26259.4	19654.2	15041	11732.4	9304.23	7486.27	6101.01	5028.91	4187.58	3519.06	2981.86	
0	3475.5	4135.74	4966.67	6025.5	7393.6	9189.07	11587.2	14854.9	19410.9	25934.4	35569.9	50333.3	73944.2	112773	73944.2	50333.3	35569.9	25934.4	19410.9	14854.9	11587.2	9189.07	7393.6	6025.5	4966.67	4135.74	3475.5	2944.95	
0	3432.47	4084.54	4905.18	5950.9	7302.07	9075.3	11443.7	14671	19170.6	25613.3	35129.5	49710.1	73028.7	111377	73028.7	49710.1	35129.5	25613.3	19170.6	14671	11443.7	9075.3	7302.07	5950.9	4905.18	4084.54	3432.47	2908.49	
0	3389.97	4033.96	4844.44	5877.21	7211.65	8962.93	11302	14489.3	18933.2	25296.2	34694.5	49094.6	72124.4	109998	72124.4	49094.6	34694.5	25296.2	18933.2	14489.3	11302	8962.93	7211.65	5877.21	4844.44	4033.96	3389.97	2872.47	
0	3347.98	3984	4784.44	5804.42	7122.33	8851.92	11162	14309.8	18698.7	24982.9	34264.8	48486.5	71231.1	108636	71231.1	48486.5	34264.8	24982.9	18698.7	14309.8	11162	8851.92	7122.33	5804.42	4784.44	3984	3347.98	2836.9	
0	3306.51	3934.65	4725.17	5732.51	7034.1	8742.26	11023.7	14132.6	18467.1	24673.4	33840.4	47885.8	70348.7	107290	70348.7	47885.8	33840.4	24673.4	18467.1	14132.6	11023.7	8742.26	7034.1	5732.51	4725.17	3934.65	3306.51	2801.75	
0	3265.54	3885.89	4666.62	5661.48	6946.94	8633.94	10887.2	13957.5	18238.3	24367.6	33421	47292.5	69477	105961	69477	47292.5	33421	24367.6	18238.3	13957.5	10887.2	8633.94	6946.94	5661.48	4666.62	3885.89	3265.54	2767.04	
0	3225.07	3837.74	4608.78	5591.32	6860.85	8526.93	10752.2	13784.5	18012.2	24065.7	33006.9	46706.4	68616	104647	68616	46706.4	33006.9	24065.7	18012.2	13784.5	10752.2	8526.93	6860.85	5591.32	4608.78	3837.74	3225.07	2732.75	
0	3185.09	3790.16	4551.66	5522.01	6775.8	8421.24	10618.9	13613.6	17789	23767.3	32597.7	46127.4	67765.4	103350	67765.4	46127.4	32597.7	23767.3	17789	13613.6	10618.9	8421.24	6775.8	5522.01	4551.66	3790.16	3185.09	2698.87	
0	3145.6	3743.17	4495.22	5453.55	6691.79	8316.83	10487.3	13444.8	17568.4	23472.7	32193.6	45555.5	66925.3	102069	66925.3	45555.5	32193.6	23472.7	17568.4	13444.8	10487.3	8316.83	6691.79	5453.55	4495.22	3743.17	3145.6	2665.41	
0	3106.59	3696.75	4439.48	5385.92	6608.81	8213.69	10357.2	13278.1	17350.5	23181.6	31794.3	44990.6	66095.3	100803	66095.3	44990.6	31794.3	23181.6	17350.5	13278.1	10357.2	8213.69	6608.81	5385.92	4439.48	3696.75	3106.59	2632.36	
0	3068.06	3650.9	4384.41	5319.11	6526.84	8111.81	10228.8	13113.4	17135.3	22894.1	31400	44432.6	65275.5	99552.8	65275.5	44432.6	31400	22894.1	17135.3	13113.4	10228.8	8111.81	6526.84	5319.11	4384.41	3650.9	3068.06	2599.71	
0	3030	3605.61	4330.02	5253.12	6445.86	8011.18	10101.9	12950.7	16922.8	22610	31010.4	43881.3	64465.7	98317.8	64465.7	43881.3	31010.4	22610	16922.8	12950.7	10101.9	8011.18	6445.86	5253.12	4330.02	3605.61	3030	2567.45	
0	2992.4	3560.87	4276.29	5187.94	6365.88	7911.77	9976.53	12790	16712.8	22329.5	30625.6	43336.8	63665.8	97097.8	63665.8	43336.8	30625.6	22329.5	16712.8	12790	9976.53	7911.77	6365.88	5187.94	4276.29	3560.87	2992.4	2535.6	
0	2955.26	3516.67	4223.22	5123.55	6286.87	7813.58	9852.71	12631.3	16505.3	22052.3	30245.5	42799	62875.6	95892.7	62875.6	42799	30245.5	22052.3	16505.3	12631.3	9852.71	7813.58	6286.87	5123.55	4223.22	3516.67	2955.26	2504.13	
0	2918.58	3473.02	4170.79	5059.95	6208.83	7716.58	9730.4	12474.5	16300.5	21778.6	29870.1	42267.7	62095.1	94702.4	62095.1	42267.7	29870.1	21778.6	16300.5	12474.5	9730.4	7716.58	6208.83	5059.95	4170.79	3473.02	2918.58	2473.04	
0	2882.34	3429.9	4119.01	4997.13	6131.74	7620.77	9609.58	12319.6	16098.1	21508.2	29499.2	41742.9	61324.1	93526.5	61324.1	41742.9	29499.2	21508.2	16098.1	12319.6	9609.58	7620.77	6131.74	4997.13	4119.01	3429.9	2882.34	2442.34	
0	2846.54	3387.3	4067.85	4935.07	6055.59	7526.13	9490.25	12166.6	15898.1	21241.1	29132.9	41224.5	60562.6	92365	60562.6	41224.5	29132.9	21241.1	15898.1	12166.6	9490.25	7526.13	6055.59	4935.07	4067.85	3387.3	2846.54	2412	
0	2811.19	3345.23	4017.33	4873.77	5980.37	7432.65	9372.36	12015.5	15700.7	20977.2	28771	40712.4	59810.3	91217.7	59810.3	40712.4	28771	20977.2	15700.7	12015.5	9372.36	7432.65	5980.37	4873.77	4017.33	3345.23	2811.19	2382.04	
0	2776.26	3303.67	3967.41	4813.22	5906.07	7340.3	9255.92	11866.2	15505.6	20716.6	28413.5	40206.6	59067.2	90084.5	59067.2	40206.6	28413.5	20716.6	15505.6	11866.2	9255.92	7340.3	5906.07	4813.22	3967.41	3303.67	2776.26	2352.45	
0	2741.76	3262.61	3918.11	4753.41	5832.68	7249.09	9140.91	11718.7	15312.9	20459.2	28060.5	39707	58333.2	88965.1	58333.2	39707	28060.5	20459.2	15312.9	11718.7	9140.91	7249.09	5832.68	4753.41	3918.11	3262.61	2741.76	2323.22	
0	2707.68	3222.06	3869.42	4694.33	5760.19	7158.99	9027.29	11573.1	15122.6	20204.9	27711.7	39213.5	57608.2	87859.3	57608.2	39213.5	27711.7	20204.9	15122.6	11573.1	9027.29	7158.99	5760.19	4694.33	3869.42	3222.06	2707.68	2294.34	
0	2674.02	3182.01	3821.31	4635.97	5688.58	7070	8915.07	11429.2	14934.6	19953.7	27367.2	38726	56892.1	86767.1	56892.1	38726	27367.2	19953.7	14934.6	11429.2	8915.07	7070	5688.58	4635.97	3821.31	3182.01	2674.02	2265.82	
0	2640.77	3142.44	3773.8	4578.33	5617.85	6982.09	8804.22	11287.1	14748.9	19705.6	27026.9	38244.5	56184.7	85688.2	56184.7	38244.5	27026.9	19705.6	14748.9	11287.1	8804.22	6982.09	5617.85	4578.33	3773.8	3142.44	2640.77	2237.65	
0	2607.93	3103.36	3726.87	4521.39	5547.98	6895.25	8694.73	11146.7	14565.5	19460.5	26690.8	37768.9	55485.9	84622.6	55485.9	37768.9	26690.8	19460.5	14565.5	11146.7	8694.73	6895.25	5547.98	4521.39	3726.87	3103.36	2607.93	2209.82	
0	2575.49	3064.76	3680.51	4465.15	5478.97	6809.48	8586.57	11008.1	14384.3	19218.5	26358.8	37299	54795.7	83570	54795.7	37299	26358.8	19218.5	14384.3	11008.1	8586.57	6809.48	5478.97	4465.15	3680.51	3064.76	2575.49	2182.33	
0	2543.45	3026.63	3634.72	4409.59	5410.8	6724.76	8479.74	10871.1	14205.3	18979.4	26030.8	36835	54114	82530.2	54114	36835	26030.8	18979.4	14205.3	10871.1	8479.74	6724.76	5410.8	4409.59	3634.72	3026.63	2543.45	2155.18	
0	2511.8	2988.97	3589.49	4354.72	5343.47	6641.08	8374.22	10735.8	14028.6	18743.2	25706.9	36376.6	53440.6	81503.2	53440.6	36376.6	25706.9	18743.2	14028.6	10735.8	8374.22	6641.08	5343.47	4354.72	3589.49	2988.97	2511.8	2128.36	
0	2480.54	2951.76	3544.81	4300.52	5276.96	6558.42	8269.99	10602.2	13854	18509.9	25387	35923.9	52775.4	80488.8	52775.4	35923.9	25387	18509.9	13854	10602.2	8269.99	6558.42	5276.96	4300.52	3544.81	2951.76	2480.54	2101.87	
0	2449.65	2915.02	3500.68	4246.98	5211.27	6476.78	8167.04	10470.2	13681.5	18279.5	25070.9	35476.6	52118.4	79486.8	52118.4	35476.6	25070.9	18279.5	13681.5	10470.2	8167.04	6476.78	5211.27	4246.98	3500.68	2915.02	2449.65	2075.7	
0	2419.15	2878.72	3457.09	4194.1	5146.38	6396.13	8065.34	10339.9	13511.1	18051.9	24758.7	35034.9	51469.5	78497	51469.5	35034.9	24758.7	18051.9	13511.1	10339.9	8065.34	6396.13	5146.38	4194.1	3457.09	2878.72	2419.15	2049.86	
0	2389.02	2842.87	3414.04	4141.86	5082.29	6316.47	7964.9	10211.1	13342.9	17827	24450.4	34598.6	50828.5	77519.4	50828.5	34598.6	24450.4	17827	13342.9	10211.1	7964.9	6316.47	5082.29	4141.86	3414.04	2842.87	2389.02	2024.33	
0	2359.26	2807.46	3371.51	4090.27	5018.98	6237.79	7865.68	10083.9	13176.7	17605	24145.8	34167.6	50195.3	76553.8	50195.3	34167.6	24145.8	17605	13176.7	10083.9	7865.68	6237.79	5018.98	4090.27	3371.51	2807.46	2359.26	1999.11	
0	2329.87	2772.48	3329.5	4039.31	4956.45	6160.07	7767.68	9958.25	13012.5	17385.6	23845	33741.9	49569.9	75600	49569.9	33741.9	23845	17385.6	13012.5	9958.25	7767.68	6160.07	4956.45	4039.31	3329.5	2772.48	2329.87	1974.2	
0	2300.84	2737.93	3288.01	3988.97	4894.68	6083.31	7670.88	9834.16	12850.3	17169	23547.8	33321.4	48952.2	74657.9	48952.2	33321.4	23547.8	17169	12850.3	9834.16	7670.88	6083.31	4894.68	3988.97	3288.01	2737.93	2300.84	1949.6	
0	2272.16	2703.8	3247.03	3939.25	4833.67	6007.48	7575.27	9711.58	12690.2	16955	23254.3	32906.1	48342	73727.4	48342	32906.1	23254.3	16955	12690.2	9711.58	7575.27	6007.48	4833.67	3939.25	3247.03	2703.8	2272.16	1925.3	
0	2243.83	2670.09	3206.55	3890.14	4773.41	5932.59	7480.84	9590.51	12532	16743.6	22964.4	32495.9	47739.4	72808.2	47739.4	32495.9	22964.4	16743.6	12532	9590.51	7480.84	5932.59	4773.41	3890.14	3206.55	2670.09	2243.83	1901.3	
0	2215.85	2636.8	3166.57	3841.64	4713.89	5858.62	7387.56	9470.93	12375.7	16534.8	22678.1	32090.7	47144.1	71900.4	47144.1	32090.7	22678.1	16534.8	12375.7	9470.93	7387.56	5858.62	4713.89	3841.64	3166.57	2636.8	2215.85	1877.59	
0	2188.22	2603.92	3127.07	3793.73	4655.1	5785.55	7295.42	9352.81	12221.4	16328.6	22395.2	31690.4	46556.2	71003.7	46556.2	31690.4	22395.2	16328.6	12221.4	9352.81	7295.42	5785.55	4655.1	3793.73	3127.07	2603.92	2188.22	1854.18	
0	2160.92	2571.43	3088.07	3746.4	4597.04	5713.38	7204.42	9236.14	12068.9	16124.9	22115.9	31295.1	45975.4	70118	45975.4	31295.1	22115.9	16124.9	12068.9	9236.14	7204.42	5713.38	4597.04	3746.4	3088.07	2571.43	2160.92	1831.05	
0	2133.96	2539.35	3049.54	3699.66	4539.68	5642.1	7114.53	9120.91	11918.3	15923.7	21840	30904.7	45401.8	69243.1	45401.8	30904.7	21840	15923.7	11918.3	9120.91	7114.53	5642.1	4539.68	3699.66	3049.54	2539.35	2133.96	1808.2	
0	2107.33	2507.66	3011.48	3653.49	4483.03	5571.69	7025.75	9007.09	11769.6	15725	21567.4	30519	44835.2	68379.1	44835.2	30519	21567.4	15725	11769.6	9007.09	7025.75	5571.69	4483.03	3653.49	3011.48	2507.66	2107.33	1785.64	
0	2081.03	2476.36	2973.89	3607.89	4427.07	5502.15	6938.06	8894.66	11622.7	15528.8	21298.2	30138.1	44275.6	67525.6	44275.6	30138.1	21298.2	15528.8	11622.7	8894.66	6938.06	5502.15	4427.07	3607.89	2973.89	2476.36	2081.03	1763.35	
0	2055.05	2445.45	2936.77	3562.85	4371.81	5433.46	6851.44	8783.62	11477.6	15334.9	21032.3	29761.8	43722.9	66682.6	43722.9	29761.8	21032.3	15334.9	11477.6	8783.62	6851.44	5433.46	4371.81	3562.85	2936.77	2445.45	2055.05	1741.34	
0	2029.39	2414.91	2900.1	3518.36	4317.22	5365.61	6765.89	8673.94	11334.3	15143.4	20769.7	29390.2	43176.9	65850	43176.9	29390.2	20769.7	15143.4	11334.3	8673.94	6765.89	5365.61	4317.22	3518.36	2900.1	2414.91	2029.39	1719.59	
0	2004.04	2384.75	2863.88	3474.42	4263.3	5298.6	6681.39	8565.62	11192.7	14954.3	20510.3	29023.2	42637.7	65027.6	42637.7	29023.2	20510.3	14954.3	11192.7	8565.62	6681.39	5298.6	4263.3	3474.42	2863.88	2384.75	2004.04	1698.12	
0	1979.01	2354.96	2828.1	3431.02	4210.04	5232.41	6597.93	8458.62	11052.9	14767.5	20254.1	28660.6	42105.1	64215.3	42105.1	28660.6	20254.1	14767.5	11052.9	8458.62	6597.93	5232.41	4210.04	3431.02	2828.1	2354.96	1979.01	1676.9	
0	1954.28	2325.54	2792.77	3388.15	4157.44	5167.04	6515.5	8352.94	10914.8	14583	20001.1	28302.5	41579	63413	41579	28302.5	20001.1	14583	10914.8	8352.94	6515.5	5167.04	4157.44	3388.15	2792.77	2325.54	1954.28	1655.95	
0	1929.86	2296.48	2757.87	3345.81	4105.49	5102.47	6434.07	8248.55	10778.4	14400.8	19751.1	27948.8	41059.4	62620.5	41059.4	27948.8	19751.1	14400.8	10778.4	8248.55	6434.07	5102.47	4105.49	3345.81	2757.87	2296.48	1929.86	1635.26	
0	1905.74	2267.78	2723.4	3303.99	4054.18	5038.69	6353.66	8145.46	10643.7	14220.8	19504.2	27599.5	40546.2	61837.9	40546.2	27599.5	19504.2	14220.8	10643.7	8145.46	6353.66	5038.69	4054.18	3303.99	2723.4	2267.78	1905.74	1614.82	
0	1881.92	2239.43	2689.35	3262.69	4003.49	4975.7	6274.23	8043.63	10510.6	14043	19260.4	27254.5	40039.3	61064.8	40039.3	27254.5	19260.4	14043	10510.6	8043.63	6274.23	4975.7	4003.49	3262.69	2689.35	2239.43	1881.92	1594.63	
0	1858.39	2211.42	2655.73	3221.89	3953.44	4913.49	6195.77	7943.05	10379.2	13867.4	19019.6	26913.7	39538.7	60301.3	39538.7	26913.7	19019.6	13867.4	10379.2	7943.05	6195.77	4913.49	3953.44	3221.89	2655.73	2211.42	1858.39	1574.69	
0	1835.14	2183.77	2622.51	3181.6	3903.99	4852.04	6118.29	7843.71	10249.4	13694	18781.7	26577.1	39044.2	59547.1	39044.2	26577.1	18781.7	13694	10249.4	7843.71	6118.29	4852.04	3903.99	3181.6	2622.51	2183.77	1835.14	1555	
0	1812.19	2156.45	2589.71	3141.8	3855.16	4791.35	6041.76	7745.6	10121.2	13522.7	18546.8	26244.7	38555.8	58802.3	38555.8	26244.7	18546.8	13522.7	10121.2	7745.6	6041.76	4791.35	3855.16	3141.8	2589.71	2156.45	1812.19	1535.55	
0	1789.52	2129.47	2557.31	3102.49	3806.93	4731.4	5966.17	7648.69	9994.58	13353.5	18314.7	25916.3	38073.4	58066.6	38073.4	25916.3	18314.7	13353.5	9994.58	7648.69	5966.17	4731.4	3806.93	3102.49	2557.31	2129.47	1789.52	1516.34	
0	1767.12	2102.82	2525.31	3063.67	3759.29	4672.19	5891.51	7552.98	9869.51	13186.4	18085.6	25592	37597	57340	37597	25592	18085.6	13186.4	9869.51	7552.98	5891.51	4672.19	3759.29	3063.67	2525.31	2102.82	1767.12	1497.36	
0	1745.01	2076.51	2493.7	3025.33	3712.24	4613.72	5817.77	7458.45	9745.98	13021.3	17859.2	25271.7	37126.4	56622.3	37126.4	25271.7	17859.2	13021.3	9745.98	7458.45	5817.77	4613.72	3712.24	3025.33	2493.7	2076.51	1745.01	1478.62	
0	1723.16	2050.51	2462.48	2987.45	3665.76	4555.96	5744.94	7365.08	9623.97	12858.3	17635.6	24955.3	36661.7	55913.5	36661.7	24955.3	17635.6	12858.3	9623.97	7365.08	5744.94	4555.96	3665.76	2987.45	2462.48	2050.51	1723.16	1460.11	
0	1701.59	2024.84	2431.65	2950.05	3619.87	4498.91	5673.01	7272.86	9503.47	12697.3	17414.8	24642.9	36202.6	55213.4	36202.6	24642.9	17414.8	12697.3	9503.47	7272.86	5673.01	4498.91	3619.87	2950.05	2431.65	2024.84	1701.59	1441.83	
0	1680.28	1999.48	2401.2	2913.1	3574.53	4442.57	5601.96	7181.78	9384.46	12538.3	17196.7	24334.2	35749.2	54521.9	35749.2	24334.2	17196.7	12538.3	9384.46	7181.78	5601.96	4442.57	3574.53	2913.1	2401.2	1999.48	1680.28	1423.77	
0	1659.23	1974.43	2371.12	2876.61	3529.76	4386.92	5531.79	7091.82	9266.91	12381.3	16981.3	24029.4	35301.5	53839	35301.5	24029.4	16981.3	12381.3	9266.91	7091.82	5531.79	4386.92	3529.76	2876.61	2371.12	1974.43	1659.23	1405.94	
0	1638.44	1949.7	2341.41	2840.57	3485.54	4331.96	5462.49	7002.97	9150.81	12226.1	16768.6	23728.4	34859.2	53164.5	34859.2	23728.4	16768.6	12226.1	9150.81	7002.97	5462.49	4331.96	3485.54	2840.57	2341.41	1949.7	1638.44	1388.33	
0	1617.91	1925.27	2312.08	2804.98	3441.86	4277.68	5394.04	6915.22	9036.14	12072.9	16558.4	23431.1	34422.4	52498.3	34422.4	23431.1	16558.4	12072.9	9036.14	6915.22	5394.04	4277.68	3441.86	2804.98	2312.08	1925.27	1617.91	1370.93	
0	1597.63	1901.14	2283.1	2769.82	3398.72	4224.07	5326.43	6828.55	8922.89	11921.6	16350.9	23137.4	33991	51840.3	33991	23137.4	16350.9	11921.6	8922.89	6828.55	5326.43	4224.07	3398.72	2769.82	2283.1	1901.14	1597.63	1353.75	
0	1577.61	1877.3	2254.48	2735.1	3356.12	4171.12	5259.66	6742.95	8811.04	11772.2	16145.9	22847.4	33564.9	51190.5	33564.9	22847.4	16145.9	11772.2	8811.04	6742.95	5259.66	4171.12	3356.12	2735.1	2254.48	1877.3	1577.61	1336.78	
0	1557.83	1853.77	2226.21	2700.81	3314.04	4118.82	5193.72	6658.4	8700.56	11624.6	15943.5	22560.9	33144	50548.6	33144	22560.9	15943.5	11624.6	8700.56	6658.4	5193.72	4118.82	3314.04	2700.81	2226.21	1853.77	1557.83	1320.02	
0	1538.29	1830.52	2198.29	2666.94	3272.48	4067.17	5128.59	6574.91	8591.45	11478.8	15743.6	22278	32728.4	49914.7	32728.4	22278	15743.6	11478.8	8591.45	6574.91	5128.59	4067.17	3272.48	2666.94	2198.29	1830.52	1538.29	1303.46	
0	1518.99	1807.56	2170.72	2633.49	3231.43	4016.15	5064.26	6492.44	8483.69	11334.8	15546.1	21998.5	32317.9	49288.7	32317.9	21998.5	15546.1	11334.8	8483.69	6492.44	5064.26	4016.15	3231.43	2633.49	2170.72	1807.56	1518.99	1287.11	
0	1499.94	1784.88	2143.49	2600.45	3190.89	3965.77	5000.73	6410.99	8377.26	11192.6	15351.1	21722.6	31912.4	48670.3	31912.4	21722.6	15351.1	11192.6	8377.26	6410.99	5000.73	3965.77	3190.89	2600.45	2143.49	1784.88	1499.94	1270.97	
0	1481.12	1762.49	2116.59	2567.82	3150.85	3916.01	4937.98	6330.54	8272.15	11052.2	15158.5	21450	31512	48059.6	31512	21450	15158.5	11052.2	8272.15	6330.54	4937.98	3916.01	3150.85	2567.82	2116.59	1762.49	1481.12	1255.02	
0	1462.53	1740.37	2090.03	2535.6	3111.31	3866.86	4876.01	6251.09	8168.33	10913.5	14968.2	21180.8	31116.5	47456.5	31116.5	21180.8	14968.2	10913.5	8168.33	6251.09	4876.01	3866.86	3111.31	2535.6	2090.03	1740.37	1462.53	1239.27	
0	1444.17	1718.52	2063.79	2503.77	3072.26	3818.32	4814.8	6172.63	8065.8	10776.5	14780.3	20914.9	30725.9	46860.8	30725.9	20914.9	14780.3	10776.5	8065.8	6172.63	4814.8	3818.32	3072.26	2503.77	2063.79	1718.52	1444.17	1223.71	
0	1426.04	1696.94	2037.88	2472.33	3033.68	3770.38	4754.35	6095.13	7964.53	10641.2	14594.8	20652.3	30340.2	46272.4	30340.2	20652.3	14594.8	10641.2	7964.53	6095.13	4754.35	3770.38	3033.68	2472.33	2037.88	1696.94	1426.04	1208.35	
0	1408.13	1675.64	2012.29	2441.29	2995.59	3723.04	4694.65	6018.59	7864.52	10507.6	14411.5	20393	29959.2	45691.4	29959.2	20393	14411.5	10507.6	7864.52	6018.59	4694.65	3723.04	2995.59	2441.29	2012.29	1675.64	1408.13	1193.17	
0	1390.45	1654.59	1987.02	2410.62	2957.96	3676.28	4635.68	5943	7765.74	10375.6	14230.5	20136.9	29582.9	45117.5	29582.9	20136.9	14230.5	10375.6	7765.74	5943	4635.68	3676.28	2957.96	2410.62	1987.02	1654.59	1390.45	1178.19	
0	1372.98	1633.8	1962.06	2380.34	2920.81	3630.09	4577.45	5868.34	7668.18	10245.3	14051.7	19883.9	29211.3	44550.7	29211.3	19883.9	14051.7	10245.3	7668.18	5868.34	4577.45	3630.09	2920.81	2380.34	1962.06	1633.8	1372.98	1163.39	
0	1355.73	1613.28	1937.4	2350.43	2884.11	3584.48	4519.94	5794.61	7571.84	10116.5	13875.2	19634.1	28844.2	43991	28844.2	19634.1	13875.2	10116.5	7571.84	5794.61	4519.94	3584.48	2884.11	2350.43	1937.4	1613.28	1355.73	1148.77	
0	1338.69	1593	1913.06	2320.9	2847.86	3539.44	4463.13	5721.79	7476.68	9989.39	13700.8	19387.3	28481.7	43438.1	28481.7	19387.3	13700.8	9989.39	7476.68	5721.79	4463.13	3539.44	2847.86	2320.9	1913.06	1593	1338.69	1134.33	
0	1321.86	1572.98	1889.01	2291.72	2812.07	3494.95	4407.04	5649.87	7382.7	9863.83	13528.6	19143.6	28123.8	42892.1	28123.8	19143.6	13528.6	9863.83	7382.7	5649.87	4407.04	3494.95	2812.07	2291.72	1889.01	1572.98	1321.86	1120.08	
0	1305.25	1553.2	1865.26	2262.91	2776.71	3451.01	4351.63	5578.84	7289.89	9739.82	13358.5	18903	27770.2	42352.9	27770.2	18903	13358.5	9739.82	7289.89	5578.84	4351.63	3451.01	2776.71	2262.91	1865.26	1553.2	1305.25	1105.99	
0	1288.83	1533.67	1841.81	2234.46	2741.8	3407.62	4296.91	5508.69	7198.23	9617.35	13190.5	18665.3	27421	41820.4	27421	18665.3	13190.5	9617.35	7198.23	5508.69	4296.91	3407.62	2741.8	2234.46	1841.81	1533.67	1288.83	1092.09	
0	1272.62	1514.39	1818.64	2206.36	2707.32	3364.76	4242.87	5439.41	7107.7	9496.4	13024.6	18430.5	27076.1	41294.4	27076.1	18430.5	13024.6	9496.4	7107.7	5439.41	4242.87	3364.76	2707.32	2206.36	1818.64	1514.39	1272.62	1078.35	
0	1256.62	1495.34	1795.77	2178.6	2673.26	3322.44	4189.5	5370.99	7018.29	9376.94	12860.8	18198.7	26735.5	40775	26735.5	18198.7	12860.8	9376.94	7018.29	5370.99	4189.5	3322.44	2673.26	2178.6	1795.77	1495.34	1256.62	1064.79	
0	1240.81	1476.52	1773.17	2151.19	2639.63	3280.63	4136.79	5303.41	6929.99	9258.97	12699	17969.7	26399.2	40262	26399.2	17969.7	12699	9258.97	6929.99	5303.41	4136.79	3280.63	2639.63	2151.19	1773.17	1476.52	1240.81	1051.39	
0	1225.19	1457.94	1750.86	2124.12	2606.41	3239.35	4084.73	5236.68	6842.78	9142.46	12539.2	17743.6	26067	39755.3	26067	17743.6	12539.2	9142.46	6842.78	5236.68	4084.73	3239.35	2606.41	2124.12	1750.86	1457.94	1225.19	1038.16	
0	1209.77	1439.59	1728.82	2097.39	2573.61	3198.58	4033.32	5170.77	6756.66	9027.39	12381.4	17520.3	25738.9	39255	25738.9	17520.3	12381.4	9027.39	6756.66	5170.77	4033.32	3198.58	2573.61	2097.39	1728.82	1439.59	1209.77	1025.09	
0	1194.54	1421.47	1707.06	2070.98	2541.21	3158.32	3982.55	5105.67	6671.6	8913.75	12225.5	17299.7	25414.9	38760.8	25414.9	17299.7	12225.5	8913.75	6671.6	5105.67	3982.55	3158.32	2541.21	2070.98	1707.06	1421.47	1194.54	1012.19	
0	1179.5	1403.57	1685.57	2044.91	2509.21	3118.55	3932.41	5041.39	6587.6	8801.51	12071.6	17081.9	25094.9	38272.8	25094.9	17081.9	12071.6	8801.51	6587.6	5041.39	3932.41	3118.55	2509.21	2044.91	1685.57	1403.57	1179.5	999.445	
0	1164.65	1385.9	1664.34	2019.16	2477.61	3079.28	3882.88	4977.9	6504.64	8690.67	11919.6	16866.8	24778.9	37790.8	24778.9	16866.8	11919.6	8690.67	6504.64	4977.9	3882.88	3079.28	2477.61	2019.16	1664.34	1385.9	1164.65	986.859	
0	1149.98	1368.44	1643.38	1993.72	2446.41	3040.49	3833.98	4915.2	6422.71	8581.21	11769.4	16654.3	24466.7	37314.8	24466.7	16654.3	11769.4	8581.21	6422.71	4915.2	3833.98	3040.49	2446.41	1993.72	1643.38	1368.44	1149.98	974.429	
0	1135.49	1351.2	1622.67	1968.61	2415.59	3002.19	3785.68	4853.28	6341.8	8473.1	11621.1	16444.5	24158.5	36844.7	24158.5	16444.5	11621.1	8473.1	6341.8	4853.28	3785.68	3002.19	2415.59	1968.61	1622.67	1351.2	1135.49	962.153	
0	1121.18	1334.18	1602.23	1943.8	2385.15	2964.36	3737.98	4792.13	6261.89	8366.34	11474.7	16237.3	23854.1	36380.4	23854.1	16237.3	11474.7	8366.34	6261.89	4792.13	3737.98	2964.36	2385.15	1943.8	1602.23	1334.18	1121.18	950.029	
0	1107.05	1317.36	1582.04	1919.3	2355.09	2927	3690.87	4731.73	6182.97	8260.9	11330.1	16032.7	23553.5	35921.9	23553.5	16032.7	11330.1	8260.9	6182.97	4731.73	3690.87	2927	2355.09	1919.3	1582.04	1317.36	1107.05	938.056	
0	1093.1	1300.76	1562.09	1895.11	2325.4	2890.1	3644.34	4672.09	6105.03	8156.77	11187.3	15830.6	23256.6	35469.1	23256.6	15830.6	11187.3	8156.77	6105.03	4672.09	3644.34	2890.1	2325.4	1895.11	1562.09	1300.76	1093.1	926.232	
0	1079.32	1284.36	1542.4	1871.22	2296.09	2853.67	3598.4	4613.18	6028.07	8053.93	11046.2	15631	22963.4	35022	22963.4	15631	11046.2	8053.93	6028.07	4613.18	3598.4	2853.67	2296.09	1871.22	1542.4	1284.36	1079.32	914.555	
0	1065.71	1268.16	1522.95	1847.62	2267.13	2817.68	3553.02	4555.01	5952.05	7952.38	10907	15433.9	22673.8	34580.3	22673.8	15433.9	10907	7952.38	5952.05	4555.01	3553.02	2817.68	2267.13	1847.62	1522.95	1268.16	1065.71	903.022	
0	1052.27	1252.17	1503.74	1824.32	2238.54	2782.15	3508.21	4497.56	5876.98	7852.08	10769.4	15239.2	22387.8	34144.2	22387.8	15239.2	10769.4	7852.08	5876.98	4497.56	3508.21	2782.15	2238.54	1824.32	1503.74	1252.17	1052.27	891.633	
0	1038.99	1236.37	1484.77	1801.31	2210.3	2747.05	3463.96	4440.83	5802.85	7753.03	10633.5	15047	22105.4	33713.5	22105.4	15047	10633.5	7753.03	5802.85	4440.83	3463.96	2747.05	2210.3	1801.31	1484.77	1236.37	1038.99	880.386	
0	1025.88	1220.77	1466.04	1778.58	2182.41	2712.39	3420.25	4384.8	5729.63	7655.21	10499.4	14857.2	21826.5	33288.1	21826.5	14857.2	10499.4	7655.21	5729.63	4384.8	3420.25	2712.39	2182.41	1778.58	1466.04	1220.77	1025.88	869.278	
0	1012.94	1205.37	1447.54	1756.14	2154.87	2678.16	3377.09	4329.47	5657.33	7558.61	10366.9	14669.7	21551.1	32868.1	21551.1	14669.7	10366.9	7558.61	5657.33	4329.47	3377.09	2678.16	2154.87	1756.14	1447.54	1205.37	1012.94	858.308	
0	1000.15	1190.15	1429.27	1733.97	2127.67	2644.36	3334.47	4274.82	5585.93	7463.2	10236	14484.5	21279.1	32453.2	21279.1	14484.5	10236	7463.2	5585.93	4274.82	3334.47	2644.36	2127.67	1733.97	1429.27	1190.15	1000.15	847.475	
0	987.527	1175.13	1411.23	1712.08	2100.82	2610.98	3292.37	4220.86	5515.41	7368.99	10106.8	14301.7	21010.5	32043.5	21010.5	14301.7	10106.8	7368.99	5515.41	4220.86	3292.37	2610.98	2100.82	1712.08	1411.23	1175.13	987.527	836.776	
0	975.058	1160.29	1393.41	1690.46	2074.29	2578.01	3250.8	4167.56	5445.77	7275.95	9979.2	14121.1	20745.2	31638.9	20745.2	14121.1	9979.2	7275.95	5445.77	4167.56	3250.8	2578.01	2074.29	1690.46	1393.41	1160.29	975.058	826.211	
0	962.745	1145.64	1375.81	1669.12	2048.09	2545.45	3209.75	4114.93	5377	7184.06	9853.18	13942.8	20483.2	31239.4	20483.2	13942.8	9853.18	7184.06	5377	4114.93	3209.75	2545.45	2048.09	1669.12	1375.81	1145.64	962.745	815.777	
0	950.584	1131.17	1358.43	1648.03	2022.22	2513.3	3169.21	4062.96	5309.08	7093.32	9728.72	13766.6	20224.5	30844.8	20224.5	13766.6	9728.72	7093.32	5309.08	4062.96	3169.21	2513.3	2022.22	1648.03	1358.43	1131.17	950.584	805.473	
0	938.575	1116.88	1341.27	1627.21	1996.68	2481.55	3129.17	4011.63	5242.01	7003.71	9605.82	13592.7	19969	30455.1	19969	13592.7	9605.82	7003.71	5242.01	4011.63	3129.17	2481.55	1996.68	1627.21	1341.27	1116.88	938.575	795.297	
0	926.716	1102.76	1324.32	1606.65	1971.45	2450.19	3089.63	3960.94	5175.77	6915.21	9484.44	13421	19716.6	30070.3	19716.6	13421	9484.44	6915.21	5175.77	3960.94	3089.63	2450.19	1971.45	1606.65	1324.32	1102.76	926.716	785.248	
0	915.004	1088.83	1307.59	1586.35	1946.53	2419.23	3050.58	3910.88	5110.36	6827.81	9364.58	13251.4	19467.5	29690.3	19467.5	13251.4	9364.58	6827.81	5110.36	3910.88	3050.58	2419.23	1946.53	1586.35	1307.59	1088.83	915.004	775.324	
0	903.438	1075.06	1291.06	1566.3	1921.93	2388.65	3012.02	3861.44	5045.76	6741.51	9246.21	13083.9	19221.4	29315	19221.4	13083.9	9246.21	6741.51	5045.76	3861.44	3012.02	2388.65	1921.93	1566.3	1291.06	1075.06	903.438	765.524	
0	892.016	1061.47	1274.74	1546.49	1897.63	2358.45	2973.94	3812.63	4981.97	6656.28	9129.31	12918.4	18978.4	28944.4	18978.4	12918.4	9129.31	6656.28	4981.97	3812.63	2973.94	2358.45	1897.63	1546.49	1274.74	1061.47	892.016	755.846	
0	880.737	1048.05	1258.62	1526.94	1873.63	2328.63	2936.34	3764.42	4918.98	6572.11	9013.87	12755.1	18738.4	28578.4	18738.4	12755.1	9013.87	6572.11	4918.98	3764.42	2936.34	2328.63	1873.63	1526.94	1258.62	1048.05	880.737	746.288	
0	869.598	1034.8	1242.7	1507.63	1849.94	2299.18	2899.2	3716.81	4856.76	6488.99	8899.87	12593.8	18501.4	28216.9	18501.4	12593.8	8899.87	6488.99	4856.76	3716.81	2899.2	2299.18	1849.94	1507.63	1242.7	1034.8	869.598	736.849	
0	858.598	1021.71	1226.98	1488.56	1826.54	2270.09	2862.53	3669.79	4795.33	6406.91	8787.29	12434.5	18267.4	27860	18267.4	12434.5	8787.29	6406.91	4795.33	3669.79	2862.53	2270.09	1826.54	1488.56	1226.98	1021.71	858.598	727.528	
0	847.735	1008.78	1211.46	1469.72	1803.43	2241.37	2826.31	3623.36	4734.66	6325.85	8676.11	12277.1	18036.3	27507.5	18036.3	12277.1	8676.11	6325.85	4734.66	3623.36	2826.31	2241.37	1803.43	1469.72	1211.46	1008.78	847.735	718.324	
0	837.007	996.014	1196.13	1451.12	1780.61	2213.01	2790.54	3577.51	4674.74	6245.8	8566.32	12121.8	17808	27159.4	17808	12121.8	8566.32	6245.8	4674.74	3577.51	2790.54	2213.01	1780.61	1451.12	1196.13	996.014	837.007	709.234	
0	826.413	983.408	1180.99	1432.76	1758.07	2185	2755.23	3532.23	4615.58	6166.75	8457.9	11968.4	17582.6	26815.7	17582.6	11968.4	8457.9	6166.75	4615.58	3532.23	2755.23	2185	1758.07	1432.76	1180.99	983.408	826.413	700.257	
0	815.952	970.959	1166.04	1414.62	1735.81	2157.34	2720.35	3487.51	4557.15	6088.68	8350.83	11816.9	17360.1	26476.2	17360.1	11816.9	8350.83	6088.68	4557.15	3487.51	2720.35	2157.34	1735.81	1414.62	1166.04	970.959	815.952	691.393	
0	805.621	958.665	1151.27	1396.71	1713.84	2130.03	2685.9	3443.36	4499.45	6011.59	8245.1	11667.2	17140.3	26141	17140.3	11667.2	8245.1	6011.59	4499.45	3443.36	2685.9	2130.03	1713.84	1396.71	1151.27	958.665	805.621	682.639	
0	795.419	946.525	1136.69	1379.02	1692.13	2103.05	2651.89	3399.75	4442.47	5935.46	8140.69	11519.5	16923.2	25810	16923.2	11519.5	8140.69	5935.46	4442.47	3399.75	2651.89	2103.05	1692.13	1379.02	1136.69	946.525	795.419	673.994	
0	785.344	934.537	1122.3	1361.56	1670.7	2076.41	2618.3	3356.69	4386.2	5860.29	8037.58	11373.6	16708.9	25483.1	16708.9	11373.6	8037.58	5860.29	4386.2	3356.69	2618.3	2076.41	1670.7	1361.56	1122.3	934.537	785.344	665.458	
0	775.396	922.698	1108.08	1344.31	1649.54	2050.11	2585.13	3314.17	4330.64	5786.05	7935.76	11229.5	16497.2	25160.3	16497.2	11229.5	7935.76	5786.05	4330.64	3314.17	2585.13	2050.11	1649.54	1344.31	1108.08	922.698	775.396	657.028	
0	765.571	911.007	1094.04	1327.27	1628.64	2024.13	2552.38	3272.18	4275.77	5712.74	7835.21	11087.2	16288.2	24841.5	16288.2	11087.2	7835.21	5712.74	4275.77	3272.18	2552.38	2024.13	1628.64	1327.27	1094.04	911.007	765.571	648.703	
0	755.869	899.462	1080.17	1310.45	1608	1998.48	2520.03	3230.71	4221.58	5640.34	7735.92	10946.7	16081.7	24526.7	16081.7	10946.7	7735.92	5640.34	4221.58	3230.71	2520.03	1998.48	1608	1310.45	1080.17	899.462	755.869	640.482	
0	746.288	888.061	1066.48	1293.84	1587.62	1973.15	2488.09	3189.76	4168.07	5568.85	7637.86	10808	15877.9	24215.8	15877.9	10808	7637.86	5568.85	4168.07	3189.76	2488.09	1973.15	1587.62	1293.84	1066.48	888.061	746.288	632.364	
0	736.827	876.803	1052.96	1277.44	1567.49	1948.14	2456.55	3149.32	4115.23	5498.25	7541.04	10671	15676.6	23908.8	15676.6	10671	7541.04	5498.25	4115.23	3149.32	2456.55	1948.14	1567.49	1277.44	1052.96	876.803	736.827	624.347	
0	727.485	865.685	1039.61	1261.24	1547.61	1923.44	2425.4	3109.39	4063.05	5428.53	7445.42	10535.7	15477.8	23605.6	15477.8	10535.7	7445.42	5428.53	4063.05	3109.39	2425.4	1923.44	1547.61	1261.24	1039.61	865.685	727.485	616.431	
0	718.259	854.707	1026.43	1245.25	1527.99	1899.04	2394.64	3069.96	4011.53	5359.69	7351	10402	15281.5	23306.3	15281.5	10402	7351	5359.69	4011.53	3069.96	2394.64	1899.04	1527.99	1245.25	1026.43	854.707	718.259	608.613	
0	709.148	843.866	1013.41	1229.45	1508.61	1874.96	2364.27	3031.02	3960.64	5291.71	7257.75	10270.1	15087.7	23010.6	15087.7	10270.1	7257.75	5291.71	3960.64	3031.02	2364.27	1874.96	1508.61	1229.45	1013.41	843.866	709.148	600.893	
0	700.152	833.16	1000.55	1213.86	1489.47	1851.17	2334.27	2992.56	3910.4	5224.57	7165.68	10139.8	14896.3	22718.7	14896.3	10139.8	7165.68	5224.57	3910.4	2992.56	2334.27	1851.17	1489.47	1213.86	1000.55	833.16	700.152	593.27	
0	691.268	822.588	987.856	1198.45	1470.57	1827.68	2304.65	2954.59	3860.78	5158.28	7074.76	10011.1	14707.3	22430.5	14707.3	10011.1	7074.76	5158.28	3860.78	2954.59	2304.65	1827.68	1470.57	1198.45	987.856	822.588	691.268	585.742	
0	682.495	812.149	975.319	1183.24	1451.9	1804.48	2275.41	2917.1	3811.78	5092.82	6984.97	9884.09	14520.6	22145.8	14520.6	9884.09	6984.97	5092.82	3811.78	2917.1	2275.41	1804.48	1451.9	1183.24	975.319	812.149	682.495	578.309	
0	673.831	801.84	962.939	1168.23	1433.47	1781.58	2246.52	2880.07	3763.4	5028.17	6896.31	9758.63	14336.3	21864.7	14336.3	9758.63	6896.31	5028.17	3763.4	2880.07	2246.52	1781.58	1433.47	1168.23	962.939	801.84	673.831	570.968	
0	665.277	791.66	950.714	1153.39	1415.28	1758.96	2218	2843.5	3715.62	4964.34	6808.75	9634.74	14154.3	21587.1	14154.3	9634.74	6808.75	4964.34	3715.62	2843.5	2218	1758.96	1415.28	1153.39	950.714	791.66	665.277	563.719	
0	656.829	781.607	938.642	1138.75	1397.3	1736.63	2189.84	2807.4	3668.44	4901.3	6722.3	9512.4	13974.6	21313	13974.6	9512.4	6722.3	4901.3	3668.44	2807.4	2189.84	1736.63	1397.3	1138.75	938.642	781.607	656.829	556.561	
0	648.487	771.681	926.721	1124.29	1379.56	1714.57	2162.03	2771.74	3621.85	4839.05	6636.92	9391.59	13797.1	21042.3	13797.1	9391.59	6636.92	4839.05	3621.85	2771.74	2162.03	1714.57	1379.56	1124.29	926.721	771.681	648.487	549.493	
0	640.25	761.879	914.949	1110	1362.04	1692.79	2134.56	2736.53	3575.84	4777.58	6552.62	9272.29	13621.8	20775	13621.8	9272.29	6552.62	4777.58	3575.84	2736.53	2134.56	1692.79	1362.04	1110	914.949	761.879	640.25	542.513	
0	632.116	752.199	903.325	1095.9	1344.73	1671.29	2107.45	2701.77	3530.41	4716.89	6469.37	9154.49	13448.8	20511.1	13448.8	9154.49	6469.37	4716.89	3530.41	2701.77	2107.45	1671.29	1344.73	1095.9	903.325	752.199	632.116	535.62	
0	624.083	742.641	891.847	1081.98	1327.64	1650.05	2080.67	2667.44	3485.55	4656.95	6387.16	9038.16	13277.9	20250.4	13277.9	9038.16	6387.16	4656.95	3485.55	2667.44	2080.67	1650.05	1327.64	1081.98	891.847	742.641	624.083	528.814	
0	616.152	733.202	880.512	1068.23	1310.77	1629.08	2054.22	2633.54	3441.25	4597.76	6305.98	8923.29	13109.1	19993.1	13109.1	8923.29	6305.98	4597.76	3441.25	2633.54	2054.22	1629.08	1310.77	1068.23	880.512	733.202	616.152	522.093	
0	608.32	723.882	869.319	1054.65	1294.11	1608.37	2028.11	2600.06	3397.51	4539.32	6225.83	8809.87	12942.5	19738.9	12942.5	8809.87	6225.83	4539.32	3397.51	2600.06	2028.11	1608.37	1294.11	1054.65	869.319	723.882	608.32	515.457	
0	600.585	714.679	858.267	1041.24	1277.65	1587.92	2002.32	2567	3354.31	4481.6	6146.67	8697.86	12778	19488	12778	8697.86	6146.67	4481.6	3354.31	2567	2002.32	1587.92	1277.65	1041.24	858.267	714.679	600.585	508.903	
0	592.948	705.591	847.353	1028	1261.41	1567.73	1976.86	2534.36	3311.66	4424.62	6068.51	8587.26	12615.5	19240.2	12615.5	8587.26	6068.51	4424.62	3311.66	2534.36	1976.86	1567.73	1261.41	1028	847.353	705.591	592.948	502.432	
0	585.407	696.617	836.576	1014.92	1245.37	1547.79	1951.72	2502.13	3269.54	4368.34	5991.33	8478.04	12455	18995.5	12455	8478.04	5991.33	4368.34	3269.54	2502.13	1951.72	1547.79	1245.37	1014.92	836.576	696.617	585.407	496.042	
0	577.96	687.756	825.934	1002.01	1229.52	1528.1	1926.89	2470.3	3227.95	4312.78	5915.12	8370.19	12296.6	18753.8	12296.6	8370.19	5915.12	4312.78	3227.95	2470.3	1926.89	1528.1	1229.52	1002.01	825.934	687.756	577.96	489.732	
0	570.607	679.006	815.426	989.265	1213.88	1508.66	1902.38	2438.87	3186.88	4257.9	5839.86	8263.7	12140.1	18515.2	12140.1	8263.7	5839.86	4257.9	3186.88	2438.87	1902.38	1508.66	1213.88	989.265	815.426	679.006	570.607	483.501	
0	563.346	670.365	805.05	976.676	1198.43	1489.46	1878.17	2407.84	3146.33	4203.72	5765.55	8158.55	11985.7	18279.6	11985.7	8158.55	5765.55	4203.72	3146.33	2407.84	1878.17	1489.46	1198.43	976.676	805.05	670.365	563.346	477.349	
0	556.176	661.833	794.804	964.246	1183.18	1470.5	1854.27	2377.19	3106.28	4150.22	5692.17	8054.71	11833.1	18047	11833.1	8054.71	5692.17	4150.22	3106.28	2377.19	1854.27	1470.5	1183.18	964.246	794.804	661.833	556.176	471.273	
0	549.096	653.408	784.686	951.971	1168.12	1451.79	1830.66	2346.93	3066.74	4097.39	5619.71	7952.18	11682.5	17817.2	11682.5	7952.18	5619.71	4097.39	3066.74	2346.93	1830.66	1451.79	1168.12	951.971	784.686	653.408	549.096	465.274	
0	542.105	645.089	774.696	939.851	1153.25	1433.3	1807.35	2317.05	3027.7	4045.22	5548.16	7850.93	11533.7	17590.4	11533.7	7850.93	5548.16	4045.22	3027.7	2317.05	1807.35	1433.3	1153.25	939.851	774.696	645.089	542.105	459.35	
0	535.202	636.875	764.831	927.883	1138.56	1415.05	1784.34	2287.54	2989.14	3993.71	5477.51	7750.96	11386.9	17366.4	11386.9	7750.96	5477.51	3993.71	2989.14	2287.54	1784.34	1415.05	1138.56	927.883	764.831	636.875	535.202	453.501	
0	528.386	628.763	755.09	916.065	1124.06	1397.03	1761.61	2258.41	2951.07	3942.85	5407.75	7652.24	11241.8	17145.2	11241.8	7652.24	5407.75	3942.85	2951.07	2258.41	1761.61	1397.03	1124.06	916.065	755.09	628.763	528.386	447.725	
0	521.655	620.754	745.471	904.396	1109.74	1379.23	1739.17	2229.64	2913.48	3892.62	5338.86	7554.76	11098.6	16926.8	11098.6	7554.76	5338.86	3892.62	2913.48	2229.64	1739.17	1379.23	1109.74	904.396	745.471	620.754	521.655	442.022	
0	515.008	612.845	735.973	892.873	1095.6	1361.66	1717.01	2201.23	2876.36	3843.02	5270.84	7458.51	10957.2	16711.2	10957.2	7458.51	5270.84	3843.02	2876.36	2201.23	1717.01	1361.66	1095.6	892.873	735.973	612.845	515.008	436.39	
0	508.446	605.035	726.594	881.495	1081.64	1344.31	1695.13	2173.18	2839.7	3794.05	5203.67	7363.46	10817.6	16498.2	10817.6	7363.46	5203.67	3794.05	2839.7	2173.18	1695.13	1344.31	1081.64	881.495	726.594	605.035	508.446	430.829	
0	501.965	597.324	717.334	870.26	1067.86	1327.17	1673.53	2145.48	2803.51	3745.7	5137.35	7269.61	10679.7	16287.9	10679.7	7269.61	5137.35	3745.7	2803.51	2145.48	1673.53	1327.17	1067.86	870.26	717.334	597.324	501.965	425.338	
0	495.567	589.71	708.19	859.167	1054.24	1310.26	1652.2	2118.13	2767.77	3697.95	5071.86	7176.94	10543.6	16080.3	10543.6	7176.94	5071.86	3697.95	2767.77	2118.13	1652.2	1310.26	1054.24	859.167	708.19	589.71	495.567	419.916	
0	489.248	582.191	699.16	848.212	1040.8	1293.55	1631.13	2091.13	2732.49	3650.8	5007.2	7085.44	10409.2	15875.3	10409.2	7085.44	5007.2	3650.8	2732.49	2091.13	1631.13	1293.55	1040.8	848.212	699.16	582.191	489.248	414.562	
0	483.009	574.767	690.245	837.396	1027.53	1277.06	1610.33	2064.46	2697.64	3604.25	4943.34	6995.09	10276.4	15672.8	10276.4	6995.09	4943.34	3604.25	2697.64	2064.46	1610.33	1277.06	1027.53	837.396	690.245	574.767	483.009	409.276	
0	476.849	567.436	681.441	826.716	1014.42	1260.77	1589.79	2038.13	2663.24	3558.28	4880.3	6905.87	10145.4	15473	10145.4	6905.87	4880.3	3558.28	2663.24	2038.13	1589.79	1260.77	1014.42	826.716	681.441	567.436	476.849	404.056	
0	470.766	560.198	672.749	816.17	1001.48	1244.68	1569.51	2012.13	2629.26	3512.89	4818.04	6817.78	10015.9	15275.6	10015.9	6817.78	4818.04	3512.89	2629.26	2012.13	1569.51	1244.68	1001.48	816.17	672.749	560.198	470.766	398.901	
0	464.76	553.051	664.165	805.757	988.707	1228.8	1549.49	1986.46	2595.72	3468.07	4756.57	6730.79	9888.15	15080.7	9888.15	6730.79	4756.57	3468.07	2595.72	1986.46	1549.49	1228.8	988.707	805.757	664.165	553.051	464.76	393.812	
0	458.829	545.993	655.69	795.475	976.09	1213.12	1529.72	1961.11	2562.59	3423.81	4695.87	6644.9	9761.97	14888.2	9761.97	6644.9	4695.87	3423.81	2562.59	1961.11	1529.72	1213.12	976.09	795.475	655.69	545.993	458.829	388.787	
0	452.973	539.025	647.321	785.322	963.632	1197.64	1510.19	1936.08	2529.89	3380.11	4635.94	6560.09	9637.38	14698.2	9637.38	6560.09	4635.94	3380.11	2529.89	1936.08	1510.19	1197.64	963.632	785.322	647.321	539.025	452.973	383.825	
0	447.191	532.144	639.058	775.297	951.331	1182.35	1490.91	1911.37	2497.59	3336.96	4576.76	6476.35	9514.35	14510.6	9514.35	6476.35	4576.76	3336.96	2497.59	1911.37	1490.91	1182.35	951.331	775.297	639.058	532.144	447.191	378.925	
0	441.481	525.35	630.899	765.399	939.185	1167.26	1471.88	1886.96	2465.7	3294.36	4518.33	6393.66	9392.88	14325.3	9392.88	6393.66	4518.33	3294.36	2465.7	1886.96	1471.88	1167.26	939.185	765.399	630.899	525.35	441.481	374.087	
0	435.844	518.641	622.843	755.625	927.192	1152.35	1453.08	1862.87	2434.22	3252.29	4460.63	6312.02	9272.94	14142.4	9272.94	6312.02	4460.63	3252.29	2434.22	1862.87	1453.08	1152.35	927.192	755.625	622.843	518.641	435.844	369.31	
0	430.277	512.017	614.888	745.974	915.35	1137.63	1434.52	1839.08	2403.13	3210.75	4403.66	6231.4	9154.5	13961.8	9154.5	6231.4	4403.66	3210.75	2403.13	1839.08	1434.52	1137.63	915.35	745.974	614.888	512.017	430.277	364.593	
0	424.781	505.477	607.033	736.445	903.657	1123.1	1416.2	1815.58	2372.43	3169.74	4347.41	6151.8	9037.56	13783.4	9037.56	6151.8	4347.41	3169.74	2372.43	1815.58	1416.2	1123.1	903.657	736.445	607.033	505.477	424.781	359.936	
0	419.354	499.019	599.278	727.036	892.112	1108.75	1398.11	1792.39	2342.12	3129.24	4291.86	6073.21	8922.1	13607.3	8922.1	6073.21	4291.86	3129.24	2342.12	1792.39	1398.11	1108.75	892.112	727.036	599.278	499.019	419.354	355.337	
0	413.995	492.642	591.62	717.745	880.712	1094.58	1380.24	1769.48	2312.19	3089.26	4237.02	5995.6	8808.08	13433.5	8808.08	5995.6	4237.02	3089.26	2312.19	1769.48	1380.24	1094.58	880.712	717.745	591.62	492.642	413.995	350.797	
0	408.704	486.346	584.058	708.572	869.456	1080.59	1362.6	1746.87	2282.64	3049.77	4182.87	5918.97	8695.51	13261.8	8695.51	5918.97	4182.87	3049.77	2282.64	1746.87	1362.6	1080.59	869.456	708.572	584.058	486.346	408.704	346.313	
0	403.479	480.129	576.592	699.514	858.342	1066.78	1345.18	1724.54	2253.46	3010.79	4129.4	5843.31	8584.36	13092.2	8584.36	5843.31	4129.4	3010.79	2253.46	1724.54	1345.18	1066.78	858.342	699.514	576.592	480.129	403.479	341.886	
0	398.321	473.99	569.221	690.571	847.368	1053.14	1327.98	1702.49	2224.65	2972.29	4076.6	5768.6	8474.61	12924.9	8474.61	5768.6	4076.6	2972.29	2224.65	1702.49	1327.98	1053.14	847.368	690.571	569.221	473.99	398.321	337.515	
0	393.227	467.929	561.942	681.741	836.532	1039.68	1311	1680.72	2196.2	2934.29	4024.47	5694.84	8366.24	12759.6	8366.24	5694.84	4024.47	2934.29	2196.2	1680.72	1311	1039.68	836.532	681.741	561.942	467.929	393.227	333.199	
0	388.198	461.945	554.755	673.021	825.833	1026.38	1294.24	1659.22	2168.11	2896.76	3973	5622	8259.24	12596.4	8259.24	5622	3973	2896.76	2168.11	1659.22	1294.24	1026.38	825.833	673.021	554.755	461.945	388.198	328.938	
0	383.233	456.035	547.659	664.412	815.269	1013.25	1277.68	1638	2140.38	2859.7	3922.18	5550.09	8153.59	12435.3	8153.59	5550.09	3922.18	2859.7	2140.38	1638	1277.68	1013.25	815.269	664.412	547.659	456.035	383.233	324.73	
0	378.33	450.201	540.652	655.912	804.839	1000.29	1261.33	1617.04	2113	2823.12	3872	5479.08	8049.27	12276.2	8049.27	5479.08	3872	2823.12	2113	1617.04	1261.33	1000.29	804.839	655.912	540.652	450.201	378.33	320.576	
0	373.488	444.44	533.734	647.519	794.54	987.486	1245.19	1596.35	2085.96	2786.99	3822.46	5408.97	7946.28	12119.1	7946.28	5408.97	3822.46	2786.99	2085.96	1596.35	1245.19	987.486	794.54	647.519	533.734	444.44	373.488	316.474	
0	368.708	438.752	526.903	639.232	784.372	974.848	1229.26	1575.92	2059.26	2751.32	3773.53	5339.75	7844.58	11964	7844.58	5339.75	3773.53	2751.32	2059.26	1575.92	1229.26	974.848	784.372	639.232	526.903	438.752	368.708	312.423	
0	363.989	433.136	520.158	631.049	774.331	962.37	1213.52	1555.75	2032.9	2716.11	3725.23	5271.4	7744.16	11810.8	7744.16	5271.4	3725.23	2716.11	2032.9	1555.75	1213.52	962.37	774.331	631.049	520.158	433.136	363.989	308.424	
0	359.329	427.591	513.499	622.97	764.418	950.049	1197.99	1535.83	2006.88	2681.33	3677.54	5203.91	7645.02	11659.6	7645.02	5203.91	3677.54	2681.33	2006.88	1535.83	1197.99	950.049	764.418	622.97	513.499	427.591	359.329	304.476	
0	354.728	422.116	506.924	614.993	754.63	937.884	1182.65	1516.17	1981.18	2647	3630.45	5137.27	7547.13	11510.3	7547.13	5137.27	3630.45	2647	1981.18	1516.17	1182.65	937.884	754.63	614.993	506.924	422.116	354.728	300.577	
0	350.185	416.71	500.432	607.117	744.965	925.873	1167.5	1496.75	1955.81	2613.1	3583.95	5071.48	7450.47	11362.9	7450.47	5071.48	3583.95	2613.1	1955.81	1496.75	1167.5	925.873	744.965	607.117	500.432	416.71	350.185	296.727	
0	345.699	411.372	494.022	599.341	735.423	914.013	1152.55	1477.58	1930.75	2579.63	3538.05	5006.52	7355.04	11217.4	7355.04	5006.52	3538.05	2579.63	1930.75	1477.58	1152.55	914.013	735.423	599.341	494.022	411.372	345.699	292.927	
0	341.27	406.102	487.693	591.662	726.001	902.303	1137.78	1458.65	1906.02	2546.58	3492.72	4942.38	7260.81	11073.7	7260.81	4942.38	3492.72	2546.58	1906.02	1458.65	1137.78	902.303	726.001	591.662	487.693	406.102	341.27	289.174	
0	336.897	400.898	481.443	584.081	716.699	890.742	1123.2	1439.96	1881.6	2513.95	3447.97	4879.05	7167.77	10931.8	7167.77	4879.05	3447.97	2513.95	1881.6	1439.96	1123.2	890.742	716.699	584.081	481.443	400.898	336.897	285.468	
0	332.58	395.76	475.273	576.596	707.514	879.326	1108.81	1421.5	1857.48	2481.73	3403.78	4816.52	7075.91	10791.7	7075.91	4816.52	3403.78	2481.73	1857.48	1421.5	1108.81	879.326	707.514	576.596	475.273	395.76	332.58	281.81	
0	328.317	390.688	469.182	569.205	698.445	868.055	1094.59	1403.28	1833.67	2449.92	3360.15	4754.79	6985.22	10653.4	6985.22	4754.79	3360.15	2449.92	1833.67	1403.28	1094.59	868.055	698.445	569.205	469.182	390.688	328.317	278.198	
0	324.108	385.679	463.167	561.908	689.491	856.927	1080.56	1385.29	1810.17	2418.51	3317.07	4693.83	6895.67	10516.8	6895.67	4693.83	3317.07	2418.51	1810.17	1385.29	1080.56	856.927	689.491	561.908	463.167	385.679	324.108	274.631	
0	319.952	380.734	457.228	554.703	680.65	845.939	1066.71	1367.53	1786.96	2387.5	3274.54	4633.64	6807.25	10381.9	6807.25	4633.64	3274.54	2387.5	1786.96	1367.53	1066.71	845.939	680.65	554.703	457.228	380.734	319.952	271.11	
0	315.849	375.851	451.364	547.589	671.921	835.091	1053.03	1349.99	1764.04	2356.89	3232.55	4574.22	6719.95	10248.8	6719.95	4574.22	3232.55	2356.89	1764.04	1349.99	1053.03	835.091	671.921	547.589	451.364	375.851	315.849	267.633	
0	311.798	371.03	445.575	540.566	663.303	824.379	1039.52	1332.68	1741.41	2326.65	3191.09	4515.55	6633.76	10117.3	6633.76	4515.55	3191.09	2326.65	1741.41	1332.68	1039.52	824.379	663.303	540.566	445.575	371.03	311.798	264.2	
0	307.798	366.271	439.859	533.631	654.794	813.804	1026.18	1315.58	1719.07	2296.81	3150.15	4457.62	6548.66	9987.54	6548.66	4457.62	3150.15	2296.81	1719.07	1315.58	1026.18	813.804	654.794	533.631	439.859	366.271	307.798	260.811	
0	303.849	361.571	434.215	526.784	646.392	803.362	1013.02	1298.7	1697.02	2267.34	3109.73	4400.43	6464.63	9859.4	6464.63	4400.43	3109.73	2267.34	1697.02	1298.7	1013.02	803.362	646.392	526.784	434.215	361.571	303.849	257.465	
0	299.949	356.931	428.643	520.024	638.097	793.053	1000.02	1282.03	1675.24	2238.24	3069.82	4343.96	6381.67	9732.87	6381.67	4343.96	3069.82	2238.24	1675.24	1282.03	1000.02	793.053	638.097	520.024	428.643	356.931	299.949	254.161	
0	296.1	352.35	423.141	513.349	629.907	782.874	987.183	1265.58	1653.74	2209.51	3030.42	4288.2	6299.76	9607.95	6299.76	4288.2	3030.42	2209.51	1653.74	1265.58	987.183	782.874	629.907	513.349	423.141	352.35	296.1	250.899	
0	292.298	347.827	417.709	506.759	621.821	772.824	974.51	1249.33	1632.51	2181.15	2991.52	4233.15	6218.89	9484.61	6218.89	4233.15	2991.52	2181.15	1632.51	1249.33	974.51	772.824	621.821	506.759	417.709	347.827	292.298	247.678	
0	288.546	343.361	412.346	500.253	613.837	762.901	961.998	1233.29	1611.55	2153.14	2953.11	4178.8	6139.05	9362.84	6139.05	4178.8	2953.11	2153.14	1611.55	1233.29	961.998	762.901	613.837	500.253	412.346	343.361	288.546	244.498	
0	284.84	338.952	407.051	493.829	605.955	753.105	949.644	1217.45	1590.85	2125.49	2915.19	4125.14	6060.21	9242.6	6060.21	4125.14	2915.19	2125.49	1590.85	1217.45	949.644	753.105	605.955	493.829	407.051	338.952	284.84	241.358	
0	281.182	334.598	401.823	487.487	598.172	743.432	937.448	1201.82	1570.42	2098.2	2877.75	4072.16	5982.38	9123.9	5982.38	4072.16	2877.75	2098.2	1570.42	1201.82	937.448	743.432	598.172	487.487	401.823	334.598	281.182	238.258	
0	277.57	330.3	396.661	481.224	590.488	733.882	925.405	1186.38	1550.25	2071.24	2840.78	4019.85	5905.53	9006.69	5905.53	4019.85	2840.78	2071.24	1550.25	1186.38	925.405	733.882	590.488	481.224	396.661	330.3	277.57	235.197	
0	274.004	326.056	391.565	475.042	582.901	724.453	913.516	1171.14	1530.33	2044.63	2804.28	3968.2	5829.65	8890.98	5829.65	3968.2	2804.28	2044.63	1530.33	1171.14	913.516	724.453	582.901	475.042	391.565	326.056	274.004	232.176	
0	270.483	321.866	386.533	468.937	575.411	715.144	901.777	1156.09	1510.67	2018.36	2768.25	3917.21	5754.74	8776.73	5754.74	3917.21	2768.25	2018.36	1510.67	1156.09	901.777	715.144	575.411	468.937	386.533	321.866	270.483	229.192	
0	267.006	317.73	381.566	462.911	568.016	705.953	890.187	1141.23	1491.25	1992.42	2732.67	3866.87	5680.78	8663.93	5680.78	3866.87	2732.67	1992.42	1491.25	1141.23	890.187	705.953	568.016	462.911	381.566	317.73	267.006	226.247	
0	263.574	313.646	376.661	456.96	560.714	696.878	878.745	1126.56	1472.08	1966.81	2697.54	3817.16	5607.76	8552.56	5607.76	3817.16	2697.54	1966.81	1472.08	1126.56	878.745	696.878	560.714	456.96	376.661	313.646	263.574	223.338	
0	260.186	309.613	371.818	451.085	553.506	687.919	867.447	1112.08	1453.16	1941.52	2662.86	3768.09	5535.66	8442.6	5535.66	3768.09	2662.86	1941.52	1453.16	1112.08	867.447	687.919	553.506	451.085	371.818	309.613	260.186	220.467	
0	256.84	305.632	367.037	445.285	546.388	679.073	856.293	1097.78	1434.47	1916.56	2628.62	3719.63	5464.48	8334.05	5464.48	3719.63	2628.62	1916.56	1434.47	1097.78	856.293	679.073	546.388	445.285	367.037	305.632	256.84	217.632	
0	253.537	301.701	362.317	439.558	539.361	670.34	845.28	1083.66	1416.02	1891.91	2594.81	3671.8	5394.21	8226.86	5394.21	3671.8	2594.81	1891.91	1416.02	1083.66	845.28	670.34	539.361	439.558	362.317	301.701	253.537	214.833	
0	250.276	297.821	357.657	433.904	532.424	661.718	834.408	1069.72	1397.81	1867.57	2561.44	3624.57	5324.82	8121.04	5324.82	3624.57	2561.44	1867.57	1397.81	1069.72	834.408	661.718	532.424	433.904	357.657	297.821	250.276	212.07	
0	247.056	293.989	353.055	428.322	525.574	653.205	823.673	1055.96	1379.82	1843.55	2528.49	3577.94	5256.32	8016.57	5256.32	3577.94	2528.49	1843.55	1379.82	1055.96	823.673	653.205	525.574	428.322	353.055	293.989	247.056	209.342	
0	243.877	290.207	348.513	422.811	518.812	644.8	813.075	1042.37	1362.07	1819.83	2495.95	3531.9	5188.69	7913.42	5188.69	3531.9	2495.95	1819.83	1362.07	1042.37	813.075	644.8	518.812	422.811	348.513	290.207	243.877	206.648	
0	240.739	286.472	344.027	417.37	512.135	636.502	802.611	1028.96	1344.54	1796.41	2463.83	3486.45	5121.91	7811.58	5121.91	3486.45	2463.83	1796.41	1344.54	1028.96	802.611	636.502	512.135	417.37	344.027	286.472	240.739	203.989	
0	237.64	282.785	339.599	411.998	505.543	628.309	792.281	1015.71	1327.24	1773.28	2432.12	3441.57	5055.99	7711.03	5055.99	3441.57	2432.12	1773.28	1327.24	1015.71	792.281	628.309	505.543	411.998	339.599	282.785	237.64	201.363	
0	234.581	279.144	335.228	406.694	499.035	620.221	782.081	1002.64	1310.15	1750.46	2400.81	3397.27	4990.9	7611.77	4990.9	3397.27	2400.81	1750.46	1310.15	1002.64	782.081	620.221	499.035	406.694	335.228	279.144	234.581	198.771	
0	231.56	275.55	330.911	401.457	492.61	612.235	772.012	989.728	1293.28	1727.92	2369.9	3353.53	4926.64	7513.76	4926.64	3353.53	2369.9	1727.92	1293.28	989.728	772.012	612.235	492.61	401.457	330.911	275.55	231.56	196.212	
0	228.578	272.002	326.65	396.288	486.266	604.351	762.07	976.982	1276.63	1705.67	2339.38	3310.34	4863.19	7417	4863.19	3310.34	2339.38	1705.67	1276.63	976.982	762.07	604.351	486.266	396.288	326.65	272.002	228.578	193.685	
0	225.634	268.498	322.443	391.184	480.003	596.567	752.255	964.399	1260.18	1683.7	2309.25	3267.7	4800.56	7321.48	4800.56	3267.7	2309.25	1683.7	1260.18	964.399	752.255	596.567	480.003	391.184	322.443	268.498	225.634	191.19	
0	222.728	265.04	318.289	386.144	473.82	588.882	742.564	951.976	1243.95	1662.01	2279.5	3225.61	4738.72	7227.16	4738.72	3225.61	2279.5	1662.01	1243.95	951.976	742.564	588.882	473.82	386.144	318.289	265.04	222.728	188.727	
0	219.858	261.625	314.188	381.169	467.715	581.295	732.997	939.711	1227.92	1640.6	2250.13	3184.05	4677.66	7134.05	4677.66	3184.05	2250.13	1640.6	1227.92	939.711	732.997	581.295	467.715	381.169	314.188	261.625	219.858	186.296	
0	217.025	258.253	310.14	376.258	461.688	573.804	723.552	927.601	1212.1	1619.45	2221.14	3143.02	4617.39	7042.12	4617.39	3143.02	2221.14	1619.45	1212.1	927.601	723.552	573.804	461.688	376.258	310.14	258.253	217.025	183.895	
0	214.228	254.925	306.143	371.408	455.738	566.409	714.227	915.646	1196.48	1598.58	2192.51	3102.51	4557.88	6951.36	4557.88	3102.51	2192.51	1598.58	1196.48	915.646	714.227	566.409	455.738	371.408	306.143	254.925	214.228	181.525	
0	211.467	251.639	302.196	366.621	449.863	559.108	705.02	903.843	1181.06	1577.98	2164.25	3062.52	4499.13	6861.75	4499.13	3062.52	2164.25	1577.98	1181.06	903.843	705.02	559.108	449.863	366.621	302.196	251.639	211.467	179.185	
0	208.74	248.395	298.3	361.894	444.063	551.9	695.931	892.191	1165.83	1557.63	2136.35	3023.04	4441.12	6773.29	4441.12	3023.04	2136.35	1557.63	1165.83	892.191	695.931	551.9	444.063	361.894	298.3	248.395	208.74	176.875	
0	206.049	245.192	294.454	357.228	438.338	544.783	686.957	880.687	1150.8	1537.55	2108.8	2984.06	4383.86	6685.95	4383.86	2984.06	2108.8	1537.55	1150.8	880.687	686.957	544.783	438.338	357.228	294.454	245.192	206.049	174.594	
0	203.391	242.03	290.657	352.621	432.684	537.758	678.098	869.329	1135.96	1517.72	2081.6	2945.57	4327.32	6599.73	4327.32	2945.57	2081.6	1517.72	1135.96	869.329	678.098	537.758	432.684	352.621	290.657	242.03	203.391	172.343	
0	200.768	238.908	286.907	348.072	427.103	530.821	669.351	858.116	1121.3	1498.14	2054.75	2907.58	4271.5	6514.6	4271.5	2907.58	2054.75	1498.14	1121.3	858.116	669.351	530.821	427.103	348.072	286.907	238.908	200.768	170.12	
0	198.178	235.826	283.206	343.582	421.594	523.973	660.716	847.045	1106.84	1478.82	2028.24	2870.07	4216.4	6430.56	4216.4	2870.07	2028.24	1478.82	1106.84	847.045	660.716	523.973	421.594	343.582	283.206	235.826	198.178	167.925	
0	195.621	232.783	279.552	339.149	416.154	517.213	652.191	836.116	1092.56	1459.73	2002.07	2833.04	4161.99	6347.59	4161.99	2833.04	2002.07	1459.73	1092.56	836.116	652.191	517.213	416.154	339.149	279.552	232.783	195.621	165.758	
0	193.096	229.779	275.944	334.772	410.783	510.538	643.775	825.326	1078.46	1440.9	1976.24	2796.48	4108.28	6265.67	4108.28	2796.48	1976.24	1440.9	1078.46	825.326	643.775	510.538	410.783	334.772	275.944	229.779	193.096	163.619	
0	190.604	226.813	272.383	330.451	405.481	503.949	635.465	814.674	1064.54	1422.3	1950.73	2760.39	4055.26	6184.8	4055.26	2760.39	1950.73	1422.3	1064.54	814.674	635.465	503.949	405.481	330.451	272.383	226.813	190.604	161.507	
0	188.144	223.885	268.867	326.186	400.247	497.443	627.262	804.157	1050.8	1403.94	1925.55	2724.75	4002.91	6104.96	4002.91	2724.75	1925.55	1403.94	1050.8	804.157	627.262	497.443	400.247	326.186	268.867	223.885	188.144	159.423	
0	185.714	220.995	265.395	321.974	395.079	491.02	619.163	793.774	1037.23	1385.81	1900.69	2689.57	3951.23	6026.14	3951.23	2689.57	1900.69	1385.81	1037.23	793.774	619.163	491.02	395.079	321.974	265.395	220.995	185.714	157.364	
0	183.316	218.141	261.968	317.816	389.978	484.68	611.168	783.524	1023.83	1367.92	1876.14	2654.84	3900.2	5948.32	3900.2	2654.84	1876.14	1367.92	1023.83	783.524	611.168	484.68	389.978	317.816	261.968	218.141	183.316	155.332	
0	180.949	215.324	258.585	313.712	384.941	478.42	603.275	773.405	1010.61	1350.25	1851.91	2620.55	3849.83	5871.5	3849.83	2620.55	1851.91	1350.25	1010.61	773.405	603.275	478.42	384.941	313.712	258.585	215.324	180.949	153.326	
0	178.611	212.542	255.245	309.659	379.969	472.24	595.482	763.414	997.557	1332.81	1827.99	2586.7	3800.1	5795.66	3800.1	2586.7	1827.99	1332.81	997.557	763.414	595.482	472.24	379.969	309.659	255.245	212.542	178.611	151.345	
0	176.304	209.796	251.947	305.659	375.06	466.139	587.789	753.552	984.669	1315.59	1804.37	2553.28	3751.01	5720.78	3751.01	2553.28	1804.37	1315.59	984.669	753.552	587.789	466.139	375.06	305.659	251.947	209.796	176.304	149.39	
0	174.026	207.085	248.691	301.709	370.213	460.116	580.194	743.815	971.945	1298.59	1781.06	2520.29	3702.54	5646.86	3702.54	2520.29	1781.06	1298.59	971.945	743.815	580.194	460.116	370.213	301.709	248.691	207.085	174.026	147.46	
0	171.777	204.409	245.477	297.81	365.429	454.17	572.695	734.202	959.384	1281.81	1758.04	2487.72	3654.69	5573.88	3654.69	2487.72	1758.04	1281.81	959.384	734.202	572.695	454.17	365.429	297.81	245.477	204.409	171.777	145.554	
0	169.556	201.767	242.304	293.961	360.705	448.299	565.293	724.712	946.984	1265.24	1735.32	2455.56	3607.45	5501.83	3607.45	2455.56	1735.32	1265.24	946.984	724.712	565.293	448.299	360.705	293.961	242.304	201.767	169.556	143.673	
0	167.364	199.159	239.172	290.16	356.042	442.504	557.985	715.343	934.741	1248.88	1712.88	2423.82	3560.81	5430.71	3560.81	2423.82	1712.88	1248.88	934.741	715.343	557.985	442.504	356.042	290.16	239.172	199.159	167.364	141.815	
0	165.2	196.584	236.08	286.409	351.439	436.782	550.77	706.094	922.655	1232.73	1690.74	2392.48	3514.77	5360.49	3514.77	2392.48	1690.74	1232.73	922.655	706.094	550.77	436.782	351.439	286.409	236.08	196.584	165.2	139.982	
0	163.064	194.041	233.027	282.705	346.894	431.134	543.648	696.963	910.724	1216.79	1668.87	2361.54	3469.32	5291.17	3469.32	2361.54	1668.87	1216.79	910.724	696.963	543.648	431.134	346.894	282.705	233.027	194.041	163.064	138.171	
0	160.955	191.532	230.013	279.048	342.407	425.558	536.616	687.948	898.945	1201.06	1647.29	2331	3424.45	5222.74	3424.45	2331	1647.29	1201.06	898.945	687.948	536.616	425.558	342.407	279.048	230.013	191.532	160.955	136.384	
0	158.873	189.054	227.037	275.439	337.978	420.053	529.675	679.049	887.316	1185.52	1625.98	2300.84	3380.15	5155.17	3380.15	2300.84	1625.98	1185.52	887.316	679.049	529.675	420.053	337.978	275.439	227.037	189.054	158.873	134.62	
0	156.817	186.608	224.1	271.875	333.605	414.618	522.822	670.263	875.836	1170.18	1604.94	2271.08	3336.42	5088.48	3336.42	2271.08	1604.94	1170.18	875.836	670.263	522.822	414.618	333.605	271.875	224.1	186.608	156.817	132.878	
0	154.788	184.193	221.2	268.357	329.288	409.253	516.057	661.59	864.502	1155.04	1584.17	2241.69	3293.24	5022.63	3293.24	2241.69	1584.17	1155.04	864.502	661.59	516.057	409.253	329.288	268.357	221.2	184.193	154.788	131.159	
0	152.785	181.809	218.337	264.884	325.027	403.956	509.378	653.028	853.314	1140.09	1563.67	2212.68	3250.62	4957.63	3250.62	2212.68	1563.67	1140.09	853.314	653.028	509.378	403.956	325.027	264.884	218.337	181.809	152.785	129.461	
0	150.807	179.456	215.511	261.455	320.819	398.727	502.784	644.575	842.269	1125.33	1543.43	2184.03	3208.55	4893.46	3208.55	2184.03	1543.43	1125.33	842.269	644.575	502.784	398.727	320.819	261.455	215.511	179.456	150.807	127.786	
0	148.855	177.133	212.721	258.07	316.666	393.565	496.275	636.23	831.364	1110.76	1523.45	2155.76	3167.01	4830.11	3167.01	2155.76	1523.45	1110.76	831.364	636.23	496.275	393.565	316.666	258.07	212.721	177.133	148.855	126.131	
0	146.927	174.839	209.967	254.729	312.566	388.469	489.849	627.992	820.6	1096.38	1503.72	2127.85	3126	4767.56	3126	2127.85	1503.72	1096.38	820.6	627.992	489.849	388.469	312.566	254.729	209.967	174.839	146.927	124.498	
0	145.025	172.575	207.247	251.43	308.518	383.439	483.506	619.859	809.973	1082.18	1484.25	2100.29	3085.52	4705.82	3085.52	2100.29	1484.25	1082.18	809.973	619.859	483.506	383.439	308.518	251.43	207.247	172.575	145.025	122.886	
0	143.146	170.34	204.563	248.173	304.522	378.472	477.243	611.831	799.482	1068.17	1465.03	2073.09	3045.55	4644.87	3045.55	2073.09	1465.03	1068.17	799.482	611.831	477.243	378.472	304.522	248.173	204.563	170.34	143.146	121.294	
0	141.292	168.133	201.913	244.958	300.577	373.569	471.061	603.905	789.125	1054.33	1446.05	2046.23	3006.1	4584.7	3006.1	2046.23	1446.05	1054.33	789.125	603.905	471.061	373.569	300.577	244.958	201.913	168.133	141.292	119.723	
0	139.461	165.955	199.297	241.785	296.683	368.729	464.957	596.08	778.901	1040.67	1427.31	2019.72	2967.15	4525.3	2967.15	2019.72	1427.31	1040.67	778.901	596.08	464.957	368.729	296.683	241.785	199.297	165.955	139.461	118.172	
0	137.654	163.804	196.715	238.652	292.838	363.951	458.932	588.356	768.807	1027.18	1408.82	1993.55	2928.7	4466.66	2928.7	1993.55	1408.82	1027.18	768.807	588.356	458.932	363.951	292.838	238.652	196.715	163.804	137.654	116.64	
0	135.87	161.681	194.165	235.558	289.043	359.234	452.984	580.731	758.843	1013.87	1390.56	1967.71	2890.75	4408.77	2890.75	1967.71	1390.56	1013.87	758.843	580.731	452.984	359.234	289.043	235.558	194.165	161.681	135.87	115.129	
0	134.109	159.585	191.648	232.505	285.296	354.577	447.112	573.203	749.007	1000.73	1372.53	1942.2	2853.27	4351.62	2853.27	1942.2	1372.53	1000.73	749.007	573.203	447.112	354.577	285.296	232.505	191.648	159.585	134.109	113.636	
0	132.37	157.516	189.163	229.491	281.597	349.98	441.316	565.772	739.296	987.753	1354.74	1917.02	2816.28	4295.2	2816.28	1917.02	1354.74	987.753	739.296	565.772	441.316	349.98	281.597	229.491	189.163	157.516	132.37	112.163	
0	130.654	155.474	186.711	226.515	277.946	345.442	435.593	558.436	729.71	974.946	1337.17	1892.17	2779.77	4239.51	2779.77	1892.17	1337.17	974.946	729.71	558.436	435.593	345.442	277.946	226.515	186.711	155.474	130.654	110.709	
0	128.959	153.458	184.289	223.577	274.341	340.963	429.944	551.194	720.247	962.302	1319.83	1867.63	2743.72	4184.53	2743.72	1867.63	1319.83	962.302	720.247	551.194	429.944	340.963	274.341	223.577	184.289	153.458	128.959	109.273	
0	127.287	151.467	181.899	220.677	270.783	336.54	424.368	544.044	710.905	949.82	1302.71	1843.4	2708.13	4130.25	2708.13	1843.4	1302.71	949.82	710.905	544.044	424.368	336.54	270.783	220.677	181.899	151.467	127.287	107.856	
0	125.635	149.502	179.539	217.815	267.27	332.174	418.863	536.986	701.682	937.499	1285.81	1819.49	2673	4076.67	2673	1819.49	1285.81	937.499	701.682	536.986	418.863	332.174	267.27	217.815	179.539	149.502	125.635	106.457	
0	124.005	147.563	177.21	214.989	263.803	327.864	413.428	530.019	692.578	925.335	1269.13	1795.88	2638.31	4023.78	2638.31	1795.88	1269.13	925.335	692.578	530.019	413.428	327.864	263.803	214.989	177.21	147.563	124.005	105.075	
0	122.396	145.648	174.91	212.199	260.379	323.61	408.063	523.141	683.591	913.327	1252.66	1772.58	2604.08	3971.57	2604.08	1772.58	1252.66	913.327	683.591	523.141	408.063	323.61	260.379	212.199	174.91	145.648	122.396	103.712	
0	120.808	143.757	172.64	209.445	257	319.41	402.767	516.352	674.719	901.473	1236.4	1749.57	2570.28	3920.02	2570.28	1749.57	1236.4	901.473	674.719	516.352	402.767	319.41	257	209.445	172.64	143.757	120.808	102.366	
0	119.239	141.891	170.399	206.726	253.664	315.264	397.539	509.649	665.96	889.772	1220.35	1726.86	2536.92	3869.14	2536.92	1726.86	1220.35	889.772	665.96	509.649	397.539	315.264	253.664	206.726	170.399	141.891	119.239	101.037	
0	117.691	140.049	168.187	204.042	250.371	311.171	392.378	503.032	657.314	878.22	1204.51	1704.44	2503.98	3818.9	2503.98	1704.44	1204.51	878.22	657.314	503.032	392.378	311.171	250.371	204.042	168.187	140.049	117.691	99.7252	
0	116.163	138.231	166.003	201.393	247.12	307.13	387.283	496.501	648.779	866.816	1188.87	1682.31	2471.47	3769.32	2471.47	1682.31	1188.87	866.816	648.779	496.501	387.283	307.13	247.12	201.393	166.003	138.231	116.163	98.4303	
0	114.655	136.436	163.847	198.777	243.91	303.141	382.253	490.053	640.354	855.559	1173.43	1660.46	2439.37	3720.36	2439.37	1660.46	1173.43	855.559	640.354	490.053	382.253	303.141	243.91	198.777	163.847	136.436	114.655	97.152	
0	113.165	134.663	161.719	196.195	240.742	299.204	377.288	483.688	632.036	844.447	1158.19	1638.89	2407.69	3672.04	2407.69	1638.89	1158.19	844.447	632.036	483.688	377.288	299.204	240.742	196.195	161.719	134.663	113.165	95.8901	
0	111.695	132.914	159.618	193.647	237.615	295.317	372.387	477.404	623.826	833.477	1143.14	1617.6	2376.41	3624.34	2376.41	1617.6	1143.14	833.477	623.826	477.404	372.387	295.317	237.615	193.647	159.618	132.914	111.695	94.6444	
0	110.244	131.187	157.544	191.131	234.527	291.48	367.548	471.201	615.72	822.647	1128.29	1596.59	2345.53	3577.25	2345.53	1596.59	1128.29	822.647	615.72	471.201	367.548	291.48	234.527	191.131	157.544	131.187	110.244	93.4147	
0	108.811	129.482	155.497	188.647	231.48	287.692	362.772	465.078	607.719	811.957	1113.63	1575.84	2315.05	3530.76	2315.05	1575.84	1113.63	811.957	607.719	465.078	362.772	287.692	231.48	188.647	155.497	129.482	108.811	92.2008	
0	107.397	127.8	153.476	186.195	228.471	283.953	358.057	459.034	599.821	801.404	1099.15	1555.36	2284.96	3484.88	2284.96	1555.36	1099.15	801.404	599.821	459.034	358.057	283.953	228.471	186.195	153.476	127.8	107.397	91.0025	
0	106.001	126.138	151.481	183.775	225.501	280.262	353.403	453.067	592.024	790.987	1084.87	1535.14	2255.26	3439.58	2255.26	1535.14	1084.87	790.987	592.024	453.067	353.403	280.262	225.501	183.775	151.481	126.138	106.001	89.8196	
0	104.623	124.498	149.512	181.386	222.57	276.619	348.809	447.176	584.327	780.704	1070.76	1515.18	2225.94	3394.86	2225.94	1515.18	1070.76	780.704	584.327	447.176	348.809	276.619	222.57	181.386	149.512	124.498	104.623	88.6518	
0	103.263	122.88	147.568	179.027	219.676	273.022	344.273	441.362	576.729	770.552	1056.84	1495.48	2197	3350.72	2197	1495.48	1056.84	770.552	576.729	441.362	344.273	273.022	219.676	179.027	147.568	122.88	103.263	87.4991	
0	101.92	121.282	145.648	176.699	216.819	269.471	339.796	435.622	569.229	760.531	1043.09	1476.03	2168.43	3307.14	2168.43	1476.03	1043.09	760.531	569.229	435.622	339.796	269.471	216.819	176.699	145.648	121.282	101.92	86.3612	
0	100.594	119.704	143.754	174.401	213.999	265.966	335.376	429.956	561.825	750.639	1029.53	1456.83	2140.22	3264.13	2140.22	1456.83	1029.53	750.639	561.825	429.956	335.376	265.966	213.999	174.401	143.754	119.704	100.594	85.2379	
0	99.2855	118.147	141.884	172.132	211.215	262.506	331.013	424.363	554.517	740.874	1016.13	1437.88	2112.38	3221.66	2112.38	1437.88	1016.13	740.874	554.517	424.363	331.013	262.506	211.215	172.132	141.884	118.147	99.2855	84.1291	
0	97.9937	116.61	140.038	169.892	208.467	259.091	326.707	418.841	547.302	731.235	1002.91	1419.17	2084.9	3179.75	2084.9	1419.17	1002.91	731.235	547.302	418.841	326.707	259.091	208.467	169.892	140.038	116.61	97.9937	83.0345	
0	96.7185	115.092	138.216	167.681	205.754	255.719	322.455	413.391	540.18	721.72	989.863	1400.71	2057.77	3138.37	2057.77	1400.71	989.863	721.72	540.18	413.391	322.455	255.719	205.754	167.681	138.216	115.092	96.7185	81.954	
0	95.4598	113.594	136.417	165.499	203.076	252.391	318.259	408.011	533.15	712.327	976.98	1382.48	2030.99	3097.53	2030.99	1382.48	976.98	712.327	533.15	408.011	318.259	252.391	203.076	165.499	136.417	113.594	95.4598	80.8874	
0	94.2172	112.116	134.641	163.345	200.433	249.106	314.116	402.7	526.21	703.054	964.263	1364.48	2004.55	3057.21	2004.55	1364.48	964.263	703.054	526.21	402.7	314.116	249.106	200.433	163.345	134.641	112.116	94.2172	79.8345	
0	92.9906	110.656	132.888	161.218	197.824	245.863	310.027	397.457	519.359	693.902	951.709	1346.72	1978.45	3017.4	1978.45	1346.72	951.709	693.902	519.359	397.457	310.027	245.863	197.824	161.218	132.888	110.656	92.9906	78.7952	
0	91.7798	109.215	131.158	159.119	195.248	242.662	305.99	392.282	512.597	684.867	939.318	1329.18	1952.69	2978.12	1952.69	1329.18	939.318	684.867	512.597	392.282	305.99	242.662	195.248	159.119	131.158	109.215	91.7798	77.7692	
0	90.5846	107.793	129.45	157.047	192.705	239.502	302.005	387.174	505.921	675.948	927.085	1311.87	1927.26	2939.33	1927.26	1311.87	927.085	675.948	505.921	387.174	302.005	239.502	192.705	157.047	129.45	107.793	90.5846	76.7564	
0	89.4048	106.389	127.764	155.002	190.195	236.382	298.071	382.131	499.332	667.144	915.01	1294.79	1902.16	2901.05	1902.16	1294.79	915.01	667.144	499.332	382.131	298.071	236.382	190.195	155.002	127.764	106.389	89.4048	75.7567	
0	88.2401	105.003	126.1	152.982	187.718	233.303	294.189	377.153	492.827	658.453	903.091	1277.92	1877.38	2863.26	1877.38	1277.92	903.091	658.453	492.827	377.153	294.189	233.303	187.718	152.982	126.1	105.003	88.2401	74.7698	
0	87.0905	103.635	124.457	150.989	185.272	230.263	290.356	372.239	486.406	649.874	891.325	1261.27	1852.92	2825.95	1852.92	1261.27	891.325	649.874	486.406	372.239	290.356	230.263	185.272	150.989	124.457	103.635	87.0905	73.7957	
0	85.9556	102.285	122.835	149.022	182.858	227.263	286.572	367.389	480.068	641.406	879.71	1244.84	1828.78	2789.13	1828.78	1244.84	879.71	641.406	480.068	367.389	286.572	227.263	182.858	149.022	122.835	102.285	85.9556	72.8341	
0	84.8354	100.952	121.234	147.08	180.475	224.301	282.837	362.601	473.812	633.047	868.245	1228.61	1804.94	2752.78	1804.94	1228.61	868.245	633.047	473.812	362.601	282.837	224.301	180.475	147.08	121.234	100.952	84.8354	71.8849	
0	83.7296	99.6358	119.654	145.163	178.122	221.377	279.151	357.874	467.636	624.796	856.928	1212.6	1781.42	2716.9	1781.42	1212.6	856.928	624.796	467.636	357.874	279.151	221.377	178.122	145.163	119.654	99.6358	83.7296	70.9479	
0	82.6381	98.3369	118.094	143.27	175.8	218.491	275.512	353.209	461.54	616.65	845.757	1196.79	1758.19	2681.48	1758.19	1196.79	845.757	616.65	461.54	353.209	275.512	218.491	175.8	143.27	118.094	98.3369	82.6381	70.023	
0	81.5606	97.0547	116.554	141.402	173.508	215.643	271.919	348.604	455.522	608.61	834.729	1181.19	1735.27	2646.52	1735.27	1181.19	834.729	608.61	455.522	348.604	271.919	215.643	173.508	141.402	116.554	97.0547	81.5606	69.11	
0	80.497	95.7891	115.034	139.558	171.245	212.831	268.373	344.058	449.582	600.674	823.844	1165.78	1712.64	2612.01	1712.64	1165.78	823.844	600.674	449.582	344.058	268.373	212.831	171.245	139.558	115.034	95.7891	80.497	68.2088	
0	79.4472	94.5398	113.534	137.738	169.012	210.055	264.873	339.57	443.718	592.84	813.099	1150.58	1690.3	2577.94	1690.3	1150.58	813.099	592.84	443.718	339.57	264.873	210.055	169.012	137.738	113.534	94.5398	79.4472	67.3192	
0	78.4108	93.3066	112.053	135.941	166.807	207.315	261.418	335.141	437.93	585.106	802.493	1135.57	1668.26	2544.31	1668.26	1135.57	802.493	585.106	437.93	335.141	261.418	207.315	166.807	135.941	112.053	93.3066	78.4108	66.441	
0	77.3879	92.0893	110.591	134.168	164.631	204.61	258.008	330.769	432.217	577.473	792.024	1120.75	1646.49	2511.12	1646.49	1120.75	792.024	577.473	432.217	330.769	258.008	204.61	164.631	134.168	110.591	92.0893	77.3879	65.5742	
0	76.3781	90.8877	109.148	132.417	162.483	201.94	254.641	326.453	426.577	569.938	781.689	1106.13	1625.01	2478.35	1625.01	1106.13	781.689	569.938	426.577	326.453	254.641	201.94	162.483	132.417	109.148	90.8877	76.3781	64.7186	
0	75.3813	89.7016	107.724	130.689	160.362	199.305	251.318	322.192	421.01	562.5	771.488	1091.7	1603.8	2446.01	1603.8	1091.7	771.488	562.5	421.01	322.192	251.318	199.305	160.362	130.689	107.724	89.7016	75.3813	63.874	
0	74.3974	88.5308	106.318	128.983	158.269	196.703	248.038	317.987	415.515	555.158	761.418	1077.45	1582.87	2414.09	1582.87	1077.45	761.418	555.158	415.515	317.987	248.038	196.703	158.269	128.983	106.318	88.5308	74.3974	63.0403	
0	73.4263	87.3751	104.93	127.299	156.203	194.136	244.8	313.836	410.091	547.911	751.479	1063.38	1562.2	2382.57	1562.2	1063.38	751.479	547.911	410.091	313.836	244.8	194.136	156.203	127.299	104.93	87.3751	73.4263	62.2174	
0	72.4676	86.2343	103.56	125.637	154.164	191.601	241.604	309.739	404.737	540.758	741.667	1049.5	1541.81	2351.47	1541.81	1049.5	741.667	540.758	404.737	309.739	241.604	191.601	154.164	125.637	103.56	86.2343	72.4676	61.4051	
0	71.5213	85.1083	102.208	123.997	152.151	189.099	238.449	305.694	399.452	533.696	731.983	1035.79	1521.68	2320.76	1521.68	1035.79	731.983	533.696	399.452	305.694	238.449	189.099	152.151	123.997	102.208	85.1083	71.5213	60.6032	
0	70.5872	83.9968	100.873	122.378	150.164	186.629	235.335	301.702	394.235	526.726	722.423	1022.27	1501.8	2290.45	1501.8	1022.27	722.423	526.726	394.235	301.702	235.335	186.629	150.164	122.378	100.873	83.9968	70.5872	59.8118	
0	69.6652	82.8996	99.5551	120.779	148.202	184.192	232.261	297.761	389.085	519.846	712.987	1008.91	1482.19	2260.53	1482.19	1008.91	712.987	519.846	389.085	297.761	232.261	184.192	148.202	120.779	99.5551	82.8996	69.6652	59.0305	
0	68.7552	81.8166	98.2546	119.201	146.266	181.785	229.227	293.871	384.002	513.055	703.672	995.733	1462.82	2231	1462.82	995.733	703.672	513.055	384.002	293.871	229.227	181.785	146.266	119.201	98.2546	81.8166	68.7552	58.2593	
0	67.8568	80.7476	96.9708	117.644	144.355	179.41	226.232	290.031	378.985	506.352	694.478	982.723	1443.71	2201.85	1443.71	982.723	694.478	506.352	378.985	290.031	226.232	179.41	144.355	117.644	96.9708	80.7476	67.8568	57.4981	
0	66.9701	79.6924	95.7036	116.106	142.469	177.066	223.275	286.241	374.033	499.735	685.403	969.881	1424.84	2173.08	1424.84	969.881	685.403	499.735	374.033	286.241	223.275	177.066	142.469	116.106	95.7036	79.6924	66.9701	56.7468	
0	66.0948	78.6509	94.4528	114.589	140.607	174.752	220.357	282.5	369.144	493.203	676.445	957.205	1406.22	2144.68	1406.22	957.205	676.445	493.203	369.144	282.5	220.357	174.752	140.607	114.589	94.4528	78.6509	66.0948	56.0051	
0	65.2308	77.6228	93.2182	113.091	138.769	172.467	217.477	278.807	364.319	486.756	667.603	944.693	1387.84	2116.64	1387.84	944.693	667.603	486.756	364.319	278.807	217.477	172.467	138.769	113.091	93.2182	77.6228	65.2308	55.273	
0	64.378	76.608	91.9995	111.613	136.955	170.213	214.633	275.162	359.556	480.393	658.875	932.342	1369.7	2088.97	1369.7	932.342	658.875	480.393	359.556	275.162	214.633	170.213	136.955	111.613	91.9995	76.608	64.378	54.5504	
0	63.5363	75.6063	90.7965	110.153	135.164	167.987	211.827	271.565	354.855	474.111	650.26	920.151	1351.79	2061.66	1351.79	920.151	650.26	474.111	354.855	271.565	211.827	167.987	135.164	110.153	90.7965	75.6063	63.5363	53.8371	
0	62.7054	74.6176	89.6091	108.713	133.396	165.79	209.057	268.013	350.214	467.911	641.756	908.118	1334.11	2034.7	1334.11	908.118	641.756	467.911	350.214	268.013	209.057	165.79	133.396	108.713	89.6091	74.6176	62.7054	53.1331	
0	61.8852	73.6416	88.4371	107.291	131.652	163.622	206.323	264.508	345.633	461.791	633.362	896.241	1316.66	2008.08	1316.66	896.241	633.362	461.791	345.633	264.508	206.323	163.622	131.652	107.291	88.4371	73.6416	61.8852	52.4382	
0	61.0757	72.6783	87.2803	105.887	129.929	161.481	203.624	261.048	341.112	455.751	625.077	884.517	1299.44	1981.82	1299.44	884.517	625.077	455.751	341.112	261.048	203.624	161.481	129.929	105.887	87.2803	72.6783	61.0757	51.7522	
0	60.2766	71.7274	86.1384	104.502	128.229	159.369	200.96	257.632	336.649	449.788	616.899	872.944	1282.44	1955.89	1282.44	872.944	616.899	449.788	336.649	257.632	200.96	159.369	128.229	104.502	86.1384	71.7274	60.2766	51.0751	
0	59.4879	70.7889	85.0112	103.135	126.552	157.283	198.33	254.261	332.244	443.902	608.827	861.522	1265.65	1930.3	1265.65	861.522	608.827	443.902	332.244	254.261	198.33	157.283	126.552	103.135	85.0112	70.7889	59.4879	50.4068	
0	58.7094	69.8625	83.8987	101.785	124.895	155.225	195.734	250.934	327.896	438.093	600.859	850.247	1249.09	1905.03	1249.09	850.247	600.859	438.093	327.896	250.934	195.734	155.225	124.895	101.785	83.8987	69.8625	58.7094	49.7471	
0	57.941	68.948	82.8005	100.453	123.261	153.193	193.173	247.649	323.604	432.359	592.995	839.118	1232.74	1880.1	1232.74	839.118	592.995	432.359	323.604	247.649	193.173	153.193	123.261	100.453	82.8005	68.948	57.941	49.096	
0	57.1825	68.0454	81.7166	99.1375	121.647	151.188	190.644	244.407	319.368	426.699	585.232	828.133	1216.6	1855.49	1216.6	828.133	585.232	426.699	319.368	244.407	190.644	151.188	121.647	99.1375	81.7166	68.0454	57.1825	48.4533	
0	56.4338	67.1545	80.6467	97.8396	120.054	149.208	188.148	241.207	315.187	421.112	577.57	817.291	1200.68	1831.19	1200.68	817.291	577.57	421.112	315.187	241.207	188.148	149.208	120.054	97.8396	80.6467	67.1545	56.4338	47.8189	
0	55.6948	66.2752	79.5907	96.5584	118.482	147.255	185.684	238.049	311.059	415.598	570.007	806.589	1184.95	1807.21	1184.95	806.589	570.007	415.598	311.059	238.049	185.684	147.255	118.482	96.5584	79.5907	66.2752	55.6948	47.1927	
0	54.9654	65.4072	78.5483	95.2938	116.931	145.326	183.252	234.931	306.986	410.155	562.541	796.025	1169.43	1783.55	1169.43	796.025	562.541	410.155	306.986	234.931	183.252	145.326	116.931	95.2938	78.5483	65.4072	54.9654	46.5747	
0	54.2454	64.5505	77.5194	94.0456	115.399	143.422	180.852	231.854	302.964	404.783	555.173	785.598	1154.12	1760.18	1154.12	785.598	555.173	404.783	302.964	231.854	180.852	143.422	115.399	94.0456	77.5194	64.5505	54.2454	45.9646	
0	53.5348	63.7048	76.5039	92.8135	113.887	141.544	178.483	228.817	298.996	399.48	547.9	775.307	1139	1737.13	1139	775.307	547.9	399.48	298.996	228.817	178.483	141.544	113.887	92.8135	76.5039	63.7048	53.5348	45.3624	
0	52.8334	62.8701	75.5015	91.5975	112.395	139.689	176.144	225.819	295.078	394.246	540.721	765.148	1124.07	1714.37	1124.07	765.148	540.721	394.246	295.078	225.819	176.144	139.689	112.395	91.5975	75.5015	62.8701	52.8334	44.7681	
0	52.141	62.0463	74.5121	90.3972	110.922	137.858	173.836	222.859	291.211	389.079	533.635	755.122	1109.34	1691.9	1109.34	755.122	533.635	389.079	291.211	222.859	173.836	137.858	110.922	90.3972	74.5121	62.0463	52.141	44.1814	
0	51.4576	61.2331	73.5356	89.2124	109.468	136.052	171.557	219.939	287.395	383.98	526.642	745.225	1094.8	1669.73	1094.8	745.225	526.642	383.98	287.395	219.939	171.557	136.052	109.468	89.2124	73.5356	61.2331	51.4576	43.6024	
0	50.7831	60.4304	72.5717	88.043	108.033	134.268	169.309	217.056	283.627	378.947	519.738	735.457	1080.45	1647.84	1080.45	735.457	519.738	378.947	283.627	217.056	169.309	134.268	108.033	88.043	72.5717	60.4304	50.7831	43.0308	
0	50.1174	59.6382	71.6202	86.8888	106.617	132.508	167.089	214.21	279.909	373.979	512.925	725.815	1066.29	1626.24	1066.29	725.815	512.925	373.979	279.909	214.21	167.089	132.508	106.617	86.8888	71.6202	59.6382	50.1174	42.4667	
0	49.4602	58.8562	70.6812	85.7495	105.219	130.771	164.898	211.401	276.239	369.075	506.199	716.298	1052.31	1604.91	1052.31	716.298	506.199	369.075	276.239	211.401	164.898	130.771	105.219	85.7495	70.6812	58.8562	49.4602	41.9099	
0	48.8116	58.0844	69.7543	84.625	103.839	129.056	162.736	208.629	272.616	364.235	499.561	706.905	1038.51	1583.87	1038.51	706.905	499.561	364.235	272.616	208.629	162.736	129.056	103.839	84.625	69.7543	58.0844	48.8116	41.3603	
0	48.1714	57.3226	68.8394	83.5151	102.477	127.363	160.601	205.893	269.041	359.458	493.009	697.633	1024.89	1563.09	1024.89	697.633	493.009	359.458	269.041	205.893	160.601	127.363	102.477	83.5151	68.8394	57.3226	48.1714	40.8178	
0	47.5395	56.5707	67.9364	82.4196	101.133	125.692	158.495	203.192	265.512	354.743	486.542	688.482	1011.44	1542.59	1011.44	688.482	486.542	354.743	265.512	203.192	158.495	125.692	101.133	82.4196	67.9364	56.5707	47.5395	40.2824	
0	46.9159	55.8285	67.0451	81.3383	99.8064	124.043	156.415	200.526	262.028	350.089	480.159	679.449	998.174	1522.35	998.174	679.449	480.159	350.089	262.028	200.526	156.415	124.043	99.8064	81.3383	67.0451	55.8285	46.9159	39.7539	
0	46.3003	55.0959	66.1654	80.271	98.4968	122.416	154.363	197.895	258.59	345.495	473.858	670.534	985.076	1502.38	985.076	670.534	473.858	345.495	258.59	197.895	154.363	122.416	98.4968	80.271	66.1654	55.0959	46.3003	39.2323	
0	45.6926	54.3729	65.2971	79.2176	97.2042	120.809	152.337	195.298	255.197	340.961	467.64	661.735	972.149	1482.66	972.149	661.735	467.64	340.961	255.197	195.298	152.337	120.809	97.2042	79.2176	65.2971	54.3729	45.6926	38.7174	
0	45.0929	53.6593	64.4401	78.1779	95.9284	119.224	150.338	192.735	251.847	336.486	461.502	653.049	959.389	1463.2	959.389	653.049	461.502	336.486	251.847	192.735	150.338	119.224	95.9284	78.1779	64.4401	53.6593	45.0929	38.2093	
0	44.501	52.9549	63.5942	77.1516	94.6691	117.659	148.364	190.205	248.541	332.069	455.444	644.477	946.795	1443.99	946.795	644.477	455.444	332.069	248.541	190.205	148.364	117.659	94.6691	77.1516	63.5942	52.9549	44.501	37.7077	
0	43.9167	52.2596	62.7592	76.1387	93.4262	116.114	146.416	187.707	245.278	327.709	449.464	636.015	934.365	1425.03	934.365	636.015	449.464	327.709	245.278	187.707	146.416	116.114	93.4262	76.1387	62.7592	52.2596	43.9167	37.2126	
0	43.3401	51.5734	61.9352	75.1389	92.1995	114.589	144.494	185.243	242.057	323.406	443.563	627.664	922.096	1406.32	922.096	627.664	443.563	323.406	242.057	185.243	144.494	114.589	92.1995	75.1389	61.9352	51.5734	43.3401	36.724	
0	42.7709	50.8961	61.1218	74.1522	90.9887	113.084	142.596	182.81	238.879	319.159	437.738	619.421	909.987	1387.85	909.987	619.421	437.738	319.159	238.879	182.81	142.596	113.084	90.9887	74.1522	61.1218	50.8961	42.7709	36.2417	
0	42.2091	50.2276	60.319	73.1782	89.7936	111.599	140.723	180.409	235.741	314.967	431.988	611.285	898.034	1369.63	898.034	611.285	431.988	314.967	235.741	180.409	140.723	111.599	89.7936	73.1782	60.319	50.2276	42.2091	35.7657	
0	41.6547	49.5678	59.5266	72.2169	88.614	110.133	138.875	178.039	232.644	310.83	426.313	603.255	886.237	1351.63	886.237	603.255	426.313	310.83	232.644	178.039	138.875	110.133	88.614	72.2169	59.5266	49.5678	41.6547	35.2959	
0	41.1074	48.9166	58.7445	71.2681	87.4498	108.686	137.05	175.7	229.588	306.746	420.712	595.33	874.594	1333.88	874.594	595.33	420.712	306.746	229.588	175.7	137.05	108.686	87.4498	71.2681	58.7445	48.9166	41.1074	34.8321	
0	40.5672	48.2738	57.9726	70.3316	86.3007	107.258	135.249	173.391	226.571	302.715	415.184	587.507	863.101	1316.35	863.101	587.507	415.184	302.715	226.571	173.391	135.249	107.258	86.3007	70.3316	57.9726	48.2738	40.5672	34.3744	
0	40.0341	47.6394	57.2107	69.4073	85.1665	105.848	133.472	171.112	223.593	298.737	409.728	579.786	851.759	1299.05	851.759	579.786	409.728	298.737	223.593	171.112	133.472	105.848	85.1665	69.4073	57.2107	47.6394	40.0341	33.9227	
0	39.5079	47.0132	56.4588	68.4951	84.0471	104.457	131.718	168.863	220.654	294.81	404.342	572.165	840.563	1281.97	840.563	572.165	404.342	294.81	220.654	168.863	131.718	104.457	84.0471	68.4951	56.4588	47.0132	39.5079	33.4768	
0	38.9885	46.3952	55.7166	67.5946	82.9422	103.084	129.986	166.643	217.754	290.935	399.027	564.644	829.513	1265.12	829.513	564.644	399.027	290.935	217.754	166.643	129.986	103.084	82.9422	67.5946	55.7166	46.3952	38.9885	33.0367	
0	38.4759	45.7852	54.984	66.7059	81.8517	101.729	128.277	164.453	214.891	287.11	393.781	557.22	818.607	1248.49	818.607	557.22	393.781	287.11	214.891	164.453	128.277	101.729	81.8517	66.7059	54.984	45.7852	38.4759	32.6024	
0	37.97	45.1832	54.261	65.8288	80.7754	100.391	126.59	162.29	212.065	283.334	388.603	549.893	807.843	1232.07	807.843	549.893	388.603	283.334	212.065	162.29	126.59	100.391	80.7754	65.8288	54.261	45.1832	37.97	32.1737	
0	37.4706	44.5889	53.5474	64.963	79.7131	99.0706	124.925	160.156	209.276	279.608	383.492	542.661	797.219	1215.87	797.219	542.661	383.492	279.608	209.276	160.156	124.925	99.0706	79.7131	64.963	53.5474	44.5889	37.4706	31.7506	
0	36.9778	44.0025	52.8431	64.1086	78.6646	97.7675	123.282	158.049	206.523	275.93	378.448	535.523	786.733	1199.88	786.733	535.523	378.448	275.93	206.523	158.049	123.282	97.7675	78.6646	64.1086	52.8431	44.0025	36.9778	31.3329	
0	36.4913	43.4236	52.1479	63.2652	77.6298	96.4814	121.66	155.97	203.807	272.3	373.469	528.478	776.383	1184.09	776.383	528.478	373.469	272.3	203.807	155.97	121.66	96.4814	77.6298	63.2652	52.1479	43.4236	36.4913	30.9207	
0	36.0112	42.8523	51.4618	62.4328	76.6084	95.212	120.06	153.918	201.125	268.718	368.556	521.525	766.168	1168.51	766.168	521.525	368.556	268.718	201.125	153.918	120.06	95.212	76.6084	62.4328	51.4618	42.8523	36.0112	30.5139	
0	35.5373	42.2884	50.7847	61.6113	75.6003	93.9591	118.48	151.893	198.479	265.182	363.706	514.662	756.086	1153.14	756.086	514.662	363.706	265.182	198.479	151.893	118.48	93.9591	75.6003	61.6113	50.7847	42.2884	35.5373	30.1124	
0	35.0697	41.7319	50.1163	60.8004	74.6054	92.7226	116.921	149.894	195.866	261.692	358.919	507.889	746.136	1137.96	746.136	507.889	358.919	261.692	195.866	149.894	116.921	92.7226	74.6054	60.8004	50.1163	41.7319	35.0697	29.7161	
0	34.608	41.1826	49.4566	60.0002	73.6234	91.5021	115.382	147.921	193.288	258.247	354.195	501.204	736.315	1122.98	736.315	501.204	354.195	258.247	193.288	147.921	115.382	91.5021	73.6234	60.0002	49.4566	41.1826	34.608	29.325	
0	34.1525	40.6404	48.8056	59.2103	72.6542	90.2975	113.863	145.973	190.744	254.848	349.532	494.606	726.622	1108.2	726.622	494.606	349.532	254.848	190.744	145.973	113.863	90.2975	72.6542	59.2103	48.8056	40.6404	34.1525	28.9389	
0	33.7028	40.1053	48.163	58.4307	71.6976	89.1087	112.364	144.051	188.232	251.492	344.93	488.094	717.055	1093.61	717.055	488.094	344.93	251.492	188.232	144.051	112.364	89.1087	71.6976	58.4307	48.163	40.1053	33.7028	28.5579	
0	33.259	39.5772	47.5288	57.6613	70.7535	87.9353	110.884	142.154	185.754	248.181	340.388	481.667	707.613	1079.21	707.613	481.667	340.388	248.181	185.754	142.154	110.884	87.9353	70.7535	57.6613	47.5288	39.5772	33.259	28.1818	
0	32.821	39.056	46.9028	56.9019	69.8217	86.7772	109.424	140.282	183.307	244.912	335.905	475.323	698.293	1064.99	698.293	475.323	335.905	244.912	183.307	140.282	109.424	86.7772	69.8217	56.9019	46.9028	39.056	32.821	27.8107	
0	32.3887	38.5416	46.285	56.1524	68.902	85.6342	107.982	138.435	180.893	241.686	331.481	469.062	689.096	1050.97	689.096	469.062	331.481	241.686	180.893	138.435	107.982	85.6342	68.902	56.1524	46.285	38.5416	32.3887	27.4444	
0	31.962	38.0338	45.6753	55.4127	67.9943	84.506	106.56	136.611	178.51	238.502	327.114	462.883	680.018	1037.12	680.018	462.883	327.114	238.502	178.51	136.611	106.56	84.506	67.9943	55.4127	45.6753	38.0338	31.962	27.0828	
0	31.5409	37.5327	45.0735	54.6826	67.0984	83.3926	105.156	134.811	176.158	235.36	322.804	456.784	671.058	1023.46	671.058	456.784	322.804	235.36	176.158	134.811	105.156	83.3926	67.0984	54.6826	45.0735	37.5327	31.5409	26.726	
0	31.1252	37.0381	44.4795	53.962	66.2143	82.2937	103.77	133.035	173.837	232.258	318.55	450.765	662.215	1009.97	662.215	450.765	318.55	232.258	173.837	133.035	103.77	82.2937	66.2143	53.962	44.4795	37.0381	31.1252	26.3738	
0	30.715	36.55	43.8933	53.2508	65.3416	81.2092	102.403	131.281	171.546	229.198	314.352	444.824	653.488	996.66	653.488	444.824	314.352	229.198	171.546	131.281	102.403	81.2092	65.3416	53.2508	43.8933	36.55	30.715	26.0262	
0	30.3102	36.0682	43.3148	52.5489	64.4804	80.1388	101.053	129.551	169.285	226.176	310.209	438.961	644.874	983.523	644.874	438.961	310.209	226.176	169.285	129.551	101.053	80.1388	64.4804	52.5489	43.3148	36.0682	30.3102	25.6832	
0	29.9106	35.5928	42.7438	51.8562	63.6303	79.0823	99.7206	127.843	167.053	223.195	306.119	433.174	636.373	970.557	636.373	433.174	306.119	223.195	167.053	127.843	99.7206	79.0823	63.6303	51.8562	42.7438	35.5928	29.9106	25.3446	
0	29.5163	35.1235	42.1802	51.1725	62.7914	78.0396	98.4059	126.157	164.85	220.252	302.083	427.463	627.983	957.761	627.983	427.463	302.083	220.252	164.85	126.157	98.4059	78.0396	62.7914	51.1725	42.1802	35.1235	29.5163	25.0105	
0	29.127	34.6603	41.624	50.4977	61.9634	77.0106	97.1082	124.494	162.677	217.348	298.1	421.826	619.702	945.131	619.702	421.826	298.1	217.348	162.677	124.494	97.1082	77.0106	61.9634	50.4977	41.624	34.6603	29.127	24.6807	
0	28.7429	34.2032	41.0751	49.8317	61.1462	75.9949	95.8275	122.852	160.531	214.481	294.168	416.263	611.529	932.667	611.529	416.263	294.168	214.481	160.531	122.852	95.8275	75.9949	61.1462	49.8317	41.0751	34.2032	28.7429	24.3552	
0	28.3638	33.7521	40.5333	49.1744	60.3397	74.9925	94.5636	121.232	158.414	211.652	290.288	410.773	603.463	920.365	603.463	410.773	290.288	211.652	158.414	121.232	94.5636	74.9925	60.3397	49.1744	40.5333	33.7521	28.3638	24.0339	
0	27.9896	33.3068	39.9986	48.5257	59.5437	74.0032	93.3161	119.632	156.324	208.86	286.459	405.354	595.502	908.223	595.502	405.354	286.459	208.86	156.324	119.632	93.3161	74.0032	59.5437	48.5257	39.9986	33.3068	27.9896	23.7169	
0	27.6203	32.8674	39.4708	47.8855	58.758	73.0269	92.0849	118.054	154.261	206.104	282.679	400.006	587.645	896.24	587.645	400.006	282.679	206.104	154.261	118.054	92.0849	73.0269	58.758	47.8855	39.4708	32.8674	27.6203	23.4039	
0	27.2558	32.4337	38.95	47.2536	57.9827	72.0632	90.8698	116.496	152.226	203.385	278.949	394.727	579.891	884.414	579.891	394.727	278.949	203.385	152.226	116.496	90.8698	72.0632	57.9827	47.2536	38.95	32.4337	27.2558	23.0951	
0	26.8961	32.0056	38.4359	46.63	57.2175	71.1122	89.6705	114.959	150.217	200.701	275.268	389.518	572.238	872.742	572.238	389.518	275.268	200.701	150.217	114.959	89.6705	71.1122	57.2175	46.63	38.4359	32.0056	26.8961	22.7903	
0	26.5411	31.5832	37.9286	46.0145	56.4622	70.1735	88.4869	113.441	148.234	198.051	271.634	384.377	564.684	861.222	564.684	384.377	271.634	198.051	148.234	113.441	88.4869	70.1735	56.4622	46.0145	37.9286	31.5832	26.5411	22.4895	
0	26.1908	31.1662	37.4279	45.4071	55.7169	69.2472	87.3188	111.944	146.277	195.437	268.048	379.302	557.23	849.853	557.23	379.302	268.048	195.437	146.277	111.944	87.3188	69.2472	55.7169	45.4071	37.4279	31.1662	26.1908	22.1926	
0	25.845	30.7547	36.9337	44.8075	54.9813	68.3329	86.1659	110.466	144.346	192.857	264.509	374.294	549.873	838.633	549.873	374.294	264.509	192.857	144.346	110.466	86.1659	68.3329	54.9813	44.8075	36.9337	30.7547	25.845	21.8996	
0	25.5037	30.3486	36.446	44.2159	54.2552	67.4306	85.0281	109.007	142.44	190.31	261.017	369.352	542.612	827.559	542.612	369.352	261.017	190.31	142.44	109.007	85.0281	67.4306	54.2552	44.2159	36.446	30.3486	25.5037	21.6104	
0	25.1669	29.9478	35.9647	43.6319	53.5387	66.5401	83.9052	107.567	140.559	187.797	257.569	364.474	535.446	816.63	535.446	364.474	257.569	187.797	140.559	107.567	83.9052	66.5401	53.5387	43.6319	35.9647	29.9478	25.1669	21.325	
0	24.8345	29.5523	35.4897	43.0556	52.8316	65.6612	82.7969	106.147	138.702	185.316	254.167	359.66	528.374	805.843	528.374	359.66	254.167	185.316	138.702	106.147	82.7969	65.6612	52.8316	43.0556	35.4897	29.5523	24.8345	21.0434	
0	24.5064	29.1619	35.0209	42.4869	52.1336	64.7938	81.7032	104.744	136.87	182.868	250.81	354.909	521.394	795.198	521.394	354.909	250.81	182.868	136.87	104.744	81.7032	64.7938	52.1336	42.4869	35.0209	29.1619	24.5064	20.7654	
0	24.1826	28.7766	34.5582	41.9255	51.4448	63.9377	80.6237	103.36	135.062	180.452	247.496	350.22	514.505	784.692	514.505	350.22	247.496	180.452	135.062	103.36	80.6237	63.9377	51.4448	41.9255	34.5582	28.7766	24.1826	20.491	
0	23.8631	28.3963	34.1015	41.3715	50.7651	63.0928	79.5584	101.995	133.277	178.068	244.226	345.592	507.706	774.323	507.706	345.592	244.226	178.068	133.277	101.995	79.5584	63.0928	50.7651	41.3715	34.1015	28.3963	23.8631	20.2202	
0	23.5477	28.0211	33.6508	40.8248	50.0942	62.259	78.5069	100.647	131.516	175.714	240.998	341.025	500.997	764.09	500.997	341.025	240.998	175.714	131.516	100.647	78.5069	62.259	50.0942	40.8248	33.6508	28.0211	23.5477	19.953	
0	23.2365	27.6507	33.2061	40.2852	49.4321	61.4361	77.4693	99.3165	129.777	173.392	237.813	336.517	494.375	753.991	494.375	336.517	237.813	173.392	129.777	99.3165	77.4693	61.4361	49.4321	40.2852	33.2061	27.6507	23.2365	19.6893	
0	22.9293	27.2852	32.7671	39.7526	48.7786	60.624	76.4452	98.0036	128.062	171.1	234.669	332.069	487.84	744.024	487.84	332.069	234.669	171.1	128.062	98.0036	76.4452	60.624	48.7786	39.7526	32.7671	27.2852	22.9293	19.429	
0	22.6261	26.9244	32.3339	39.2271	48.1337	59.8225	75.4345	96.7079	126.369	168.838	231.566	327.678	481.39	734.187	481.39	327.678	231.566	168.838	126.369	96.7079	75.4345	59.8225	48.1337	39.2271	32.3339	26.9244	22.6261	19.1721	
0	22.327	26.5684	31.9063	38.7084	47.4972	59.0315	74.4371	95.4291	124.698	166.605	228.504	323.346	475.024	724.479	475.024	323.346	228.504	166.605	124.698	95.4291	74.4371	59.0315	47.4972	38.7084	31.9063	26.5684	22.327	18.9186	
0	22.0317	26.2171	31.4844	38.1965	46.8691	58.2508	73.4527	94.1671	123.049	164.402	225.483	319.069	468.742	714.898	468.742	319.069	225.483	164.402	123.049	94.1671	73.4527	58.2508	46.8691	38.1965	31.4844	26.2171	22.0317	18.6684	
0	21.7403	25.8703	31.068	37.6913	46.2492	57.4803	72.4811	92.9216	121.421	162.227	222.5	314.849	462.543	705.442	462.543	314.849	222.5	162.227	121.421	92.9216	72.4811	57.4803	46.2492	37.6913	31.068	25.8703	21.7403	18.4215	
0	21.4527	25.5281	30.657	37.1927	45.6374	56.72	71.5223	91.6924	119.815	160.081	219.557	310.684	456.424	696.111	456.424	310.684	219.557	160.081	119.815	91.6924	71.5223	56.72	45.6374	37.1927	30.657	25.5281	21.4527	18.1778	
0	21.1689	25.1903	30.2514	36.7006	45.0336	55.9696	70.5761	90.4793	118.23	157.963	216.652	306.574	450.385	686.901	450.385	306.574	216.652	157.963	118.23	90.4793	70.5761	55.9696	45.0336	36.7006	30.2514	25.1903	21.1689	17.9373	
0	20.8888	24.857	29.8511	36.215	44.4377	55.229	69.6422	89.2821	116.665	155.873	213.786	302.518	444.426	677.812	444.426	302.518	213.786	155.873	116.665	89.2821	69.6422	55.229	44.4377	36.215	29.8511	24.857	20.8888	17.7	
0	20.6123	24.5281	29.4561	35.7357	43.8496	54.4981	68.7206	88.1006	115.121	153.811	210.956	298.514	438.545	668.842	438.545	298.514	210.956	153.811	115.121	88.1006	68.7206	54.4981	43.8496	35.7357	29.4561	24.5281	20.6123	17.4658	
0	20.3395	24.2034	29.0662	35.2628	43.2693	53.7768	67.8111	86.9345	113.598	151.775	208.164	294.563	432.74	659.99	432.74	294.563	208.164	151.775	113.598	86.9345	67.8111	53.7768	43.2693	35.2628	29.0662	24.2034	20.3395	17.2346	
0	20.0703	23.8831	28.6815	34.796	42.6965	53.0649	66.9134	85.7838	112.094	149.766	205.409	290.664	427.012	651.253	427.012	290.664	205.409	149.766	112.094	85.7838	66.9134	53.0649	42.6965	34.796	28.6815	23.8831	20.0703	17.0065	
0	19.8046	23.5669	28.3017	34.3353	42.1313	52.3624	66.0276	84.6481	110.61	147.783	202.689	286.816	421.359	642.631	421.359	286.816	202.689	147.783	110.61	84.6481	66.0276	52.3624	42.1313	34.3353	28.3017	23.5669	19.8046	16.7813	
0	19.5424	23.2548	27.927	33.8807	41.5734	51.6691	65.1533	83.5273	109.145	145.826	200.006	283.018	415.78	634.122	415.78	283.018	200.006	145.826	109.145	83.5273	65.1533	51.6691	41.5734	33.8807	27.927	23.2548	19.5424	16.5591	
0	19.2836	22.9469	27.5572	33.432	41.0229	50.9849	64.2905	82.4211	107.7	143.895	197.357	279.27	410.274	625.725	410.274	279.27	197.357	143.895	107.7	82.4211	64.2905	50.9849	41.0229	33.432	27.5572	22.9469	19.2836	16.3398	
0	19.0282	22.643	27.1922	32.9892	40.4795	50.3096	63.439	81.3295	106.274	141.989	194.743	275.572	404.84	617.438	404.84	275.572	194.743	141.989	106.274	81.3295	63.439	50.3096	40.4795	32.9892	27.1922	22.643	19.0282	16.1234	
0	18.7761	22.343	26.832	32.5522	39.9433	49.6432	62.5987	80.2522	104.866	140.108	192.163	271.921	399.477	609.259	399.477	271.921	192.163	140.108	104.866	80.2522	62.5987	49.6432	39.9433	32.5522	26.832	22.343	18.7761	15.9098	
0	18.5274	22.047	26.4765	32.121	39.4142	48.9855	61.7694	79.189	103.477	138.252	189.618	268.319	394.185	601.188	394.185	268.319	189.618	138.252	103.477	79.189	61.7694	48.9855	39.4142	32.121	26.4765	22.047	18.5274	15.6991	
0	18.2819	21.7549	26.1257	31.6954	38.8919	48.3365	60.951	78.1398	102.106	136.421	187.105	264.764	388.962	593.222	388.962	264.764	187.105	136.421	102.106	78.1398	60.951	48.3365	38.8919	31.6954	26.1257	21.7549	18.2819	15.4911	
0	18.0396	21.4666	25.7795	31.2754	38.3766	47.6959	60.1433	77.1043	100.753	134.613	184.626	261.255	383.808	585.361	383.808	261.255	184.626	134.613	100.753	77.1043	60.1433	47.6959	38.3766	31.2754	25.7795	21.4666	18.0396	15.2858	
0	17.8005	21.1821	25.4379	30.8609	37.868	47.0638	59.3462	76.0825	99.4172	132.829	182.179	257.793	378.721	577.603	378.721	257.793	182.179	132.829	99.4172	76.0825	59.3462	47.0638	37.868	30.8609	25.4379	21.1821	17.8005	15.0832	
0	17.5646	20.9013	25.1007	30.4518	37.366	46.44	58.5595	75.074	98.0995	131.068	179.764	254.376	373.701	569.947	373.701	254.376	179.764	131.068	98.0995	75.074	58.5595	46.44	37.366	30.4518	25.1007	20.9013	17.5646	14.8833	
0	17.3317	20.6243	24.7679	30.0481	36.8707	45.8243	57.7832	74.0787	96.799	129.33	177.381	251.003	368.747	562.391	368.747	251.003	177.381	129.33	96.799	74.0787	57.7832	45.8243	36.8707	30.0481	24.7679	20.6243	17.3317	14.686	
0	17.1019	20.3508	24.4395	29.6497	36.3818	45.2168	57.0171	73.0966	95.5156	127.616	175.029	247.675	363.858	554.935	363.858	247.675	175.029	127.616	95.5156	73.0966	57.0171	45.2168	36.3818	29.6497	24.4395	20.3508	17.1019	14.4912	
0	16.8752	20.081	24.1155	29.2566	35.8994	44.6172	56.261	72.1273	94.249	125.924	172.708	244.391	359.033	547.576	359.033	244.391	172.708	125.924	94.249	72.1273	56.261	44.6172	35.8994	29.2566	24.1155	20.081	16.8752	14.2991	
0	16.6514	19.8146	23.7956	28.8686	35.4233	44.0255	55.5149	71.1707	92.999	124.253	170.418	241.15	354.272	540.314	354.272	241.15	170.418	124.253	92.999	71.1707	55.5149	44.0255	35.4233	28.8686	23.7956	19.8146	16.6514	14.1095	
0	16.4305	19.5518	23.48	28.4857	34.9534	43.4415	54.7786	70.2267	91.7655	122.605	168.157	237.951	349.573	533.148	349.573	237.951	168.157	122.605	91.7655	70.2267	54.7786	43.4415	34.9534	28.4857	23.48	19.5518	16.4305	13.9223	
0	16.2125	19.2924	23.1685	28.1078	34.4897	42.8652	54.0519	69.2951	90.5482	120.979	165.927	234.795	344.935	526.075	344.935	234.795	165.927	120.979	90.5482	69.2951	54.0519	42.8652	34.4897	28.1078	23.1685	19.2924	16.2125	13.7376	
0	15.9974	19.0365	22.8612	27.7349	34.0321	42.2965	53.3347	68.3757	89.3468	119.374	163.725	231.68	340.359	519.095	340.359	231.68	163.725	119.374	89.3468	68.3757	53.3347	42.2965	34.0321	27.7349	22.8612	19.0365	15.9974	13.5554	
0	15.7852	18.7839	22.5578	27.3668	33.5806	41.7353	52.627	67.4684	88.1613	117.79	161.553	228.606	335.843	512.207	335.843	228.606	161.553	117.79	88.1613	67.4684	52.627	41.7353	33.5806	27.3668	22.5578	18.7839	15.7852	13.3755	
0	15.5757	18.5346	22.2584	27.0037	33.1349	41.1814	51.9286	66.5731	86.9913	116.227	159.409	225.572	331.386	505.41	331.386	225.572	159.409	116.227	86.9913	66.5731	51.9286	41.1814	33.1349	27.0037	22.2584	18.5346	15.5757	13.198	
0	15.369	18.2886	21.963	26.6452	32.6951	40.6348	51.2394	65.6895	85.8367	114.684	157.293	222.578	326.987	498.702	326.987	222.578	157.293	114.684	85.8367	65.6895	51.2394	40.6348	32.6951	26.6452	21.963	18.2886	15.369	13.0228	
0	15.1649	18.0458	21.6715	26.2915	32.2611	40.0954	50.5592	64.8175	84.6972	113.162	155.205	219.623	322.647	492.082	322.647	219.623	155.205	113.162	84.6972	64.8175	50.5592	40.0954	32.2611	26.2915	21.6715	18.0458	15.1649	12.8499	
0	14.9636	17.8063	21.3837	25.9425	31.8328	39.5631	49.888	63.9569	83.5728	111.659	153.145	216.707	318.363	485.549	318.363	216.707	153.145	111.659	83.5728	63.9569	49.888	39.5631	31.8328	25.9425	21.3837	17.8063	14.9636	12.6793	
0	14.7649	17.5698	21.0998	25.598	31.4101	39.0378	49.2256	63.1077	82.4631	110.177	151.111	213.83	314.136	479.102	314.136	213.83	151.111	110.177	82.4631	63.1077	49.2256	39.0378	31.4101	25.598	21.0998	17.5698	14.7649	12.511	
0	14.5688	17.3365	20.8196	25.2581	30.993	38.5194	48.5719	62.2697	81.368	108.714	149.104	210.99	309.964	472.739	309.964	210.99	149.104	108.714	81.368	62.2697	48.5719	38.5194	30.993	25.2581	20.8196	17.3365	14.5688	12.3448	
0	14.3753	17.1062	20.5431	24.9226	30.5814	38.0078	47.9268	61.4426	80.2873	107.27	147.124	208.188	305.847	466.461	305.847	208.188	147.124	107.27	80.2873	61.4426	47.9268	38.0078	30.5814	24.9226	20.5431	17.1062	14.3753	12.1809	
0	14.1844	16.879	20.2702	24.5916	30.1752	37.5029	47.2901	60.6265	79.2209	105.845	145.17	205.423	301.785	460.265	301.785	205.423	145.17	105.845	79.2209	60.6265	47.2901	37.5029	30.1752	24.5916	20.2702	16.879	14.1844	12.0191	
0	13.996	16.6548	20.0009	24.2649	29.7743	37.0047	46.6619	59.8211	78.1684	104.439	143.241	202.694	297.776	454.15	297.776	202.694	143.241	104.439	78.1684	59.8211	46.6619	37.0047	29.7743	24.2649	20.0009	16.6548	13.996	11.8594	
0	13.81	16.4335	19.7352	23.9425	29.3787	36.513	46.0419	59.0262	77.1298	103.051	141.338	200	293.819	448.116	293.819	200	141.338	103.051	77.1298	59.0262	46.0419	36.513	29.3787	23.9425	19.7352	16.4335	13.81	11.7018	
0	13.6265	16.2151	19.4729	23.6243	28.9883	36.0278	45.4301	58.2419	76.1049	101.682	139.46	197.343	289.915	442.161	289.915	197.343	139.46	101.682	76.1049	58.2419	45.4301	36.0278	28.9883	23.6243	19.4729	16.2151	13.6265	11.5463	
0	13.4454	15.9996	19.2141	23.3103	28.603	35.549	44.8263	57.4678	75.0934	100.33	137.606	194.72	286.062	436.285	286.062	194.72	137.606	100.33	75.0934	57.4678	44.8263	35.549	28.603	23.3103	19.2141	15.9996	13.4454	11.3929	
0	13.2667	15.7869	18.9587	23.0005	28.2228	35.0765	44.2305	56.7039	74.0953	98.9967	135.777	192.132	282.259	430.486	282.259	192.132	135.777	98.9967	74.0953	56.7039	44.2305	35.0765	28.2228	23.0005	18.9587	15.7869	13.2667	11.2414	
0	13.0903	15.5771	18.7067	22.6947	27.8476	34.6102	43.6425	55.9501	73.1103	97.6806	133.972	189.578	278.507	424.763	278.507	189.578	133.972	97.6806	73.1103	55.9501	43.6425	34.6102	27.8476	22.6947	18.7067	15.5771	13.0903	11.092	
0	12.9163	15.37	18.458	22.393	27.4774	34.15	43.0622	55.2063	72.1382	96.3819	132.191	187.057	274.804	419.115	274.804	187.057	132.191	96.3819	72.1382	55.2063	43.0622	34.15	27.4774	22.393	18.458	15.37	12.9163	10.9445	
0	12.7445	15.1656	18.2125	22.0952	27.112	33.6959	42.4896	54.4722	71.179	95.1003	130.433	184.57	271.15	413.542	271.15	184.57	130.433	95.1003	71.179	54.4722	42.4896	33.6959	27.112	22.0952	18.2125	15.1656	12.7445	10.799	
0	12.575	14.9639	17.9703	21.8014	26.7515	33.2478	41.9246	53.7477	70.2324	93.8356	128.699	182.115	267.544	408.043	267.544	182.115	128.699	93.8356	70.2324	53.7477	41.9246	33.2478	26.7515	21.8014	17.9703	14.9639	12.575	10.6554	
0	12.4078	14.7649	17.7313	21.5114	26.3957	32.8056	41.3669	53.0329	69.2982	92.5875	126.987	179.693	263.985	402.615	263.985	179.693	126.987	92.5875	69.2982	53.0329	41.3669	32.8056	26.3957	21.5114	17.7313	14.7649	12.4078	10.5137	
0	12.2427	14.5685	17.4955	21.2253	26.0445	32.3692	40.8167	52.3274	68.3764	91.3559	125.298	177.303	260.474	397.26	260.474	177.303	125.298	91.3559	68.3764	52.3274	40.8167	32.3692	26.0445	21.2253	17.4955	14.5685	12.2427	10.3738	
0	12.0798	14.3746	17.2627	20.9429	25.698	31.9385	40.2736	51.6312	67.4667	90.1405	123.631	174.944	257.008	391.975	257.008	174.944	123.631	90.1405	67.4667	51.6312	40.2736	31.9385	25.698	20.9429	17.2627	14.3746	12.0798	10.2358	
0	11.9191	14.1834	17.033	20.6642	25.3561	31.5136	39.7377	50.9442	66.569	88.9411	121.986	172.616	253.589	386.759	253.589	172.616	121.986	88.9411	66.569	50.9442	39.7377	31.5136	25.3561	20.6642	17.033	14.1834	11.9191	10.0996	
0	11.7605	13.9946	16.8063	20.3892	25.0187	31.0942	39.2089	50.2663	65.6831	87.7575	120.362	170.319	250.214	381.612	250.214	170.319	120.362	87.7575	65.6831	50.2663	39.2089	31.0942	25.0187	20.3892	16.8063	13.9946	11.7605	9.96519	
0	11.604	13.8084	16.5826	20.1179	24.6857	30.6804	38.6871	49.5973	64.8089	86.5895	118.76	168.052	246.884	376.533	246.884	168.052	118.76	86.5895	64.8089	49.5973	38.6871	30.6804	24.6857	20.1179	16.5826	13.8084	11.604	9.83256	
0	11.4495	13.6246	16.3619	19.8501	24.3571	30.272	38.1721	48.9371	63.9463	85.4369	117.18	165.815	243.598	371.521	243.598	165.815	117.18	85.4369	63.9463	48.9371	38.1721	30.272	24.3571	19.8501	16.3619	13.6246	11.4495	9.70168	
0	11.2971	13.4432	16.1441	19.5858	24.0328	29.869	37.6639	48.2856	63.095	84.2995	115.62	163.608	240.355	366.575	240.355	163.608	115.62	84.2995	63.095	48.2856	37.6639	29.869	24.0328	19.5858	16.1441	13.4432	11.2971	9.57252	
0	11.1467	13.2642	15.9291	19.325	23.7128	29.4713	37.1625	47.6427	62.2549	83.1771	114.08	161.429	237.154	361.694	237.154	161.429	114.08	83.1771	62.2549	47.6427	37.1625	29.4713	23.7128	19.325	15.9291	13.2642	11.1467	9.44507	
0	10.9982	13.0876	15.717	19.0677	23.3971	29.0788	36.6676	47.0083	61.4259	82.0695	112.561	159.28	233.996	356.878	233.996	159.28	112.561	82.0695	61.4259	47.0083	36.6676	29.0788	23.3971	19.0677	15.717	13.0876	10.9982	9.3193	
0	10.8518	12.9133	15.5077	18.8137	23.0855	28.6915	36.1793	46.3822	60.6078	80.9765	111.062	157.158	230.88	352.125	230.88	157.158	111.062	80.9765	60.6078	46.3822	36.1793	28.6915	23.0855	18.8137	15.5077	12.9133	10.8518	9.19518	
0	10.7072	12.7413	15.3011	18.5632	22.778	28.3094	35.6974	45.7644	59.8005	79.8979	109.583	155.065	227.805	347.435	227.805	155.065	109.583	79.8979	59.8005	45.7644	35.6974	28.3094	22.778	18.5632	15.3011	12.7413	10.7072	9.07271	
0	10.5646	12.5715	15.0973	18.3159	22.4745	27.9323	35.2218	45.1548	59.0039	78.8335	108.123	152.999	224.77	342.807	224.77	152.999	108.123	78.8335	59.0039	45.1548	35.2218	27.9323	22.4745	18.3159	15.0973	12.5715	10.5646	8.95184	
0	10.4238	12.404	14.8962	18.0718	22.1751	27.5601	34.7526	44.5532	58.2178	77.7832	106.682	150.961	221.776	338.239	221.776	150.961	106.682	77.7832	58.2178	44.5532	34.7526	27.5601	22.1751	18.0718	14.8962	12.404	10.4238	8.83258	
0	10.2849	12.2388	14.6977	17.831	21.8796	27.1929	34.2895	43.9595	57.4421	76.7468	105.261	148.949	218.82	333.732	218.82	148.949	105.261	76.7468	57.4421	43.9595	34.2895	27.1929	21.8796	17.831	14.6977	12.2388	10.2849	8.71489	
0	10.1479	12.0757	14.5018	17.5934	21.5881	26.8305	33.8325	43.3737	56.6766	75.724	103.858	146.964	215.904	329.285	215.904	146.964	103.858	75.724	56.6766	43.3737	33.8325	26.8305	21.5881	17.5934	14.5018	12.0757	10.1479	8.59875	
0	10.0126	11.9147	14.3085	17.3589	21.3003	26.4729	33.3816	42.7956	55.9212	74.7147	102.474	145.006	213.027	324.896	213.027	145.006	102.474	74.7147	55.9212	42.7956	33.3816	26.4729	21.3003	17.3589	14.3085	11.9147	10.0126	8.48414	
0	9.87915	11.7559	14.1178	17.1275	21.0164	26.12	32.9366	42.2251	55.1757	73.7188	101.108	143.073	210.187	320.565	210.187	143.073	101.108	73.7188	55.1757	42.2251	32.9366	26.12	21.0164	17.1275	14.1178	11.7559	9.87915	8.37105	
0	9.74744	11.5992	13.9296	16.8992	20.7362	25.7718	32.4975	41.6622	54.4401	72.736	99.7599	141.165	207.385	316.292	207.385	141.165	99.7599	72.736	54.4401	41.6622	32.4975	25.7718	20.7362	16.8992	13.9296	11.5992	9.74744	8.25945	
0	9.61747	11.4445	13.7439	16.6739	20.4597	25.4282	32.0642	41.1067	53.7143	71.7662	98.4297	139.283	204.62	312.074	204.62	139.283	98.4297	71.7662	53.7143	41.1067	32.0642	25.4282	20.4597	16.6739	13.7439	11.4445	9.61747	8.14932	
0	9.48922	11.2919	13.5606	16.4515	20.1869	25.0891	31.6366	40.5585	52.998	70.8092	97.1172	137.426	201.891	307.913	201.891	137.426	97.1172	70.8092	52.998	40.5585	31.6366	25.0891	20.1869	16.4515	13.5606	11.2919	9.48922	8.04065	
0	9.36267	11.1413	13.3797	16.2321	19.9177	24.7545	31.2147	40.0176	52.2912	69.8648	95.8219	135.593	199.199	303.806	199.199	135.593	95.8219	69.8648	52.2912	40.0176	31.2147	24.7545	19.9177	16.2321	13.3797	11.1413	9.36267	7.93341	
0	9.23778	10.9927	13.2013	16.0156	19.652	24.4243	30.7984	39.4838	51.5937	68.9329	94.5438	133.784	196.541	299.754	196.541	133.784	94.5438	68.9329	51.5937	39.4838	30.7984	24.4243	19.652	16.0156	13.2013	10.9927	9.23778	7.82759	
0	9.11455	10.846	13.0252	15.8019	19.3898	24.0985	30.3875	38.9571	50.9054	68.0133	93.2826	132	193.92	295.755	193.92	132	93.2826	68.0133	50.9054	38.9571	30.3875	24.0985	19.3898	15.8019	13.0252	10.846	9.11455	7.72317	
0	8.99294	10.7013	12.8514	15.5911	19.1311	23.7769	29.9821	38.4373	50.2262	67.1059	92.038	130.239	191.332	291.809	191.332	130.239	92.038	67.1059	50.2262	38.4373	29.9821	23.7769	19.1311	15.5911	12.8514	10.7013	8.99294	7.62013	
0	8.87295	10.5585	12.6799	15.3831	18.8759	23.4597	29.582	37.9245	49.556	66.2105	90.8099	128.501	188.779	287.916	188.779	128.501	90.8099	66.2105	49.556	37.9245	29.582	23.4597	18.8759	15.3831	12.6799	10.5585	8.87295	7.51845	
0	8.75453	10.4176	12.5107	15.1778	18.624	23.1466	29.1872	37.4183	48.8947	65.3269	89.598	126.786	186.26	284.073	186.26	126.786	89.598	65.3269	48.8947	37.4183	29.1872	23.1466	18.624	15.1778	12.5107	10.4176	8.75453	7.41811	
0	8.63769	10.2786	12.3437	14.9752	18.3754	22.8377	28.7977	36.9189	48.2421	64.4549	88.4021	125.094	183.774	280.282	183.774	125.094	88.4021	64.4549	48.2421	36.9189	28.7977	22.8377	18.3754	14.9752	12.3437	10.2786	8.63769	7.3191	
0	8.52239	10.1414	12.1789	14.7753	18.1301	22.5328	28.4132	36.4261	47.5981	63.5946	87.2221	123.424	181.321	276.54	181.321	123.424	87.2221	63.5946	47.5981	36.4261	28.4132	22.5328	18.1301	14.7753	12.1789	10.1414	8.52239	7.2214	
0	8.40861	10.006	12.0163	14.5781	17.888	22.232	28.0339	35.9398	46.9627	62.7455	86.0576	121.776	178.9	272.848	178.9	121.776	86.0576	62.7455	46.9627	35.9398	28.0339	22.232	17.888	14.5781	12.0163	10.006	8.40861	7.12499	
0	8.29634	9.8724	11.8559	14.3834	17.6492	21.9351	27.6596	35.4599	46.3356	61.9078	84.9086	120.15	176.511	269.205	176.511	120.15	84.9086	61.9078	46.3356	35.4599	27.6596	21.9351	17.6492	14.3834	11.8559	9.8724	8.29634	7.02986	
0	8.18555	9.74056	11.6976	14.1913	17.4135	21.6422	27.2902	34.9864	45.7169	61.0811	83.7747	118.546	174.154	265.61	174.154	118.546	83.7747	61.0811	45.7169	34.9864	27.2902	21.6422	17.4135	14.1913	11.6976	9.74056	8.18555	6.93598	
0	8.07623	9.61047	11.5413	14.0018	17.181	21.3532	26.9258	34.5191	45.1063	60.2653	82.6559	116.962	171.828	262.063	171.828	116.962	82.6559	60.2653	45.1063	34.5191	26.9258	21.3532	17.181	14.0018	11.5413	9.61047	8.07623	6.84335	
0	7.96835	9.4821	11.3872	13.8148	16.9515	21.068	26.5661	34.0581	44.5038	59.4603	81.5518	115.4	169.533	258.563	169.533	115.4	81.5518	59.4603	44.5038	34.0581	26.5661	21.068	16.9515	13.8148	11.3872	9.4821	7.96835	6.75194	
0	7.8619	9.35543	11.2351	13.6302	16.725	20.7865	26.2112	33.6031	43.9093	58.666	80.4624	113.858	167.268	255.109	167.268	113.858	80.4624	58.666	43.9093	33.6031	26.2112	20.7865	16.725	13.6302	11.2351	9.35543	7.8619	6.66175	
0	7.75686	9.23044	11.0849	13.4481	16.5016	20.5088	25.861	33.1541	43.3226	57.8822	79.3874	112.337	165.034	251.7	165.034	112.337	79.3874	57.8822	43.3226	33.1541	25.861	20.5088	16.5016	13.4481	11.0849	9.23044	7.75686	6.57274	
0	7.65322	9.1071	10.9368	13.2684	16.2811	20.2348	25.5155	32.7111	42.7437	57.1088	78.3266	110.836	162.828	248.337	162.828	110.836	78.3266	57.1088	42.7437	32.7111	25.5155	20.2348	16.2811	13.2684	10.9368	9.1071	7.65322	6.48492	
0	7.55094	8.9854	10.7907	13.0911	16.0635	19.9643	25.1745	32.274	42.1725	56.3456	77.2798	109.355	160.652	245.018	160.652	109.355	77.2798	56.3456	42.1725	32.274	25.1745	19.9643	16.0635	13.0911	10.7907	8.9854	7.55094	6.39825	
0	7.45002	8.8653	10.6464	12.9161	15.8488	19.6975	24.838	31.8426	41.6089	55.5925	76.2469	107.893	158.505	241.743	158.505	107.893	76.2469	55.5925	41.6089	31.8426	24.838	19.6975	15.8488	12.9161	10.6464	8.8653	7.45002	6.31273	
0	7.35043	8.7468	10.5041	12.7435	15.6369	19.4342	24.506	31.417	41.0527	54.8494	75.2277	106.451	156.386	238.512	156.386	106.451	75.2277	54.8494	41.0527	31.417	24.506	19.4342	15.6369	12.7435	10.5041	8.7468	7.35043	6.22835	
0	7.25216	8.62986	10.3637	12.5731	15.4279	19.1744	24.1784	30.997	40.5038	54.1161	74.222	105.028	154.296	235.323	154.296	105.028	74.222	54.1161	40.5038	30.997	24.1784	19.1744	15.4279	12.5731	10.3637	8.62986	7.25216	6.14508	
0	7.1552	8.51447	10.2251	12.405	15.2216	18.918	23.8551	30.5825	39.9623	53.3925	73.2296	103.624	152.233	232.177	152.233	103.624	73.2296	53.3925	39.9623	30.5825	23.8551	18.918	15.2216	12.405	10.2251	8.51447	7.1552	6.06292	
0	7.05952	8.40062	10.0884	12.2391	15.0181	18.665	23.5361	30.1735	39.4279	52.6785	72.2504	102.238	150.197	229.072	150.197	102.238	72.2504	52.6785	39.4279	30.1735	23.5361	18.665	15.0181	12.2391	10.0884	8.40062	7.05952	5.98185	
0	6.9651	8.28827	9.95348	12.0754	14.8172	18.4154	23.2213	29.77	38.9006	51.974	71.2841	100.871	148.188	226.009	148.188	100.871	71.2841	51.974	38.9006	29.77	23.2213	18.4154	14.8172	12.0754	9.95348	8.28827	6.9651	5.90185	
0	6.87194	8.17741	9.82035	11.9139	14.619	18.1691	22.9107	29.3718	38.3803	51.2788	70.3306	99.5215	146.206	222.986	146.206	99.5215	70.3306	51.2788	38.3803	29.3718	22.9107	18.1691	14.619	11.9139	9.82035	8.17741	6.87194	5.8229	
0	6.78001	8.06801	9.68898	11.7545	14.4235	17.926	22.6042	28.9789	37.8668	50.5929	69.3898	98.1901	144.25	220.003	144.25	98.1901	69.3898	50.5929	37.8668	28.9789	22.6042	17.926	14.4235	11.7545	9.68898	8.06801	6.78001	5.74501	
0	6.6893	7.96007	9.55935	11.5973	14.2305	17.6862	22.3018	28.5912	37.3602	49.916	68.4614	96.8765	142.32	217.059	142.32	96.8765	68.4614	49.916	37.3602	28.5912	22.3018	17.6862	14.2305	11.5973	9.55935	7.96007	6.6893	5.66815	
0	6.59979	7.85356	9.43144	11.4421	14.0401	17.4496	22.0034	28.2086	36.8603	49.2481	67.5454	95.5802	140.416	214.155	140.416	95.5802	67.5454	49.2481	36.8603	28.2086	22.0034	17.4496	14.0401	11.4421	9.43144	7.85356	6.59979	5.5923	
0	6.51147	7.74846	9.30522	11.289	13.8522	17.216	21.709	27.8311	36.367	48.589	66.6415	94.3011	138.537	211.289	138.537	94.3011	66.6415	48.589	36.367	27.8311	21.709	17.216	13.8522	11.289	9.30522	7.74846	6.51147	5.51747	
0	6.42432	7.64476	9.18068	11.1379	13.6668	16.9856	21.4184	27.4586	35.8803	47.9387	65.7495	93.039	136.683	208.461	136.683	93.039	65.7495	47.9387	35.8803	27.4586	21.4184	16.9856	13.6668	11.1379	9.18068	7.64476	6.42432	5.44362	
0	6.33833	7.54243	9.05779	10.9888	13.4838	16.7583	21.1317	27.0911	35.4	47.297	64.8694	91.7936	134.853	205.671	134.853	91.7936	64.8694	47.297	35.4	27.0911	21.1317	16.7583	13.4838	10.9888	9.05779	7.54243	6.33833	5.37075	
0	6.25348	7.44145	8.93653	10.8417	13.3033	16.5339	20.8488	26.7284	34.9261	46.6638	64.001	90.5647	133.048	202.917	133.048	90.5647	64.001	46.6638	34.9261	26.7284	20.8488	16.5339	13.3033	10.8417	8.93653	7.44145	6.25348	5.29885	
0	6.16975	7.34182	8.81688	10.6965	13.1252	16.3125	20.5697	26.3705	34.4585	46.039	63.1441	89.3522	131.267	200.201	131.267	89.3522	63.1441	46.039	34.4585	26.3705	20.5697	16.3125	13.1252	10.6965	8.81688	7.34182	6.16975	5.22791	
0	6.08713	7.24351	8.69882	10.5533	12.9495	16.0941	20.2942	26.0174	33.9971	45.4226	62.2986	88.1557	129.509	197.52	129.509	88.1557	62.2986	45.4226	33.9971	26.0174	20.2942	16.0941	12.9495	10.5533	8.69882	7.24351	6.08713	5.1579	
0	6.00561	7.1465	8.58232	10.412	12.776	15.8786	20.0224	25.669	33.5418	44.8142	61.4642	86.9751	127.774	194.875	127.774	86.9751	61.4642	44.8142	33.5418	25.669	20.0224	15.8786	12.776	10.412	8.58232	7.1465	6.00561	5.08883	
0	5.92517	7.05078	8.46737	10.2725	12.6049	15.6659	19.7543	25.3252	33.0925	44.214	60.641	85.8101	126.063	192.264	126.063	85.8101	60.641	44.214	33.0925	25.3252	19.7543	15.6659	12.6049	10.2725	8.46737	7.05078	5.92517	5.02067	
0	5.8458	6.95633	8.35395	10.1349	12.4361	15.456	19.4896	24.9859	32.6492	43.6217	59.8287	84.6607	124.374	189.689	124.374	84.6607	59.8287	43.6217	32.6492	24.9859	19.4896	15.456	12.4361	10.1349	8.35395	6.95633	5.8458	4.95341	
0	5.76749	6.86314	8.24203	9.99912	12.2695	15.249	19.2285	24.6512	32.2118	43.0373	59.0271	83.5264	122.708	187.148	122.708	83.5264	59.0271	43.0373	32.2118	24.6512	19.2285	15.249	12.2695	9.99912	8.24203	6.86314	5.76749	4.88705	
0	5.69021	6.77118	8.13159	9.86514	12.1051	15.0446	18.9709	24.3209	31.7802	42.4607	58.2362	82.4073	121.064	184.64	121.064	82.4073	58.2362	42.4607	31.7802	24.3209	18.9709	15.0446	12.1051	9.86514	8.13159	6.77118	5.69021	4.82157	
0	5.61396	6.68044	8.02262	9.73294	11.9428	14.843	18.7167	23.995	31.3543	41.8917	57.4558	81.303	119.442	182.166	119.442	81.303	57.4558	41.8917	31.3543	23.995	18.7167	14.843	11.9428	9.73294	8.02262	6.68044	5.61396	4.75696	
0	5.53872	6.59091	7.9151	9.6025	11.7828	14.6441	18.4658	23.6734	30.9341	41.3302	56.6858	80.2133	117.841	179.724	117.841	80.2133	56.6858	41.3302	30.9341	23.6734	18.4658	14.6441	11.7828	9.6025	7.9151	6.59091	5.53872	4.6932	
0	5.46448	6.50257	7.80901	9.47379	11.6248	14.4478	18.2183	23.3561	30.5195	40.7762	55.926	79.1382	116.261	177.315	116.261	79.1382	55.926	40.7762	30.5195	23.3561	18.2183	14.4478	11.6248	9.47379	7.80901	6.50257	5.46448	4.6303	
0	5.39122	6.4154	7.70433	9.34679	11.469	14.2541	17.9741	23.043	30.1104	40.2296	55.1763	78.0773	114.703	174.938	114.703	78.0773	55.1763	40.2296	30.1104	23.043	17.9741	14.2541	11.469	9.34679	7.70433	6.4154	5.39122	4.56823	
0	5.31894	6.32938	7.60103	9.22148	11.3152	14.063	17.7331	22.734	29.7067	39.6903	54.4365	77.0305	113.165	172.593	113.165	77.0305	54.4365	39.6903	29.7067	22.734	17.7331	14.063	11.3152	9.22148	7.60103	6.32938	5.31894	4.50698	
0	5.24762	6.24451	7.49911	9.09783	11.1635	13.8745	17.4953	22.4292	29.3083	39.1581	53.7066	75.9976	111.647	170.279	111.647	75.9976	53.7066	39.1581	29.3083	22.4292	17.4953	13.8745	11.1635	9.09783	7.49911	6.24451	5.24762	4.44655	
0	5.17725	6.16077	7.39855	8.97582	11.0138	13.6884	17.2607	22.1284	28.9153	38.6329	52.9864	74.9784	110.15	167.995	110.15	74.9784	52.9864	38.6329	28.9153	22.1284	17.2607	13.6884	11.0138	8.97582	7.39855	6.16077	5.17725	4.38692	
0	5.10781	6.07814	7.29932	8.85544	10.8661	13.5048	17.0292	21.8316	28.5275	38.1148	52.2757	73.9728	108.673	165.742	108.673	73.9728	52.2757	38.1148	28.5275	21.8316	17.0292	13.5048	10.8661	8.85544	7.29932	6.07814	5.10781	4.32808	
0	5.0393	5.99661	7.20141	8.73665	10.7203	13.3237	16.8008	21.5388	28.1448	37.6035	51.5745	72.9806	107.215	163.519	107.215	72.9806	51.5745	37.6035	28.1448	21.5388	16.8008	13.3237	10.7203	8.73665	7.20141	5.99661	5.0393	4.27002	
0	4.97169	5.91617	7.1048	8.61945	10.5765	13.1449	16.5754	21.2498	27.7672	37.0991	50.8826	72.0015	105.777	161.325	105.777	72.0015	50.8826	37.0991	27.7672	21.2498	16.5754	13.1449	10.5765	8.61945	7.1048	5.91617	4.97169	4.21274	
0	4.90499	5.83679	7.00947	8.5038	10.4346	12.9686	16.353	20.9647	27.3947	36.6013	50.1999	71.0355	104.358	159.161	104.358	71.0355	50.1999	36.6013	27.3947	20.9647	16.353	12.9686	10.4346	8.5038	7.00947	5.83679	4.90499	4.15622	
0	4.83917	5.75847	6.91541	8.38969	10.2946	12.7945	16.1336	20.6834	27.0271	36.1102	49.5263	70.0823	102.957	157.025	102.957	70.0823	49.5263	36.1102	27.0271	20.6834	16.1336	12.7945	10.2946	8.38969	6.91541	5.75847	4.83917	4.10045	
0	4.77423	5.68119	6.82261	8.2771	10.1564	12.6228	15.9171	20.4058	26.6644	35.6256	48.8617	69.1418	101.576	154.918	101.576	69.1418	48.8617	35.6256	26.6644	20.4058	15.9171	12.6228	10.1564	8.2771	6.82261	5.68119	4.77423	4.04542	
0	4.71015	5.60494	6.73104	8.16601	10.0201	12.4534	15.7034	20.1319	26.3065	35.1474	48.2058	68.2137	100.212	152.838	100.212	68.2137	48.2058	35.1474	26.3065	20.1319	15.7034	12.4534	10.0201	8.16601	6.73104	5.60494	4.71015	3.99112	
0	4.64692	5.5297	6.64068	8.05639	9.88562	12.2862	15.4926	19.8617	25.9534	34.6756	47.5587	67.2981	98.867	150.787	98.867	67.2981	47.5587	34.6756	25.9534	19.8617	15.4926	12.2862	9.88562	8.05639	6.64068	5.5297	4.64692	3.93754	
0	4.58453	5.45546	6.55153	7.94823	9.7529	12.1213	15.2846	19.5951	25.6049	34.2101	46.9203	66.3946	97.5397	148.762	97.5397	66.3946	46.9203	34.2101	25.6049	19.5951	15.2846	12.1213	9.7529	7.94823	6.55153	5.45546	4.58453	3.88468	
0	4.52298	5.38221	6.46356	7.84151	9.62195	11.9585	15.0794	19.332	25.2611	33.7507	46.2903	65.5031	96.2301	146.765	96.2301	65.5031	46.2903	33.7507	25.2611	19.332	15.0794	11.9585	9.62195	7.84151	6.46356	5.38221	4.52298	3.83252	
0	4.46224	5.30994	6.37677	7.73621	9.49275	11.798	14.8769	19.0724	24.9219	33.2975	45.6687	64.6235	94.9379	144.794	94.9379	64.6235	45.6687	33.2975	24.9219	19.0724	14.8769	11.798	9.49275	7.73621	6.37677	5.30994	4.46224	3.78106	
0	4.40231	5.23862	6.29113	7.63231	9.36526	11.6395	14.6771	18.8162	24.5872	32.8503	45.0553	63.7556	93.6629	142.85	93.6629	63.7556	45.0553	32.8503	24.5872	18.8162	14.6771	11.6395	9.36526	7.63231	6.29113	5.23862	4.40231	3.73028	
0	4.34318	5.16826	6.20663	7.5298	9.23947	11.4832	14.48	18.5635	24.257	32.4091	44.4502	62.8993	92.4048	140.931	92.4048	62.8993	44.4502	32.4091	24.257	18.5635	14.48	11.4832	9.23947	7.5298	6.20663	5.16826	4.34318	3.68017	
0	4.28484	5.09883	6.12325	7.42865	9.11535	11.3289	14.2855	18.3141	23.9311	31.9737	43.8531	62.0543	91.1635	139.038	91.1635	62.0543	43.8531	31.9737	23.9311	18.3141	14.2855	11.3289	9.11535	7.42865	6.12325	5.09883	4.28484	3.63074	
0	4.22727	5.03033	6.04099	7.32885	8.99289	11.1767	14.0935	18.0681	23.6096	31.5442	43.2639	61.2206	89.9387	137.17	89.9387	61.2206	43.2639	31.5442	23.6096	18.0681	14.0935	11.1767	8.99289	7.32885	6.04099	5.03033	4.22727	3.58196	
0	4.17047	4.96274	5.95982	7.23037	8.87205	11.0265	13.9042	17.8253	23.2924	31.1203	42.6826	60.398	88.7303	135.327	88.7303	60.398	42.6826	31.1203	23.2924	17.8253	13.9042	11.0265	8.87205	7.23037	5.95982	4.96274	4.17047	3.53383	
0	4.11443	4.89605	5.87973	7.13321	8.75283	10.8784	13.7173	17.5858	22.9794	30.7021	42.109	59.5864	87.5379	133.508	87.5379	59.5864	42.109	30.7021	22.9794	17.5858	13.7173	10.8784	8.75283	7.13321	5.87973	4.89605	4.11443	3.48634	
0	4.05913	4.83025	5.80071	7.03734	8.63519	10.7322	13.533	17.3494	22.6705	30.2895	41.5431	58.7856	86.3614	131.714	86.3614	58.7856	41.5431	30.2895	22.6705	17.3494	13.533	10.7322	8.63519	7.03734	5.80071	4.83025	4.05913	3.43949	
0	4.00457	4.76532	5.72274	6.94275	8.51912	10.5879	13.3511	17.1162	22.3658	29.8824	40.9847	57.9954	85.2006	129.943	85.2006	57.9954	40.9847	29.8824	22.3658	17.1162	13.3511	10.5879	8.51912	6.94275	5.72274	4.76532	4.00457	3.39325	
0	3.95074	4.70126	5.6458	6.84942	8.4046	10.4456	13.1716	16.8861	22.0652	29.4807	40.4337	57.2158	84.0552	128.197	84.0552	57.2158	40.4337	29.4807	22.0652	16.8861	13.1716	10.4456	8.4046	6.84942	5.6458	4.70126	3.95074	3.34764	
0	3.89762	4.63806	5.5699	6.75733	8.2916	10.3051	12.9945	16.6591	21.7685	29.0843	39.8901	56.4465	82.9251	126.473	82.9251	56.4465	39.8901	29.0843	21.7685	16.6591	12.9945	10.3051	8.2916	6.75733	5.5699	4.63806	3.89762	3.30263	
0	3.84521	4.57569	5.495	6.66647	8.18011	10.1666	12.8198	16.4351	21.4758	28.6932	39.3537	55.6875	81.8101	124.772	81.8101	55.6875	39.3537	28.6932	21.4758	16.4351	12.8198	10.1666	8.18011	6.66647	5.495	4.57569	3.84521	3.25822	
0	3.7935	4.51416	5.42111	6.57682	8.07011	10.0299	12.6474	16.2141	21.187	28.3074	38.8245	54.9387	80.7099	123.095	80.7099	54.9387	38.8245	28.3074	21.187	16.2141	12.6474	10.0299	8.07011	6.57682	5.42111	4.51416	3.7935	3.21441	
0	3.74248	4.45345	5.3482	6.48836	7.96157	9.89496	12.4773	15.996	20.902	27.9266	38.3023	54.1998	79.6244	121.439	79.6244	54.1998	38.3023	27.9266	20.902	15.996	12.4773	9.89496	7.96157	6.48836	5.3482	4.45345	3.74248	3.17118	
0	3.69214	4.39354	5.27626	6.40109	7.85448	9.76186	12.3094	15.7808	20.6209	27.551	37.7871	53.4707	78.5534	119.806	78.5534	53.4707	37.7871	27.551	20.6209	15.7808	12.3094	9.76186	7.85448	6.40109	5.27626	4.39354	3.69214	3.12852	
0	3.64247	4.33444	5.20528	6.31498	7.74881	9.63054	12.1438	15.5685	20.3435	27.1804	37.2788	52.7514	77.4966	118.194	77.4966	52.7514	37.2788	27.1804	20.3435	15.5685	12.1438	9.63054	7.74881	6.31498	5.20528	4.33444	3.64247	3.08643	
0	3.59347	4.27612	5.13525	6.23001	7.64456	9.50096	11.9805	15.3591	20.0698	26.8147	36.7772	52.0417	76.454	116.604	76.454	52.0417	36.7772	26.8147	20.0698	15.3591	11.9805	9.50096	7.64456	6.23001	5.13525	4.27612	3.59347	3.04491	
0	3.54511	4.21858	5.06615	6.14618	7.5417	9.37312	11.8192	15.1524	19.7997	26.4539	36.2824	51.3414	75.4252	115.035	75.4252	51.3414	36.2824	26.4539	19.7997	15.1524	11.8192	9.37312	7.5417	6.14618	5.06615	4.21858	3.54511	3.00394	
0	3.49741	4.16181	4.99797	6.06347	7.4402	9.24698	11.6602	14.9485	19.5333	26.0979	35.7941	50.6505	74.4102	113.487	74.4102	50.6505	35.7941	26.0979	19.5333	14.9485	11.6602	9.24698	7.4402	6.06347	4.99797	4.16181	3.49741	2.96351	
0	3.45033	4.1058	4.9307	5.98186	7.34006	9.12253	11.5033	14.7473	19.2704	25.7466	35.3123	49.9688	73.4087	111.959	73.4087	49.9688	35.3123	25.7466	19.2704	14.7473	11.5033	9.12253	7.34006	5.98186	4.9307	4.1058	3.45033	2.92362	
0	3.40389	4.05053	4.86433	5.90134	7.24126	8.99973	11.3484	14.5488	19.011	25.4	34.837	49.2962	72.4206	110.452	72.4206	49.2962	34.837	25.4	19.011	14.5488	11.3484	8.99973	7.24126	5.90134	4.86433	4.05053	3.40389	2.88427	
0	3.35807	3.996	4.79884	5.8219	7.14378	8.87857	11.1956	14.3529	18.755	25.0581	34.368	48.6325	71.4456	108.965	71.4456	48.6325	34.368	25.0581	18.755	14.3529	11.1956	8.87857	7.14378	5.8219	4.79884	3.996	3.35807	2.84544	
0	3.31285	3.9422	4.73423	5.74351	7.04759	8.75903	11.0449	14.1597	18.5025	24.7207	33.9053	47.9777	70.4837	107.498	70.4837	47.9777	33.9053	24.7207	18.5025	14.1597	11.0449	8.75903	7.04759	5.74351	4.73423	3.9422	3.31285	2.80713	
0	3.26824	3.88911	4.67048	5.66617	6.9527	8.64109	10.8962	13.969	18.2534	24.3878	33.4487	47.3317	69.5346	106.051	69.5346	47.3317	33.4487	24.3878	18.2534	13.969	10.8962	8.64109	6.9527	5.66617	4.67048	3.88911	3.26824	2.76933	
0	3.22423	3.83674	4.60759	5.58987	6.85906	8.52472	10.7494	13.7809	18.0076	24.0594	32.9983	46.6943	68.5982	104.622	68.5982	46.6943	32.9983	24.0594	18.0076	13.7809	10.7494	8.52472	6.85906	5.58987	4.60759	3.83674	3.22423	2.73204	
0	3.1808	3.78506	4.54553	5.51458	6.76668	8.4099	10.6047	13.5953	17.765	23.7354	32.5538	46.0654	67.6742	103.213	67.6742	46.0654	32.5538	23.7354	17.765	13.5953	10.6047	8.4099	6.76668	5.51458	4.54553	3.78506	3.1808	2.69524	
0	3.13796	3.73408	4.4843	5.44029	6.67553	8.29662	10.4618	13.4122	17.5257	23.4156	32.1153	45.4448	66.7626	101.823	66.7626	45.4448	32.1153	23.4156	17.5257	13.4122	10.4618	8.29662	6.67553	5.44029	4.4843	3.73408	3.13796	2.65893	
0	3.09568	3.68377	4.42389	5.367	6.5856	8.18485	10.3209	13.2315	17.2896	23.1002	31.6827	44.8326	65.8632	100.451	65.8632	44.8326	31.6827	23.1002	17.2896	13.2315	10.3209	8.18485	6.5856	5.367	4.42389	3.68377	3.09568	2.62311	
0	3.05397	3.63414	4.36428	5.29469	6.49687	8.07457	10.1818	13.0532	17.0567	22.7889	31.2558	44.2286	64.9758	99.0977	64.9758	44.2286	31.2558	22.7889	17.0567	13.0532	10.1818	8.07457	6.49687	5.29469	4.36428	3.63414	3.05397	2.58777	
0	3.01282	3.58517	4.30547	5.22334	6.40932	7.96576	10.0446	12.8773	16.8268	22.4819	30.8346	43.6326	64.1003	97.7624	64.1003	43.6326	30.8346	22.4819	16.8268	12.8773	10.0446	7.96576	6.40932	5.22334	4.30547	3.58517	3.01282	2.5529	
0	2.97222	3.53685	4.24745	5.15295	6.32295	7.85841	9.90924	12.7038	16.6001	22.1789	30.4191	43.0446	63.2364	96.4449	63.2364	43.0446	30.4191	22.1789	16.6001	12.7038	9.90924	7.85841	6.32295	5.15295	4.24745	3.53685	2.97222	2.5185	
0	2.93216	3.48918	4.1902	5.0835	6.23772	7.75249	9.77568	12.5325	16.3763	21.8799	30.0091	42.4644	62.3841	95.145	62.3841	42.4644	30.0091	21.8799	16.3763	12.5325	9.77568	7.75249	6.23772	5.0835	4.1902	3.48918	2.93216	2.48455	
0	2.89263	3.44215	4.13372	5.01497	6.15364	7.64799	9.64391	12.3636	16.1556	21.585	29.6046	41.892	61.5432	93.8625	61.5432	41.892	29.6046	21.585	16.1556	12.3636	9.64391	7.64799	6.15364	5.01497	4.13372	3.44215	2.89263	2.45106	
0	2.85364	3.39574	4.07799	4.94737	6.07068	7.54489	9.5139	12.1969	15.9378	21.294	29.2055	41.3272	60.7135	92.5971	60.7135	41.3272	29.2055	21.294	15.9378	12.1969	9.5139	7.54489	6.07068	4.94737	4.07799	3.39574	2.85364	2.41802	
0	2.81516	3.34996	4.02301	4.88066	5.98883	7.44316	9.38562	12.0325	15.7229	21.0069	28.8117	40.77	59.8949	91.3486	59.8949	40.77	28.8117	21.0069	15.7229	12.0325	9.38562	7.44316	5.98883	4.88066	4.02301	3.34996	2.81516	2.38541	
0	2.7772	3.30479	3.96876	4.81485	5.90807	7.34279	9.25906	11.8702	15.5109	20.7236	28.4232	40.2202	59.0872	90.1168	59.0872	40.2202	28.4232	20.7236	15.5109	11.8702	9.25906	7.34279	5.90807	4.81485	3.96876	3.30479	2.7772	2.35325	
0	2.73975	3.26022	3.91524	4.74991	5.8284	7.24376	9.13419	11.7101	15.3017	20.4442	28.0398	39.6778	58.2904	88.9015	58.2904	39.6778	28.0398	20.4442	15.3017	11.7101	9.13419	7.24376	5.8284	4.74991	3.91524	3.26022	2.73975	2.32151	
0	2.70279	3.21624	3.86243	4.68585	5.74979	7.14606	9.01099	11.5522	15.0953	20.1684	27.6617	39.1427	57.5042	87.7024	57.5042	39.1427	27.6617	20.1684	15.0953	11.5522	9.01099	7.14606	5.74979	4.68585	3.86243	3.21624	2.70279	2.2902	
0	2.66633	3.17286	3.81033	4.62264	5.67222	7.04967	8.88944	11.3964	14.8917	19.8963	27.2885	38.6147	56.7285	86.5193	56.7285	38.6147	27.2885	19.8963	14.8917	11.3964	8.88944	7.04967	5.67222	4.62264	3.81033	3.17286	2.66633	2.25931	
0	2.63036	3.13006	3.75892	4.56028	5.5957	6.95456	8.76951	11.2426	14.6908	19.6279	26.9204	38.0937	55.9632	85.3521	55.9632	38.0937	26.9204	19.6279	14.6908	11.2426	8.76951	6.95456	5.5957	4.56028	3.75892	3.13006	2.63036	2.22883	
0	2.59487	3.08782	3.7082	4.49875	5.5202	6.86073	8.65119	11.0909	14.4926	19.3631	26.5571	37.5797	55.2081	84.2005	55.2081	37.5797	26.5571	19.3631	14.4926	11.0909	8.65119	6.86073	5.5202	4.49875	3.7082	3.08782	2.59487	2.19875	
0	2.55986	3.04616	3.65817	4.43804	5.44571	6.76815	8.53445	10.9413	14.297	19.1018	26.1988	37.0726	54.4631	83.0643	54.4631	37.0726	26.1988	19.1018	14.297	10.9413	8.53445	6.76815	5.44571	4.43804	3.65817	3.04616	2.55986	2.16908	
0	2.52531	3.00505	3.6088	4.37815	5.37222	6.67681	8.41927	10.7936	14.104	18.844	25.8452	36.5723	53.7281	81.9433	53.7281	36.5723	25.8452	18.844	14.104	10.7936	8.41927	6.67681	5.37222	4.37815	3.6088	3.00505	2.52531	2.13981	
0	2.49123	2.96449	3.56009	4.31905	5.29971	6.58669	8.30564	10.6479	13.9137	18.5897	25.4964	36.0787	53.0029	80.8373	53.0029	36.0787	25.4964	18.5897	13.9137	10.6479	8.30564	6.58669	5.29971	4.31905	3.56009	2.96449	2.49123	2.11093	
0	2.4576	2.92447	3.51203	4.26075	5.22817	6.49778	8.19352	10.5042	13.7259	18.3387	25.1522	35.5917	52.2874	79.7461	52.2874	35.5917	25.1522	18.3387	13.7259	10.5042	8.19352	6.49778	5.22817	4.26075	3.51203	2.92447	2.4576	2.08243	
0	2.42442	2.88499	3.46462	4.20323	5.15759	6.41006	8.08291	10.3624	13.5406	18.0912	24.8126	35.1112	51.5815	78.6695	51.5815	35.1112	24.8126	18.0912	13.5406	10.3624	8.08291	6.41006	5.15759	4.20323	3.46462	2.88499	2.42442	2.05432	
0	2.39169	2.84604	3.41784	4.14648	5.08795	6.32351	7.97377	10.2225	13.3577	17.8469	24.4776	34.6371	50.8851	77.6073	50.8851	34.6371	24.4776	17.8469	13.3577	10.2225	7.97377	6.32351	5.08795	4.14648	3.41784	2.84604	2.39169	2.02658	
0	2.35939	2.8076	3.37169	4.09049	5.01925	6.23812	7.8661	10.0844	13.1774	17.6059	24.1471	34.1694	50.198	76.5594	50.198	34.1694	24.1471	17.6059	13.1774	10.0844	7.8661	6.23812	5.01925	4.09049	3.37169	2.8076	2.35939	1.99922	
0	2.32753	2.76969	3.32615	4.03524	4.95146	6.15387	7.75987	9.94824	12.9994	17.3681	23.821	33.7079	49.52	75.5254	49.52	33.7079	23.821	17.3681	12.9994	9.94824	7.75987	6.15387	4.95146	4.03524	3.32615	2.76969	2.32753	1.97222	
0	2.29609	2.73228	3.28123	3.98074	4.88458	6.07076	7.65506	9.81387	12.8238	17.1336	23.4993	33.2527	48.8512	74.5054	48.8512	33.2527	23.4993	17.1336	12.8238	9.81387	7.65506	6.07076	4.88458	3.98074	3.28123	2.73228	2.29609	1.94558	
0	2.26507	2.69537	3.2369	3.92697	4.8186	5.98875	7.55165	9.6813	12.6506	16.9021	23.1818	32.8035	48.1913	73.4989	48.1913	32.8035	23.1818	16.9021	12.6506	9.6813	7.55165	5.98875	4.8186	3.92697	3.2369	2.69537	2.26507	1.9193	
0	2.23447	2.65896	3.19317	3.87392	4.7535	5.90785	7.44963	9.55051	12.4797	16.6738	22.8686	32.3603	47.5403	72.506	47.5403	32.3603	22.8686	16.6738	12.4797	9.55051	7.44963	5.90785	4.7535	3.87392	3.19317	2.65896	2.23447	1.89337	
0	2.20428	2.62303	3.15003	3.82158	4.68928	5.82802	7.34898	9.42147	12.3111	16.4485	22.5597	31.9231	46.8979	71.5263	46.8979	31.9231	22.5597	16.4485	12.3111	9.42147	7.34898	5.82802	4.68928	3.82158	3.15003	2.62303	2.20428	1.86779	
0	2.1745	2.58759	3.10746	3.76994	4.62591	5.74927	7.24967	9.29416	12.1447	16.2262	22.2548	31.4917	46.2642	70.5598	46.2642	31.4917	22.2548	16.2262	12.1447	9.29416	7.24967	5.74927	4.62591	3.76994	3.10746	2.58759	2.1745	1.84255	
0	2.14511	2.55262	3.06547	3.71899	4.5634	5.67157	7.1517	9.16856	11.9806	16.0069	21.9541	31.0661	45.639	69.6063	45.639	31.0661	21.9541	16.0069	11.9806	9.16856	7.1517	5.67157	4.5634	3.71899	3.06547	2.55262	2.14511	1.81765	
0	2.11612	2.51812	3.02404	3.66872	4.50172	5.59492	7.05504	9.04463	11.8187	15.7906	21.6573	30.6462	45.0221	68.6655	45.0221	30.6462	21.6573	15.7906	11.8187	9.04463	7.05504	5.59492	4.50172	3.66872	3.02404	2.51812	2.11612	1.79308	
0	2.08751	2.48408	2.98316	3.61913	4.44087	5.51929	6.95967	8.92237	11.6589	15.5771	21.3646	30.232	44.4135	67.7373	44.4135	30.232	21.3646	15.5771	11.6589	8.92237	6.95967	5.51929	4.44087	3.61913	2.98316	2.48408	2.08751	1.76884	
0	2.05929	2.4505	2.94283	3.5702	4.38083	5.44467	6.86558	8.80175	11.5013	15.3666	21.0757	29.8233	43.8131	66.8215	43.8131	29.8233	21.0757	15.3666	11.5013	8.80175	6.86558	5.44467	4.38083	3.5702	2.94283	2.4505	2.05929	1.74493	
0	2.03145	2.41736	2.90304	3.52193	4.3216	5.37106	6.77276	8.68275	11.3458	15.1588	20.7908	29.42	43.2207	65.9181	43.2207	29.42	20.7908	15.1588	11.3458	8.68275	6.77276	5.37106	4.3216	3.52193	2.90304	2.41736	2.03145	1.72134	
0	2.00398	2.38468	2.86379	3.47431	4.26316	5.29843	6.68117	8.56534	11.1924	14.9538	20.5097	29.0222	42.6363	65.0267	42.6363	29.0222	20.5097	14.9538	11.1924	8.56534	6.68117	5.29843	4.26316	3.47431	2.86379	2.38468	2.00398	1.69806	
0	1.97688	2.35243	2.82506	3.42732	4.20551	5.22677	6.59082	8.4495	11.041	14.7516	20.2323	28.6297	42.0597	64.1473	42.0597	28.6297	20.2323	14.7516	11.041	8.4495	6.59082	5.22677	4.20551	3.42732	2.82506	2.35243	1.97688	1.6751	
0	1.95014	2.32061	2.78685	3.38097	4.14863	5.15608	6.50168	8.33522	10.8917	14.5521	19.9586	28.2425	41.4908	63.2797	41.4908	28.2425	19.9586	14.5521	10.8917	8.33522	6.50168	5.15608	4.14863	3.38097	2.78685	2.32061	1.95014	1.65244	
0	1.92376	2.28922	2.74915	3.33523	4.09251	5.08634	6.41373	8.22247	10.7443	14.3552	19.6887	27.8605	40.9296	62.4238	40.9296	27.8605	19.6887	14.3552	10.7443	8.22247	6.41373	5.08634	4.09251	3.33523	2.74915	2.28922	1.92376	1.63009	
0	1.89774	2.25825	2.71196	3.29011	4.03715	5.01753	6.32696	8.11124	10.599	14.161	19.4223	27.4836	40.3759	61.5793	40.3759	27.4836	19.4223	14.161	10.599	8.11124	6.32696	5.01753	4.03715	3.29011	2.71196	2.25825	1.89774	1.60804	
0	1.87206	2.2277	2.67527	3.2456	3.98252	4.94964	6.24136	8.00149	10.4556	13.9694	19.1595	27.1117	39.8296	60.7461	39.8296	27.1117	19.1595	13.9694	10.4556	8.00149	6.24136	4.94964	3.98252	3.2456	2.67527	2.2277	1.87206	1.58628	
0	1.84673	2.19755	2.63907	3.20168	3.92863	4.88266	6.15691	7.89322	10.3141	13.7804	18.9003	26.7449	39.2907	59.9241	39.2907	26.7449	18.9003	13.7804	10.3141	7.89322	6.15691	4.88266	3.92863	3.20168	2.63907	2.19755	1.84673	1.56482	
0	1.82174	2.16781	2.60335	3.15835	3.87547	4.81659	6.07358	7.7864	10.1745	13.5939	18.6445	26.3829	38.7589	59.1132	38.7589	26.3829	18.6445	13.5939	10.1745	7.7864	6.07358	4.81659	3.87547	3.15835	2.60335	2.16781	1.82174	1.54364	
0	1.79708	2.13847	2.56812	3.11561	3.82302	4.7514	5.99138	7.68102	10.0368	13.4099	18.3922	26.0258	38.2344	58.3131	38.2344	26.0258	18.3922	13.4099	10.0368	7.68102	5.99138	4.7514	3.82302	3.11561	2.56812	2.13847	1.79708	1.52275	
0	1.77275	2.10953	2.53335	3.07343	3.77127	4.68708	5.91028	7.57705	9.90096	13.2284	18.1432	25.6736	37.7168	57.5238	37.7168	25.6736	18.1432	13.2284	9.90096	7.57705	5.91028	4.68708	3.77127	3.07343	2.53335	2.10953	1.77275	1.50213	
0	1.74876	2.08097	2.49906	3.03183	3.72021	4.62363	5.83027	7.47447	9.76692	13.0493	17.8976	25.326	37.2062	56.7451	37.2062	25.326	17.8976	13.0493	9.76692	7.47447	5.83027	4.62363	3.72021	3.03183	2.49906	2.08097	1.74876	1.4818	
0	1.72508	2.05279	2.46522	2.99078	3.66984	4.56103	5.75133	7.37327	9.63469	12.8726	17.6553	24.9831	36.7025	55.9768	36.7025	24.9831	17.6553	12.8726	9.63469	7.37327	5.75133	4.56103	3.66984	2.99078	2.46522	2.05279	1.72508	1.46174	
0	1.70172	2.025	2.43184	2.95028	3.62015	4.49927	5.67346	7.27344	9.50423	12.6983	17.4162	24.6448	36.2055	55.2188	36.2055	24.6448	17.4162	12.6983	9.50423	7.27344	5.67346	4.49927	3.62015	2.95028	2.43184	2.025	1.70172	1.44194	
0	1.67868	1.99757	2.39891	2.91033	3.57113	4.43834	5.59663	7.17494	9.37552	12.5264	17.1803	24.3111	35.7152	54.471	35.7152	24.3111	17.1803	12.5264	9.37552	7.17494	5.59663	4.43834	3.57113	2.91033	2.39891	1.99757	1.67868	1.42242	
0	1.65594	1.97052	2.36642	2.87091	3.52276	4.37823	5.52083	7.07776	9.24854	12.3567	16.9477	23.9818	35.2315	53.7333	35.2315	23.9818	16.9477	12.3567	9.24854	7.07776	5.52083	4.37823	3.52276	2.87091	2.36642	1.97052	1.65594	1.40315	
0	1.63351	1.94383	2.33437	2.83202	3.47505	4.31893	5.44605	6.98189	9.12327	12.1893	16.7181	23.657	34.7543	53.0055	34.7543	23.657	16.7181	12.1893	9.12327	6.98189	5.44605	4.31893	3.47505	2.83202	2.33437	1.94383	1.63351	1.38415	
0	1.61138	1.9175	2.30274	2.79366	3.42797	4.26042	5.37227	6.88731	8.99967	12.0242	16.4916	23.3365	34.2835	52.2874	34.2835	23.3365	16.4916	12.0242	8.99967	6.88731	5.37227	4.26042	3.42797	2.79366	2.30274	1.9175	1.61138	1.3654	
0	1.58955	1.89152	2.27155	2.75581	3.38153	4.2027	5.29949	6.794	8.87774	11.8613	16.2682	23.0203	33.819	51.579	33.819	23.0203	16.2682	11.8613	8.87774	6.794	5.29949	4.2027	3.38153	2.75581	2.27155	1.89152	1.58955	1.3469	
0	1.56801	1.86589	2.24077	2.71847	3.33571	4.14575	5.22768	6.70194	8.75745	11.7006	16.0478	22.7084	33.3607	50.8801	33.3607	22.7084	16.0478	11.7006	8.75745	6.70194	5.22768	4.14575	3.33571	2.71847	2.24077	1.86589	1.56801	1.32865	
0	1.54676	1.8406	2.2104	2.68163	3.2905	4.08957	5.15684	6.61112	8.63878	11.542	15.8303	22.4007	32.9087	50.1906	32.9087	22.4007	15.8303	11.542	8.63878	6.61112	5.15684	4.08957	3.2905	2.68163	2.2104	1.8406	1.54676	1.31064	
0	1.5258	1.81566	2.18044	2.64529	3.24591	4.03414	5.08695	6.52152	8.5217	11.3856	15.6157	22.0971	32.4626	49.5104	32.4626	22.0971	15.6157	11.3856	8.5217	6.52152	5.08695	4.03414	3.24591	2.64529	2.18044	1.81566	1.5258	1.29288	
0	1.50512	1.79105	2.15089	2.60943	3.20191	3.97946	5.018	6.43313	8.40619	11.2313	15.4041	21.7976	32.0226	48.8393	32.0226	21.7976	15.4041	11.2313	8.40619	6.43313	5.018	3.97946	3.20191	2.60943	2.15089	1.79105	1.50512	1.27535	
0	1.48471	1.76677	2.12173	2.57406	3.15851	3.92552	4.94997	6.34592	8.29224	11.079	15.1953	21.5021	31.5885	48.1773	31.5885	21.5021	15.1953	11.079	8.29224	6.34592	4.94997	3.92552	3.15851	2.57406	2.12173	1.76677	1.48471	1.25807	
0	1.46459	1.74281	2.09297	2.53916	3.11569	3.8723	4.88286	6.25988	8.17982	10.9288	14.9893	21.2106	31.1603	47.5241	31.1603	21.2106	14.9893	10.9288	8.17982	6.25988	4.88286	3.8723	3.11569	2.53916	2.09297	1.74281	1.46459	1.24101	
0	1.44473	1.71918	2.06459	2.50473	3.07344	3.81979	4.81666	6.17501	8.06891	10.7806	14.786	20.923	30.7378	46.8797	30.7378	20.923	14.786	10.7806	8.06891	6.17501	4.81666	3.81979	3.07344	2.50473	2.06459	1.71918	1.44473	1.22418	
0	1.42514	1.69587	2.03659	2.47077	3.03176	3.768	4.75134	6.09127	7.95949	10.6345	14.5855	20.6393	30.321	46.244	30.321	20.6393	14.5855	10.6345	7.95949	6.09127	4.75134	3.768	3.03176	2.47077	2.03659	1.69587	1.42514	1.20758	
0	1.40581	1.67287	2.00897	2.43726	2.99065	3.71689	4.6869	6.00866	7.85154	10.4902	14.3877	20.3593	29.9097	45.6169	29.9097	20.3593	14.3877	10.4902	7.85154	6.00866	4.6869	3.71689	2.99065	2.43726	2.00897	1.67287	1.40581	1.19121	
0	1.38674	1.65018	1.98172	2.4042	2.95008	3.66648	4.62333	5.92716	7.74505	10.3479	14.1926	20.0832	29.5041	44.9981	29.5041	20.0832	14.1926	10.3479	7.74505	5.92716	4.62333	3.66648	2.95008	2.4042	1.98172	1.65018	1.38674	1.17505	
0	1.36793	1.6278	1.95484	2.37159	2.91006	3.61674	4.56062	5.84676	7.63998	10.2076	14	19.8108	29.1038	44.3877	29.1038	19.8108	14	10.2076	7.63998	5.84676	4.56062	3.61674	2.91006	2.37159	1.95484	1.6278	1.36793	1.15911	
0	1.34937	1.60571	1.92832	2.33941	2.87058	3.56768	4.49874	5.76744	7.53634	10.0691	13.8101	19.542	28.709	43.7856	28.709	19.542	13.8101	10.0691	7.53634	5.76744	4.49874	3.56768	2.87058	2.33941	1.92832	1.60571	1.34937	1.14338	
0	1.33106	1.58393	1.90216	2.30767	2.83164	3.51927	4.4377	5.68919	7.43408	9.93247	13.6227	19.2769	28.3195	43.1915	28.3195	19.2769	13.6227	9.93247	7.43408	5.68919	4.4377	3.51927	2.83164	2.30767	1.90216	1.58393	1.33106	1.12787	
0	1.313	1.56243	1.87635	2.27636	2.79321	3.47152	4.37749	5.61199	7.33321	9.7977	13.4379	19.0153	27.9352	42.6054	27.9352	19.0153	13.4379	9.7977	7.33321	5.61199	4.37749	3.47152	2.79321	2.27636	1.87635	1.56243	1.313	1.11257	
0	1.29518	1.54123	1.85088	2.24547	2.75531	3.4244	4.31808	5.53583	7.23369	9.66473	13.2555	18.7572	27.5561	42.0272	27.5561	18.7572	13.2555	9.66473	7.23369	5.53583	4.31808	3.4244	2.75531	2.24547	1.85088	1.54123	1.29518	1.09747	
0	1.2776	1.52031	1.82576	2.21499	2.71791	3.37793	4.25947	5.46069	7.13551	9.53355	13.0756	18.5026	27.1821	41.4568	27.1821	18.5026	13.0756	9.53355	7.13551	5.46069	4.25947	3.37793	2.71791	2.21499	1.82576	1.52031	1.2776	1.08257	
0	1.26026	1.49967	1.80098	2.18492	2.68102	3.33207	4.20165	5.38657	7.03865	9.40415	12.8981	18.2515	26.8131	40.894	26.8131	18.2515	12.8981	9.40415	7.03865	5.38657	4.20165	3.33207	2.68102	2.18492	1.80098	1.49967	1.26026	1.06788	
0	1.24315	1.47931	1.77653	2.15526	2.64462	3.28684	4.14461	5.31344	6.94309	9.27648	12.723	18.0037	26.4491	40.3389	26.4491	18.0037	12.723	9.27648	6.94309	5.31344	4.14461	3.28684	2.64462	2.15526	1.77653	1.47931	1.24315	1.05338	
0	1.22627	1.45923	1.75241	2.126	2.60871	3.24221	4.08834	5.2413	6.84883	9.15053	12.5503	17.7593	26.09	39.7912	26.09	17.7593	12.5503	9.15053	6.84883	5.2413	4.08834	3.24221	2.60871	2.126	1.75241	1.45923	1.22627	1.03908	
0	1.20962	1.43942	1.72861	2.09713	2.57329	3.19819	4.03283	5.17013	6.75583	9.02628	12.3798	17.5181	25.7357	39.2509	25.7357	17.5181	12.3798	9.02628	6.75583	5.17013	4.03283	3.19819	2.57329	2.09713	1.72861	1.43942	1.20962	1.02497	
0	1.1932	1.41987	1.70514	2.06865	2.53834	3.15476	3.97806	5.09992	6.66408	8.9037	12.2117	17.2802	25.3862	38.7179	25.3862	17.2802	12.2117	8.9037	6.66408	5.09992	3.97806	3.15476	2.53834	2.06865	1.70514	1.41987	1.1932	1.01105	
0	1.17699	1.40058	1.68198	2.04055	2.50387	3.11191	3.92403	5.03065	6.57357	8.78277	12.0459	17.0455	25.0414	38.192	25.0414	17.0455	12.0459	8.78277	6.57357	5.03065	3.92403	3.11191	2.50387	2.04055	1.68198	1.40058	1.17699	0.997317	
0	1.161	1.38156	1.65913	2.01284	2.46986	3.06964	3.87073	4.96232	6.48428	8.66348	11.8822	16.814	24.7013	37.6732	24.7013	16.814	11.8822	8.66348	6.48428	4.96232	3.87073	3.06964	2.46986	2.01284	1.65913	1.38156	1.161	0.98377	
0	1.14523	1.36279	1.63659	1.98549	2.43631	3.02794	3.81815	4.89491	6.3962	8.54579	11.7208	16.5856	24.3657	37.1615	24.3657	16.5856	11.7208	8.54579	6.3962	4.89491	3.81815	3.02794	2.43631	1.98549	1.63659	1.36279	1.14523	0.970406	
0	1.12967	1.34428	1.61436	1.95852	2.40321	2.9868	3.76628	4.82841	6.3093	8.42968	11.5616	16.3603	24.0347	36.6566	24.0347	16.3603	11.5616	8.42968	6.3093	4.82841	3.76628	2.9868	2.40321	1.95852	1.61436	1.34428	1.12967	0.957222	
0	1.11432	1.32601	1.59242	1.93191	2.37055	2.94622	3.7151	4.7628	6.22357	8.31514	11.4045	16.138	23.7081	36.1585	23.7081	16.138	11.4045	8.31514	6.22357	4.7628	3.7151	2.94622	2.37055	1.93191	1.59242	1.32601	1.11432	0.944216	
0	1.09918	1.30799	1.57078	1.90565	2.33834	2.90618	3.66462	4.69808	6.139	8.20215	11.2495	15.9187	23.386	35.6671	23.386	15.9187	11.2495	8.20215	6.139	4.69808	3.66462	2.90618	2.33834	1.90565	1.57078	1.30799	1.09918	0.931385	
0	1.08424	1.29022	1.54944	1.87976	2.30656	2.86669	3.61481	4.63423	6.05556	8.09067	11.0966	15.7023	23.0681	35.1824	23.0681	15.7023	11.0966	8.09067	6.05556	4.63423	3.61481	2.86669	2.30656	1.87976	1.54944	1.29022	1.08424	0.918727	
0	1.0695	1.27268	1.52838	1.85421	2.27521	2.82772	3.56568	4.57124	5.97326	7.98071	10.9458	15.4889	22.7546	34.7042	22.7546	15.4889	10.9458	7.98071	5.97326	4.57124	3.56568	2.82772	2.27521	1.85421	1.52838	1.27268	1.0695	0.906239	
0	1.05497	1.25538	1.5076	1.829	2.24428	2.78928	3.51721	4.5091	5.89206	7.87222	10.797	15.2783	22.4453	34.2325	22.4453	15.2783	10.797	7.87222	5.89206	4.5091	3.51721	2.78928	2.24428	1.829	1.5076	1.25538	1.05497	0.89392	
0	1.04062	1.23831	1.4871	1.80413	2.21377	2.75136	3.46939	4.4478	5.81196	7.7652	10.6502	15.0706	22.1401	33.7671	22.1401	15.0706	10.6502	7.7652	5.81196	4.4478	3.46939	2.75136	2.21377	1.80413	1.4871	1.23831	1.04062	0.881767	
0	1.02647	1.22147	1.46688	1.7796	2.18367	2.71395	3.42222	4.38732	5.73293	7.65962	10.5054	14.8657	21.8391	33.3079	21.8391	14.8657	10.5054	7.65962	5.73293	4.38732	3.42222	2.71395	2.18367	1.7796	1.46688	1.22147	1.02647	0.869778	
0	1.01252	1.20486	1.44694	1.75541	2.15398	2.67705	3.37568	4.32766	5.65498	7.55546	10.3626	14.6636	21.5421	32.855	21.5421	14.6636	10.3626	7.55546	5.65498	4.32766	3.37568	2.67705	2.15398	1.75541	1.44694	1.20486	1.01252	0.857951	
0	0.998747	1.18848	1.42726	1.73153	2.12468	2.64064	3.32978	4.26881	5.57807	7.45271	10.2216	14.4641	21.2492	32.4082	21.2492	14.4641	10.2216	7.45271	5.57807	4.26881	3.32978	2.64064	2.12468	1.73153	1.42726	1.18848	0.998747	0.846283	
0	0.985163	1.17231	1.40785	1.70798	2.09579	2.60473	3.28449	4.21075	5.5022	7.35134	10.0826	14.2674	20.9602	31.9674	20.9602	14.2674	10.0826	7.35134	5.5022	4.21075	3.28449	2.60473	2.09579	1.70798	1.40785	1.17231	0.985163	0.834773	
0	0.971762	1.15637	1.3887	1.68475	2.06728	2.56929	3.23981	4.15347	5.42736	7.25135	9.94547	14.0733	20.675	31.5326	20.675	14.0733	9.94547	7.25135	5.42736	4.15347	3.23981	2.56929	2.06728	1.68475	1.3887	1.15637	0.971762	0.823418	
0	0.958542	1.14064	1.36981	1.66183	2.03915	2.53434	3.19574	4.09697	5.35353	7.1527	9.81017	13.8819	20.3938	31.1036	20.3938	13.8819	9.81017	7.1527	5.35353	4.09697	3.19574	2.53434	2.03915	1.66183	1.36981	1.14064	0.958542	0.812216	
0	0.945501	1.12512	1.35117	1.63922	2.01141	2.49986	3.15226	4.04123	5.28069	7.05538	9.6767	13.693	20.1163	30.6804	20.1163	13.693	9.6767	7.05538	5.28069	4.04123	3.15226	2.49986	2.01141	1.63922	1.35117	1.12512	0.945501	0.801165	
0	0.932635	1.10981	1.33278	1.61691	1.98404	2.46585	3.10936	3.98624	5.20883	6.95938	9.54503	13.5067	19.8426	30.263	19.8426	13.5067	9.54503	6.95938	5.20883	3.98624	3.10936	2.46585	1.98404	1.61691	1.33278	1.10981	0.932635	0.790264	
0	0.919944	1.09471	1.31465	1.59491	1.95704	2.43229	3.06705	3.93199	5.13795	6.86467	9.41513	13.3229	19.5726	29.8511	19.5726	13.3229	9.41513	6.86467	5.13795	3.93199	3.06705	2.43229	1.95704	1.59491	1.31465	1.09471	0.919944	0.77951	
0	0.907423	1.07981	1.29675	1.5732	1.93041	2.39919	3.02531	3.87848	5.06802	6.77125	9.28699	13.1416	19.3062	29.4449	19.3062	13.1416	9.28699	6.77125	5.06802	3.87848	3.02531	2.39919	1.93041	1.5732	1.29675	1.07981	0.907423	0.768901	
0	0.895072	1.06511	1.2791	1.55179	1.90413	2.36653	2.98413	3.82569	4.99904	6.67908	9.16058	12.9627	19.0434	29.0441	19.0434	12.9627	9.16058	6.67908	4.99904	3.82569	2.98413	2.36653	1.90413	1.55179	1.2791	1.06511	0.895072	0.758435	
0	0.882887	1.05061	1.26169	1.53067	1.87821	2.33431	2.94351	3.77361	4.93099	6.58816	9.03588	12.7862	18.7842	28.6487	18.7842	12.7862	9.03588	6.58816	4.93099	3.77361	2.94351	2.33431	1.87821	1.53067	1.26169	1.05061	0.882887	0.74811	
0	0.870867	1.03631	1.24451	1.50983	1.85264	2.30253	2.90343	3.72223	4.86386	6.49847	8.91286	12.6122	18.5284	28.2587	18.5284	12.6122	8.91286	6.49847	4.86386	3.72223	2.90343	2.30253	1.85264	1.50983	1.24451	1.03631	0.870867	0.737925	
0	0.85901	1.0222	1.22757	1.48927	1.82741	2.27118	2.8639	3.67155	4.79763	6.40998	8.79151	12.4404	18.2761	27.8739	18.2761	12.4404	8.79151	6.40998	4.79763	3.67155	2.8639	2.27118	1.82741	1.48927	1.22757	1.0222	0.85901	0.727878	
0	0.847312	1.00828	1.21085	1.46899	1.80253	2.24026	2.8249	3.62155	4.7323	6.3227	8.67179	12.271	18.0273	27.4943	18.0273	12.271	8.67179	6.3227	4.7323	3.62155	2.8249	2.24026	1.80253	1.46899	1.21085	1.00828	0.847312	0.717966	
0	0.835773	0.994545	1.19436	1.44898	1.77798	2.20975	2.78643	3.57223	4.66785	6.23659	8.55369	12.1039	17.7818	27.1199	17.7818	12.1039	8.55369	6.23659	4.66785	3.57223	2.78643	2.20975	1.77798	1.44898	1.19436	0.994545	0.835773	0.708188	
0	0.82439	0.980999	1.17809	1.42925	1.75376	2.17965	2.74848	3.52358	4.60427	6.15165	8.43719	11.9391	17.5396	26.7505	17.5396	11.9391	8.43719	6.15165	4.60427	3.52358	2.74848	2.17965	1.75376	1.42925	1.17809	0.980999	0.82439	0.698543	
0	0.81316	0.967637	1.16205	1.40978	1.72988	2.14996	2.71104	3.47558	4.54156	6.06785	8.32226	11.7764	17.3007	26.3861	17.3007	11.7764	8.32226	6.06785	4.54156	3.47558	2.71104	2.14996	1.72988	1.40978	1.16205	0.967637	0.81316	0.689027	
0	0.802082	0.954454	1.14622	1.39057	1.70631	2.12067	2.67411	3.42823	4.47969	5.98519	8.20888	11.616	17.065	26.0267	17.065	11.616	8.20888	5.98519	4.47969	3.42823	2.67411	2.12067	1.70631	1.39057	1.14622	0.954454	0.802082	0.67964	
0	0.791154	0.94145	1.1306	1.37163	1.68306	2.09178	2.63767	3.38152	4.41865	5.90364	8.09704	11.4577	16.8325	25.6721	16.8325	11.4577	8.09704	5.90364	4.41865	3.38152	2.63767	2.09178	1.68306	1.37163	1.1306	0.94145	0.791154	0.670381	
0	0.780374	0.928622	1.11519	1.35294	1.66013	2.06327	2.60173	3.33545	4.35844	5.8232	7.98671	11.3016	16.6031	25.3223	16.6031	11.3016	7.98671	5.8232	4.35844	3.33545	2.60173	2.06327	1.66013	1.35294	1.11519	0.928622	0.780374	0.661246	
0	0.769739	0.915967	1.1	1.3345	1.6375	2.03516	2.56628	3.28999	4.29905	5.74384	7.87787	11.1476	16.3768	24.9772	16.3768	11.1476	7.87787	5.74384	4.29905	3.28999	2.56628	2.03516	1.6375	1.3345	1.1	0.915967	0.769739	0.652235	
0	0.759248	0.903483	1.085	1.31631	1.61519	2.00742	2.5313	3.24515	4.24046	5.66556	7.7705	10.9957	16.1536	24.6368	16.1536	10.9957	7.7705	5.66556	4.24046	3.24515	2.5313	2.00742	1.61519	1.31631	1.085	0.903483	0.759248	0.643345	
0	0.748899	0.891168	1.07021	1.29837	1.59317	1.98006	2.4968	3.20092	4.18266	5.58833	7.66459	10.8458	15.9335	24.301	15.9335	10.8458	7.66459	5.58833	4.18266	3.20092	2.4968	1.98006	1.59317	1.29837	1.07021	0.891168	0.748899	0.634576	
0	0.73869	0.87902	1.05563	1.28067	1.57145	1.95306	2.46276	3.15729	4.12564	5.51215	7.5601	10.6979	15.7162	23.9697	15.7162	10.6979	7.5601	5.51215	4.12564	3.15729	2.46276	1.95306	1.57145	1.28067	1.05563	0.87902	0.73869	0.625926	
0	0.728619	0.867036	1.04123	1.26321	1.55003	1.92644	2.42918	3.11424	4.06939	5.437	7.45703	10.5521	15.502	23.6429	15.502	10.5521	7.45703	5.437	4.06939	3.11424	2.42918	1.92644	1.55003	1.26321	1.04123	0.867036	0.728619	0.617392	
0	0.718685	0.855214	1.02704	1.24599	1.52889	1.90017	2.39606	3.07178	4.01391	5.36287	7.35536	10.4082	15.2906	23.3205	15.2906	10.4082	7.35536	5.36287	4.01391	3.07178	2.39606	1.90017	1.52889	1.24599	1.02704	0.855214	0.718685	0.608974	
0	0.708885	0.843552	1.01303	1.229	1.50804	1.87426	2.36339	3.02989	3.95917	5.28974	7.25506	10.2663	15.0821	23.0025	15.0821	10.2663	7.25506	5.28974	3.95917	3.02989	2.36339	1.87426	1.50804	1.229	1.01303	0.843552	0.708885	0.60067	
0	0.699217	0.832048	0.999216	1.21224	1.48748	1.8487	2.33116	2.98857	3.90518	5.2176	7.15611	10.1263	14.8764	22.6888	14.8764	10.1263	7.15611	5.2176	3.90518	2.98857	2.33116	1.8487	1.48748	1.21224	0.999216	0.832048	0.699217	0.592478	
0	0.68968	0.820699	0.985588	1.1957	1.46719	1.82348	2.29936	2.94781	3.85191	5.14643	7.05851	9.98815	14.6735	22.3794	14.6735	9.98815	7.05851	5.14643	3.85191	2.94781	2.29936	1.82348	1.46719	1.1957	0.985588	0.820699	0.68968	0.584397	
0	0.680272	0.809504	0.972143	1.17939	1.44718	1.79861	2.268	2.9076	3.79937	5.07623	6.96223	9.85191	14.4734	22.0741	14.4734	9.85191	6.96223	5.07623	3.79937	2.9076	2.268	1.79861	1.44718	1.17939	0.972143	0.809504	0.680272	0.576426	
0	0.670992	0.798461	0.958881	1.1633	1.42743	1.77407	2.23706	2.86793	3.74754	5.00698	6.86725	9.71751	14.2759	21.773	14.2759	9.71751	6.86725	5.00698	3.74754	2.86793	2.23706	1.77407	1.42743	1.1633	0.958881	0.798461	0.670992	0.568562	
0	0.661837	0.787567	0.945799	1.14743	1.40796	1.74987	2.20654	2.8288	3.69641	4.93867	6.77355	9.58492	14.0811	21.4759	14.0811	9.58492	6.77355	4.93867	3.69641	2.8288	2.20654	1.74987	1.40796	1.14743	0.945799	0.787567	0.661837	0.560805	
0	0.652806	0.77682	0.932893	1.13177	1.38875	1.72599	2.17643	2.7902	3.64597	4.87128	6.68113	9.45414	13.889	21.1829	13.889	9.45414	6.68113	4.87128	3.64597	2.7902	2.17643	1.72599	1.38875	1.13177	0.932893	0.77682	0.652806	0.553152	
0	0.643898	0.76622	0.920162	1.11633	1.3698	1.70244	2.14673	2.75213	3.59621	4.8048	6.58995	9.32512	13.6995	20.8938	13.6995	9.32512	6.58995	4.8048	3.59621	2.75213	2.14673	1.70244	1.3698	1.11633	0.920162	0.76622	0.643898	0.545604	
0	0.63511	0.755762	0.907604	1.10109	1.3511	1.6792	2.11743	2.71457	3.54713	4.73923	6.50001	9.19785	13.5125	20.6086	13.5125	9.19785	6.50001	4.73923	3.54713	2.71457	2.11743	1.6792	1.3511	1.10109	0.907604	0.755762	0.63511	0.538157	
0	0.626441	0.745446	0.895216	1.08606	1.33266	1.65628	2.08853	2.67751	3.49872	4.67454	6.41129	9.07231	13.3281	20.3273	13.3281	9.07231	6.41129	4.67454	3.49872	2.67751	2.08853	1.65628	1.33266	1.08606	0.895216	0.745446	0.626441	0.530812	
0	0.61789	0.73527	0.882995	1.07124	1.31447	1.63367	2.06002	2.64096	3.45096	4.61073	6.32377	8.94846	13.1461	20.0498	13.1461	8.94846	6.32377	4.61073	3.45096	2.64096	2.06002	1.63367	1.31447	1.07124	0.882995	0.73527	0.61789	0.523566	
0	0.609454	0.725232	0.87094	1.05661	1.29652	1.61137	2.03189	2.60491	3.40384	4.54778	6.23744	8.82629	12.9666	19.7761	12.9666	8.82629	6.23744	4.54778	3.40384	2.60491	2.03189	1.61137	1.29652	1.05661	0.87094	0.725232	0.609454	0.516418	
0	0.601133	0.71533	0.859049	1.04219	1.27882	1.58937	2.00415	2.56934	3.35737	4.48569	6.15227	8.70578	12.7896	19.5061	12.7896	8.70578	6.15227	4.48569	3.35737	2.56934	2.00415	1.58937	1.27882	1.04219	0.859049	0.71533	0.601133	0.509367	
0	0.592924	0.705562	0.847318	1.02796	1.26136	1.56766	1.97678	2.53426	3.31152	4.42443	6.06826	8.5869	12.6149	19.2397	12.6149	8.5869	6.06826	4.42443	3.31152	2.53426	1.97678	1.56766	1.26136	1.02796	0.847318	0.705562	0.592924	0.502411	
0	0.584827	0.695927	0.835747	1.01392	1.24413	1.54626	1.94979	2.49965	3.2663	4.36401	5.98539	8.46964	12.4427	18.977	12.4427	8.46964	5.98539	4.36401	3.2663	2.49965	1.94979	1.54626	1.24413	1.01392	0.835747	0.695927	0.584827	0.49555	
0	0.576839	0.686422	0.824332	1.00007	1.22714	1.52514	1.92316	2.46551	3.22169	4.30441	5.90364	8.35396	12.2727	18.7178	12.2727	8.35396	5.90364	4.30441	3.22169	2.46551	1.92316	1.52514	1.22714	1.00007	0.824332	0.686422	0.576839	0.488782	
0	0.56896	0.677045	0.813072	0.986409	1.21038	1.5043	1.89689	2.43183	3.17768	4.24561	5.823	8.23984	12.1051	18.4621	12.1051	8.23984	5.823	4.24561	3.17768	2.43183	1.89689	1.5043	1.21038	0.986409	0.813072	0.677045	0.56896	0.482105	
0	0.561187	0.667796	0.801965	0.972933	1.19384	1.48375	1.87097	2.39861	3.13427	4.18761	5.74345	8.12728	11.9397	18.2099	11.9397	8.12728	5.74345	4.18761	3.13427	2.39861	1.87097	1.48375	1.19384	0.972933	0.801965	0.667796	0.561187	0.475519	
0	0.55352	0.658673	0.791008	0.959641	1.17753	1.46348	1.84541	2.36584	3.09145	4.1304	5.66498	8.01624	11.7766	17.9611	11.7766	8.01624	5.66498	4.1304	3.09145	2.36584	1.84541	1.46348	1.17753	0.959641	0.791008	0.658673	0.55352	0.469023	
0	0.545957	0.649673	0.7802	0.946528	1.16144	1.44349	1.8202	2.33351	3.04921	4.07396	5.58758	7.90671	11.6157	17.7157	11.6157	7.90671	5.58758	4.07396	3.04921	2.33351	1.8202	1.44349	1.16144	0.946528	0.7802	0.649673	0.545957	0.462614	
0	0.538496	0.640795	0.769538	0.933594	1.14557	1.42376	1.79532	2.30162	3.00754	4.01829	5.51122	7.79866	11.457	17.4736	11.457	7.79866	5.51122	4.01829	3.00754	2.30162	1.79532	1.42376	1.14557	0.933594	0.769538	0.640795	0.538496	0.456292	
0	0.531137	0.632037	0.759021	0.920835	1.12991	1.4043	1.77079	2.27017	2.96644	3.96337	5.4359	7.69208	11.3004	17.2348	11.3004	7.69208	5.4359	3.96337	2.96644	2.27017	1.77079	1.4043	1.12991	0.920835	0.759021	0.632037	0.531137	0.450056	
0	0.523877	0.623398	0.748647	0.908249	1.11447	1.38511	1.74658	2.23914	2.92589	3.9092	5.3616	7.58694	11.1459	16.9992	11.1459	7.58694	5.3616	3.9092	2.92589	2.23914	1.74658	1.38511	1.11447	0.908249	0.748647	0.623398	0.523877	0.443905	
0	0.516716	0.614877	0.738413	0.895833	1.09924	1.36617	1.72271	2.20853	2.88589	3.85577	5.28831	7.48323	10.9936	16.7669	10.9936	7.48323	5.28831	3.85577	2.88589	2.20853	1.72271	1.36617	1.09924	0.895833	0.738413	0.614877	0.516716	0.437837	
0	0.509652	0.606471	0.728318	0.883586	1.08421	1.3475	1.69916	2.17834	2.84644	3.80305	5.21602	7.38093	10.8433	16.5377	10.8433	7.38093	5.21602	3.80305	2.84644	2.17834	1.69916	1.3475	1.08421	0.883586	0.728318	0.606471	0.509652	0.431851	
0	0.502684	0.598179	0.71836	0.871505	1.06938	1.32907	1.67592	2.14855	2.80752	3.75106	5.1447	7.28002	10.695	16.3115	10.695	7.28002	5.1447	3.75106	2.80752	2.14855	1.67592	1.32907	1.06938	0.871505	0.71836	0.598179	0.502684	0.425947	
0	0.49581	0.589999	0.708538	0.859589	1.05476	1.3109	1.65301	2.11917	2.76913	3.69976	5.07435	7.18047	10.5488	16.0885	10.5488	7.18047	5.07435	3.69976	2.76913	2.11917	1.65301	1.3109	1.05476	0.859589	0.708538	0.589999	0.49581	0.420122	
0	0.48903	0.581931	0.698848	0.847833	1.04034	1.29297	1.6304	2.09019	2.73127	3.64917	5.00496	7.08227	10.4045	15.8685	10.4045	7.08227	5.00496	3.64917	2.73127	2.09019	1.6304	1.29297	1.04034	0.847833	0.698848	0.581931	0.48903	0.414377	
0	0.482341	0.573972	0.68929	0.836238	1.02611	1.27529	1.6081	2.06161	2.69391	3.59926	4.93651	6.98541	10.2622	15.6515	10.2622	6.98541	4.93651	3.59926	2.69391	2.06161	1.6081	1.27529	1.02611	0.836238	0.68929	0.573972	0.482341	0.40871	
0	0.475744	0.566121	0.679862	0.8248	1.01207	1.25785	1.58611	2.03341	2.65706	3.55003	4.86899	6.88987	10.1218	15.4374	10.1218	6.88987	4.86899	3.55003	2.65706	2.03341	1.58611	1.25785	1.01207	0.8248	0.679862	0.566121	0.475744	0.403119	
0	0.469236	0.558377	0.670562	0.813517	0.998229	1.24064	1.56441	2.00559	2.62072	3.50147	4.80238	6.79561	9.98338	15.2262	9.98338	6.79561	4.80238	3.50147	2.62072	2.00559	1.56441	1.24064	0.998229	0.813517	0.670562	0.558377	0.469236	0.397605	
0	0.462816	0.550738	0.661388	0.802387	0.984572	1.22367	1.54301	1.97815	2.58486	3.45356	4.73668	6.70264	9.8468	15.0179	9.8468	6.70264	4.73668	3.45356	2.58486	1.97815	1.54301	1.22367	0.984572	0.802387	0.661388	0.550738	0.462816	0.392165	
0	0.456484	0.543202	0.652338	0.791409	0.971101	1.20692	1.5219	1.95109	2.54949	3.40631	4.67187	6.61094	9.71207	14.8124	9.71207	6.61094	4.67187	3.40631	2.54949	1.95109	1.5219	1.20692	0.971101	0.791409	0.652338	0.543202	0.456484	0.386799	
0	0.450237	0.535769	0.643412	0.780579	0.957812	1.19041	1.50107	1.92439	2.51461	3.3597	4.60794	6.52047	9.57917	14.6097	9.57917	6.52047	4.60794	3.3597	2.51461	1.92439	1.50107	1.19041	0.957812	0.780579	0.643412	0.535769	0.450237	0.381506	
0	0.444076	0.528437	0.634607	0.769897	0.944704	1.17412	1.48053	1.89805	2.48019	3.31372	4.54488	6.43124	9.44808	14.4098	9.44808	6.43124	4.54488	3.31372	2.48019	1.89805	1.48053	1.17412	0.944704	0.769897	0.634607	0.528437	0.444076	0.376285	
0	0.437998	0.521205	0.625921	0.759359	0.931774	1.15805	1.46027	1.87208	2.44625	3.26837	4.48268	6.34322	9.31877	14.2126	9.31877	6.34322	4.48268	3.26837	2.44625	1.87208	1.46027	1.15805	0.931774	0.759359	0.625921	0.521205	0.437998	0.371135	
0	0.432003	0.51407	0.617353	0.748965	0.91902	1.1422	1.44028	1.84645	2.41276	3.22363	4.42132	6.25639	9.19121	14.018	9.19121	6.25639	4.42132	3.22363	2.41276	1.84645	1.44028	1.1422	0.91902	0.748965	0.617353	0.51407	0.432003	0.366055	
0	0.426089	0.507033	0.608902	0.738712	0.906439	1.12656	1.42056	1.82117	2.37974	3.1795	4.36079	6.17074	9.06539	13.8261	9.06539	6.17074	4.36079	3.1795	2.37974	1.82117	1.42056	1.12656	0.906439	0.738712	0.608902	0.507033	0.426089	0.361044	
0	0.420255	0.500091	0.600566	0.728599	0.894029	1.11114	1.40111	1.79624	2.34715	3.13597	4.30109	6.08626	8.94128	13.6368	8.94128	6.08626	4.30109	3.13597	2.34715	1.79624	1.40111	1.11114	0.894029	0.728599	0.600566	0.500091	0.420255	0.356101	
0	0.414501	0.493244	0.592343	0.718622	0.881788	1.09592	1.38193	1.77165	2.31502	3.09303	4.2422	6.00293	8.81885	13.4501	8.81885	6.00293	4.2422	3.09303	2.31502	1.77165	1.38193	1.09592	0.881788	0.718622	0.592343	0.493244	0.414501	0.351225	
0	0.408825	0.48649	0.584231	0.708782	0.869713	1.08091	1.363	1.74739	2.28332	3.05068	4.1841	5.92072	8.69809	13.2659	8.69809	5.92072	4.1841	3.05068	2.28332	1.74739	1.363	1.08091	0.869713	0.708782	0.584231	0.48649	0.408825	0.346416	
0	0.403226	0.479827	0.57623	0.699075	0.857802	1.06611	1.34434	1.72345	2.25204	3.0089	4.1268	5.83964	8.57896	13.0843	8.57896	5.83964	4.1268	3.0089	2.25204	1.72345	1.34434	1.06611	0.857802	0.699075	0.57623	0.479827	0.403226	0.341672	
0	0.397703	0.473255	0.568338	0.6895	0.846053	1.05151	1.32592	1.69985	2.2212	2.96768	4.07028	5.75966	8.46146	12.905	8.46146	5.75966	4.07028	2.96768	2.2212	1.69985	1.32592	1.05151	0.846053	0.6895	0.568338	0.473255	0.397703	0.336992	
0	0.392255	0.466772	0.560553	0.680055	0.834464	1.03711	1.30776	1.67656	2.19077	2.92703	4.01452	5.68076	8.34556	12.7283	8.34556	5.68076	4.01452	2.92703	2.19077	1.67656	1.30776	1.03711	0.834464	0.680055	0.560553	0.466772	0.392255	0.332376	
0	0.386882	0.460378	0.552873	0.670739	0.823032	1.0229	1.28985	1.6536	2.16076	2.88693	3.95953	5.60294	8.23123	12.5539	8.23123	5.60294	3.95953	2.88693	2.16076	1.6536	1.28985	1.0229	0.823032	0.670739	0.552873	0.460378	0.386882	0.327822	
0	0.381581	0.45407	0.545299	0.661549	0.811756	1.00888	1.27217	1.63094	2.13116	2.84738	3.90528	5.52617	8.11845	12.3819	8.11845	5.52617	3.90528	2.84738	2.13116	1.63094	1.27217	1.00888	0.811756	0.661549	0.545299	0.45407	0.381581	0.323331	
0	0.376353	0.447849	0.537827	0.652485	0.800633	0.995059	1.25474	1.60859	2.10196	2.80837	3.85177	5.45045	8.00721	12.2122	8.00721	5.45045	3.85177	2.80837	2.10196	1.60859	1.25474	0.995059	0.800633	0.652485	0.537827	0.447849	0.376353	0.318901	
0	0.371195	0.441711	0.530457	0.643543	0.789662	0.981423	1.23755	1.58655	2.07315	2.76988	3.79899	5.37576	7.89749	12.0449	7.89749	5.37576	3.79899	2.76988	2.07315	1.58655	1.23755	0.981423	0.789662	0.643543	0.530457	0.441711	0.371195	0.314531	
0	0.366108	0.435658	0.523187	0.634724	0.77884	0.967973	1.22059	1.56481	2.04474	2.73192	3.74692	5.30209	7.78925	11.8798	7.78925	5.30209	3.74692	2.73192	2.04474	1.56481	1.22059	0.967973	0.77884	0.634724	0.523187	0.435658	0.366108	0.31022	
0	0.36109	0.429687	0.516016	0.626024	0.768165	0.954706	1.20386	1.54336	2.01671	2.69448	3.69556	5.22941	7.68249	11.717	7.68249	5.22941	3.69556	2.69448	2.01671	1.54336	1.20386	0.954706	0.768165	0.626024	0.516016	0.429687	0.36109	0.305968	
0	0.35614	0.423796	0.508942	0.617442	0.757635	0.941619	1.18736	1.5222	1.98907	2.65754	3.64491	5.15773	7.57718	11.5564	7.57718	5.15773	3.64491	2.65754	1.98907	1.5222	1.18736	0.941619	0.757635	0.617442	0.508942	0.423796	0.35614	0.301774	
0	0.351258	0.417987	0.501965	0.608978	0.747248	0.92871	1.17108	1.50133	1.9618	2.62111	3.59494	5.08702	7.4733	11.398	7.4733	5.08702	3.59494	2.62111	1.9618	1.50133	1.17108	0.92871	0.747248	0.608978	0.501965	0.417987	0.351258	0.297637	
0	0.346442	0.412256	0.495083	0.600628	0.737003	0.915977	1.15502	1.48075	1.9349	2.58517	3.54565	5.01728	7.37084	11.2417	7.37084	5.01728	3.54565	2.58517	1.9349	1.48075	1.15502	0.915977	0.737003	0.600628	0.495083	0.412256	0.346442	0.293556	
0	0.341692	0.406603	0.488294	0.592393	0.726897	0.903417	1.13918	1.46045	1.90837	2.54972	3.49703	4.94848	7.26977	11.0875	7.26977	4.94848	3.49703	2.54972	1.90837	1.46045	1.13918	0.903417	0.726897	0.592393	0.488294	0.406603	0.341692	0.289531	
0	0.337006	0.401027	0.481598	0.584269	0.716929	0.891028	1.12356	1.44042	1.8822	2.51476	3.44907	4.88062	7.17008	10.9355	7.17008	4.88062	3.44907	2.51476	1.8822	1.44042	1.12356	0.891028	0.716929	0.584269	0.481598	0.401027	0.337006	0.28556	
0	0.332384	0.395527	0.474993	0.576256	0.707096	0.878808	1.10815	1.42066	1.85639	2.48027	3.40177	4.81368	7.07174	10.7855	7.07174	4.81368	3.40177	2.48027	1.85639	1.42066	1.10815	0.878808	0.707096	0.576256	0.474993	0.395527	0.332384	0.281644	
0	0.327825	0.390102	0.468478	0.568352	0.697398	0.866754	1.09295	1.40118	1.83092	2.44625	3.35511	4.74766	6.97474	10.6376	6.97474	4.74766	3.35511	2.44625	1.83092	1.40118	1.09295	0.866754	0.697398	0.568352	0.468478	0.390102	0.327825	0.277781	
0	0.323328	0.384751	0.462052	0.560555	0.687831	0.854864	1.07796	1.38196	1.80581	2.41269	3.30909	4.68253	6.87907	10.4917	6.87907	4.68253	3.30909	2.41269	1.80581	1.38196	1.07796	0.854864	0.687831	0.560555	0.462052	0.384751	0.323328	0.27397	
0	0.318892	0.379472	0.455713	0.552865	0.678395	0.843136	1.06317	1.363	1.78104	2.37959	3.26369	4.61829	6.78469	10.3477	6.78469	4.61829	3.26369	2.37959	1.78104	1.363	1.06317	0.843136	0.678395	0.552865	0.455713	0.379472	0.318892	0.270212	
0	0.314517	0.374266	0.44946	0.54528	0.669087	0.831568	1.04858	1.3443	1.7566	2.34694	3.21891	4.55493	6.69161	10.2057	6.69161	4.55493	3.21891	2.34694	1.7566	1.3443	1.04858	0.831568	0.669087	0.54528	0.44946	0.374266	0.314517	0.266504	
0	0.310201	0.36913	0.443293	0.537797	0.659906	0.820158	1.0342	1.32585	1.7325	2.31474	3.17474	4.49243	6.59978	10.0657	6.59978	4.49243	3.17474	2.31474	1.7325	1.32585	1.0342	0.820158	0.659906	0.537797	0.443293	0.36913	0.310201	0.262847	
0	0.305944	0.364065	0.43721	0.530417	0.65085	0.808903	1.02	1.30766	1.70872	2.28297	3.13118	4.43078	6.50922	9.92757	6.50922	4.43078	3.13118	2.28297	1.70872	1.30766	1.02	0.808903	0.65085	0.530417	0.43721	0.364065	0.305944	0.25924	
0	0.301745	0.359068	0.431209	0.523137	0.641917	0.797801	1.00601	1.28971	1.68527	2.25164	3.0882	4.36997	6.41988	9.79132	6.41988	4.36997	3.0882	2.25164	1.68527	1.28971	1.00601	0.797801	0.641917	0.523137	0.431209	0.359068	0.301745	0.255682	
0	0.297604	0.354139	0.42529	0.515957	0.633107	0.78685	0.992197	1.27201	1.66214	2.22074	3.04581	4.30998	6.33176	9.65693	6.33176	4.30998	3.04581	2.22074	1.66214	1.27201	0.992197	0.78685	0.633107	0.515957	0.42529	0.354139	0.297604	0.252173	
0	0.293518	0.349278	0.419452	0.508874	0.624416	0.776049	0.978577	1.25455	1.63932	2.19025	3.004	4.25082	6.24484	9.52436	6.24484	4.25082	3.004	2.19025	1.63932	1.25455	0.978577	0.776049	0.624416	0.508874	0.419452	0.349278	0.293518	0.248711	
0	0.289489	0.344483	0.413694	0.501888	0.615843	0.765395	0.965142	1.23732	1.61681	2.16018	2.96276	4.19246	6.15911	9.39361	6.15911	4.19246	2.96276	2.16018	1.61681	1.23732	0.965142	0.765395	0.615843	0.501888	0.413694	0.344483	0.289489	0.245297	
0	0.285514	0.339753	0.408014	0.494997	0.607388	0.754886	0.951891	1.22033	1.59462	2.13052	2.92208	4.1349	6.07454	9.26463	6.07454	4.1349	2.92208	2.13052	1.59462	1.22033	0.951891	0.754886	0.607388	0.494997	0.408014	0.339753	0.285514	0.241929	
0	0.281593	0.335088	0.402411	0.4882	0.599048	0.74452	0.93882	1.20358	1.57272	2.10127	2.88196	4.07812	5.99113	9.13742	5.99113	4.07812	2.88196	2.10127	1.57272	1.20358	0.93882	0.74452	0.599048	0.4882	0.402411	0.335088	0.281593	0.238607	
0	0.277726	0.330486	0.396885	0.481496	0.590821	0.734296	0.925927	1.18705	1.55112	2.07241	2.84238	4.02212	5.90886	9.01194	5.90886	4.02212	2.84238	2.07241	1.55112	1.18705	0.925927	0.734296	0.590821	0.481496	0.396885	0.330486	0.277726	0.23533	
0	0.273912	0.325947	0.391434	0.474883	0.582706	0.724211	0.91321	1.17075	1.52982	2.04395	2.80334	3.96688	5.8277	8.88816	5.8277	3.96688	2.80334	2.04395	1.52982	1.17075	0.91321	0.724211	0.582706	0.474883	0.391434	0.325947	0.273912	0.232098	
0	0.27015	0.32147	0.386057	0.46836	0.574703	0.714263	0.900667	1.15466	1.5088	2.01587	2.76484	3.91239	5.74766	8.76608	5.74766	3.91239	2.76484	2.01587	1.5088	1.15466	0.900667	0.714263	0.574703	0.46836	0.386057	0.32147	0.27015	0.22891	
0	0.266439	0.317054	0.380754	0.461926	0.566808	0.704452	0.888294	1.1388	1.48808	1.98818	2.72686	3.85864	5.6687	8.64566	5.6687	3.85864	2.72686	1.98818	1.48808	1.1388	0.888294	0.704452	0.566808	0.461926	0.380754	0.317054	0.266439	0.225765	
0	0.262778	0.312698	0.375523	0.45558	0.559021	0.694774	0.876091	1.12316	1.46763	1.96087	2.6894	3.80563	5.59082	8.52688	5.59082	3.80563	2.6894	1.96087	1.46763	1.12316	0.876091	0.694774	0.559021	0.45558	0.375523	0.312698	0.262778	0.222664	
0	0.259168	0.308402	0.370364	0.449321	0.55134	0.685228	0.864053	1.10773	1.44747	1.93393	2.65244	3.75334	5.51401	8.40973	5.51401	3.75334	2.65244	1.93393	1.44747	1.10773	0.864053	0.685228	0.55134	0.449321	0.370364	0.308402	0.259168	0.219605	
0	0.255606	0.304164	0.365275	0.443146	0.543764	0.675812	0.85218	1.0925	1.42758	1.90735	2.616	3.70177	5.43824	8.29417	5.43824	3.70177	2.616	1.90735	1.42758	1.0925	0.85218	0.675812	0.543764	0.443146	0.365275	0.304164	0.255606	0.216587	
0	0.252094	0.299984	0.360255	0.437056	0.536292	0.666525	0.840469	1.07749	1.40796	1.88114	2.58005	3.6509	5.3635	8.18019	5.3635	3.6509	2.58005	1.88114	1.40796	1.07749	0.840469	0.666525	0.536292	0.437056	0.360255	0.299984	0.252094	0.21361	
0	0.248629	0.295861	0.355303	0.43105	0.528921	0.657364	0.828918	1.06268	1.38861	1.85529	2.54459	3.60072	5.28979	8.06776	5.28979	3.60072	2.54459	1.85529	1.38861	1.06268	0.828918	0.657364	0.528921	0.43105	0.355303	0.295861	0.248629	0.210675	
0	0.245212	0.291795	0.35042	0.425125	0.521651	0.648328	0.817525	1.04808	1.36952	1.82978	2.50961	3.55123	5.21708	7.95687	5.21708	3.55123	2.50961	1.82978	1.36952	1.04808	0.817525	0.648328	0.521651	0.425125	0.35042	0.291795	0.245212	0.207779	
0	0.241841	0.287783	0.345603	0.419281	0.51448	0.639416	0.806286	1.03367	1.3507	1.80463	2.47511	3.50241	5.14536	7.84749	5.14536	3.50241	2.47511	1.80463	1.3507	1.03367	0.806286	0.639416	0.51448	0.419281	0.345603	0.287783	0.241841	0.204923	
0	0.238516	0.283827	0.340851	0.413517	0.507407	0.630626	0.795202	1.01946	1.33213	1.77982	2.44108	3.45426	5.07463	7.7396	5.07463	3.45426	2.44108	1.77982	1.33213	1.01946	0.795202	0.630626	0.507407	0.413517	0.340851	0.283827	0.238516	0.202105	
0	0.235237	0.279925	0.336165	0.407831	0.50043	0.621955	0.784268	1.00544	1.31381	1.75535	2.40752	3.40677	5.00485	7.63319	5.00485	3.40677	2.40752	1.75535	1.31381	1.00544	0.784268	0.621955	0.50043	0.407831	0.336165	0.279925	0.235237	0.199327	
0	0.232002	0.276075	0.331542	0.402223	0.493549	0.613403	0.773484	0.991615	1.29575	1.73121	2.37442	3.35992	4.93603	7.52823	4.93603	3.35992	2.37442	1.73121	1.29575	0.991615	0.773484	0.613403	0.493549	0.402223	0.331542	0.276075	0.232002	0.196586	
0	0.228811	0.272279	0.326983	0.396692	0.486762	0.604967	0.762847	0.977978	1.27793	1.7074	2.34176	3.31372	4.86815	7.4247	4.86815	3.31372	2.34176	1.7074	1.27793	0.977978	0.762847	0.604967	0.486762	0.396692	0.326983	0.272279	0.228811	0.193882	
0	0.225664	0.268534	0.322486	0.391236	0.480067	0.596647	0.752355	0.964528	1.26035	1.68392	2.30956	3.26814	4.8012	7.32258	4.8012	3.26814	2.30956	1.68392	1.26035	0.964528	0.752355	0.596647	0.480067	0.391236	0.322486	0.268534	0.225664	0.191216	
0	0.222561	0.26484	0.31805	0.385854	0.473464	0.58844	0.742007	0.951261	1.24302	1.66076	2.27779	3.22319	4.73516	7.22186	4.73516	3.22319	2.27779	1.66076	1.24302	0.951261	0.742007	0.58844	0.473464	0.385854	0.31805	0.26484	0.222561	0.188586	
0	0.219499	0.261197	0.313675	0.380547	0.466951	0.580345	0.7318	0.938175	1.22592	1.63791	2.24645	3.17885	4.67002	7.12252	4.67002	3.17885	2.24645	1.63791	1.22592	0.938175	0.7318	0.580345	0.466951	0.380547	0.313675	0.261197	0.219499	0.185991	
0	0.216479	0.257604	0.30936	0.375311	0.460527	0.572361	0.721732	0.925268	1.20905	1.61538	2.21555	3.13512	4.60577	7.02453	4.60577	3.13512	2.21555	1.61538	1.20905	0.925268	0.721732	0.572361	0.460527	0.375311	0.30936	0.257604	0.216479	0.183433	
0	0.213501	0.25406	0.305103	0.370147	0.454191	0.564486	0.711802	0.912538	1.19242	1.59316	2.18507	3.09198	4.5424	6.92788	4.5424	3.09198	2.18507	1.59316	1.19242	0.912538	0.711802	0.564486	0.454191	0.370147	0.305103	0.25406	0.213501	0.180909	
0	0.210563	0.250564	0.300905	0.365054	0.447941	0.556719	0.702007	0.899981	1.17601	1.57123	2.155	3.04943	4.4799	6.83255	4.4799	3.04943	2.155	1.57123	1.17601	0.899981	0.702007	0.556719	0.447941	0.365054	0.300905	0.250564	0.210563	0.178419	
0	0.207665	0.247116	0.296764	0.36003	0.441776	0.549057	0.692346	0.887596	1.15982	1.54961	2.12534	3.00747	4.41825	6.73853	4.41825	3.00747	2.12534	1.54961	1.15982	0.887596	0.692346	0.549057	0.441776	0.36003	0.296764	0.247116	0.207665	0.175964	
0	0.204807	0.243714	0.29268	0.355075	0.435696	0.541501	0.682818	0.87538	1.14386	1.52828	2.09609	2.96608	4.35744	6.64579	4.35744	2.96608	2.09609	1.52828	1.14386	0.87538	0.682818	0.541501	0.435696	0.355075	0.29268	0.243714	0.204807	0.173542	
0	0.201988	0.24036	0.288651	0.350188	0.429699	0.534047	0.673419	0.863331	1.12812	1.50725	2.06724	2.92525	4.29746	6.55431	4.29746	2.92525	2.06724	1.50725	1.12812	0.863331	0.673419	0.534047	0.429699	0.350188	0.288651	0.24036	0.201988	0.171154	
0	0.199208	0.237051	0.284678	0.345367	0.423784	0.526696	0.664149	0.851447	1.11259	1.4865	2.03878	2.88498	4.23831	6.46409	4.23831	2.88498	2.03878	1.4865	1.11259	0.851447	0.664149	0.526696	0.423784	0.345367	0.284678	0.237051	0.199208	0.168798	
0	0.196465	0.233788	0.280759	0.340613	0.41795	0.519445	0.655006	0.839725	1.09727	1.46603	2.01072	2.84527	4.17996	6.3751	4.17996	2.84527	2.01072	1.46603	1.09727	0.839725	0.655006	0.519445	0.41795	0.340613	0.280759	0.233788	0.196465	0.166474	
0	0.19376	0.230569	0.276893	0.335923	0.412195	0.512293	0.645988	0.828163	1.08216	1.44585	1.98303	2.80609	4.12241	6.28732	4.12241	2.80609	1.98303	1.44585	1.08216	0.828163	0.645988	0.512293	0.412195	0.335923	0.276893	0.230569	0.19376	0.164182	
0	0.191092	0.227394	0.27308	0.331297	0.40652	0.505239	0.637092	0.81676	1.06726	1.42594	1.95573	2.76745	4.06564	6.20075	4.06564	2.76745	1.95573	1.42594	1.06726	0.81676	0.637092	0.505239	0.40652	0.331297	0.27308	0.227394	0.191092	0.161921	
0	0.188461	0.224263	0.26932	0.326735	0.400921	0.498281	0.628319	0.805512	1.05257	1.4063	1.92879	2.72934	4.00965	6.11536	4.00965	2.72934	1.92879	1.4063	1.05257	0.805512	0.628319	0.498281	0.400921	0.326735	0.26932	0.224263	0.188461	0.159691	
0	0.185865	0.221174	0.26561	0.322235	0.3954	0.491419	0.619666	0.794418	1.03807	1.38694	1.90223	2.69175	3.95443	6.03114	3.95443	2.69175	1.90223	1.38694	1.03807	0.794418	0.619666	0.491419	0.3954	0.322235	0.26561	0.221174	0.185865	0.157492	
0	0.183305	0.218128	0.261952	0.317797	0.389954	0.48465	0.61113	0.783476	1.02377	1.36783	1.87603	2.65468	3.89996	5.94806	3.89996	2.65468	1.87603	1.36783	1.02377	0.783476	0.61113	0.48465	0.389954	0.317797	0.261952	0.218128	0.183305	0.155323	
0	0.18078	0.215123	0.258344	0.313419	0.384582	0.477974	0.602712	0.772684	1.00967	1.34899	1.85019	2.61811	3.84624	5.86613	3.84624	2.61811	1.85019	1.34899	1.00967	0.772684	0.602712	0.477974	0.384582	0.313419	0.258344	0.215123	0.18078	0.153183	
0	0.178289	0.212159	0.254785	0.309101	0.379284	0.471389	0.594409	0.762039	0.995759	1.33041	1.8247	2.58204	3.79325	5.78531	3.79325	2.58204	1.8247	1.33041	0.995759	0.762039	0.594409	0.471389	0.379284	0.309101	0.254785	0.212159	0.178289	0.151073	
0	0.175833	0.209236	0.251274	0.304843	0.374058	0.464894	0.586219	0.75154	0.98204	1.31208	1.79956	2.54647	3.74099	5.70561	3.74099	2.54647	1.79956	1.31208	0.98204	0.75154	0.586219	0.464894	0.374058	0.304843	0.251274	0.209236	0.175833	0.148991	
0	0.17341	0.206353	0.247812	0.300642	0.368904	0.458489	0.578142	0.741184	0.968508	1.294	1.77476	2.51138	3.68944	5.62699	3.68944	2.51138	1.77476	1.294	0.968508	0.741184	0.578142	0.458489	0.368904	0.300642	0.247812	0.206353	0.17341	0.146938	
